ticket_id,created_at,category,channel,customer_tier,agent,priority,first_response_min,resolution_hours,sla_target_hours,sla_breached,escalated,csat_score,resolution_outcome
TCK-100075,2024-07-01 00:10:00,Bug/Error,Portal,Free,Agent_06,Medium,20.4,8.22,72,False,True,3,Resolved - Escalated
TCK-102877,2024-07-01 06:51:00,Account Setup,Email,Enterprise,Agent_02,Low,115.7,5.53,120,False,False,4,Resolved
TCK-100707,2024-07-01 08:54:00,Performance/Slowness,Phone,Pro,Agent_10,Medium,1.0,48.13,72,False,False,5,Resolved
TCK-102914,2024-07-01 09:06:00,Integration/API,Portal,Pro,Agent_05,Critical,30.2,3.04,4,False,True,3,Resolved - Escalated
TCK-103261,2024-07-01 09:34:00,Billing/Invoicing,Email,Basic,Agent_05,Medium,7.3,4.52,72,False,False,5,Resolved
TCK-101330,2024-07-01 12:11:00,Billing/Invoicing,Portal,Pro,Agent_03,Low,94.9,61.11,120,False,False,4,Resolved
TCK-103212,2024-07-01 16:58:00,Login/Authentication,Chat,Basic,Agent_12,High,11.5,1.29,24,False,False,3,Resolved
TCK-100440,2024-07-01 18:45:00,Billing/Invoicing,Email,Enterprise,Agent_09,Medium,63.9,2.74,72,False,True,2,Resolved - Escalated
TCK-103237,2024-07-01 18:59:00,Performance/Slowness,Email,Pro,Agent_10,Critical,17.8,1.13,4,False,False,5,Resolved
TCK-100866,2024-07-01 19:30:00,Performance/Slowness,Email,Free,Agent_02,High,14.1,15.61,24,False,False,4,Resolved
TCK-102069,2024-07-01 20:54:00,Performance/Slowness,Email,Enterprise,Agent_08,High,148.8,0.61,24,False,False,3,Resolved
TCK-103411,2024-07-02 00:00:00,Integration/API,Phone,Enterprise,Agent_04,Medium,4.9,4.62,72,False,True,3,Resolved - Escalated
TCK-103676,2024-07-02 00:00:00,Login/Authentication,Email,Pro,Agent_02,High,63.0,0.89,24,False,True,3,Unresolved - Pending Engineering
TCK-102264,2024-07-02 00:30:00,Integration/API,Phone,Basic,Agent_06,Low,1.0,14.66,120,False,False,5,Resolved
TCK-100773,2024-07-02 03:56:00,Login/Authentication,Portal,Free,Agent_11,Critical,42.7,0.23,4,False,False,3,Resolved
TCK-102350,2024-07-02 05:14:00,Account Setup,Chat,Basic,Agent_08,Low,14.3,1.21,120,False,False,4,Resolved
TCK-102770,2024-07-02 08:28:00,Bug/Error,Email,Enterprise,Agent_02,Medium,28.0,2.27,72,False,False,4,Resolved - Workaround
TCK-102686,2024-07-02 09:29:00,Login/Authentication,Chat,Pro,Agent_08,High,4.8,0.63,24,False,False,3,Resolved - Workaround
TCK-100427,2024-07-02 11:47:00,Performance/Slowness,Chat,Enterprise,Agent_07,High,11.7,5.97,24,False,False,3,Resolved
TCK-101486,2024-07-02 11:59:00,Integration/API,Portal,Basic,Agent_09,Low,84.7,5.57,120,False,True,2,Resolved - Escalated
TCK-103029,2024-07-02 13:14:00,Account Setup,Phone,Basic,Agent_03,Medium,9.2,3.19,72,False,False,4,Resolved
TCK-102985,2024-07-02 13:33:00,Billing/Invoicing,Portal,Pro,Agent_05,Critical,20.2,2.49,4,False,False,4,Resolved
TCK-101604,2024-07-02 14:25:00,Bug/Error,Email,Free,Agent_04,Critical,1.0,1.02,4,False,True,3,Resolved - Escalated
TCK-102683,2024-07-02 15:35:00,Data Export/Import,Email,Free,Agent_10,High,54.1,0.71,24,False,False,4,Resolved
TCK-101581,2024-07-02 18:28:00,Billing/Invoicing,Portal,Free,Agent_06,High,56.1,1.77,24,False,True,3,Unresolved - Pending Engineering
TCK-102302,2024-07-02 19:32:00,Login/Authentication,Chat,Free,Agent_03,Critical,4.8,6.03,4,True,False,3,Resolved - Workaround
TCK-102650,2024-07-02 19:41:00,Bug/Error,Email,Free,Agent_11,High,12.1,8.51,24,False,True,3,Resolved - Escalated
TCK-103924,2024-07-03 00:00:00,Data Export/Import,Chat,Basic,Agent_09,Low,13.2,5.21,120,False,False,4,Resolved
TCK-103465,2024-07-03 00:00:00,Bug/Error,Email,Free,Agent_08,Low,51.0,2.38,120,False,True,4,Resolved - Escalated
TCK-101388,2024-07-03 01:12:00,Login/Authentication,Email,Pro,Agent_04,High,19.6,0.28,24,False,False,4,Resolved
TCK-102977,2024-07-03 01:43:00,Login/Authentication,Email,Pro,Agent_08,Medium,141.9,4.14,72,False,True,3,Resolved - Escalated
TCK-101339,2024-07-03 04:38:00,Account Setup,Email,Pro,Agent_10,Medium,99.9,7.25,72,False,False,4,Resolved
TCK-101925,2024-07-03 05:19:00,Bug/Error,Email,Pro,Agent_02,High,43.9,2.61,24,False,False,4,Resolved - Workaround
TCK-100142,2024-07-03 06:04:00,Data Export/Import,Email,Basic,Agent_08,Low,272.4,11.54,120,False,False,5,Resolved
TCK-101385,2024-07-03 06:39:00,Billing/Invoicing,Email,Basic,Agent_12,Low,1.0,4.44,120,False,False,3,Resolved
TCK-100597,2024-07-03 10:04:00,Billing/Invoicing,Chat,Basic,Agent_11,High,4.4,13.05,24,False,False,4,Resolved
TCK-100708,2024-07-03 22:00:00,Integration/API,Chat,Pro,Agent_09,Medium,3.2,0.67,72,False,True,2,Resolved - Escalated
TCK-103106,2024-07-03 23:24:00,Login/Authentication,Email,Pro,Agent_01,High,1.0,0.83,24,False,False,4,Resolved - Workaround
TCK-103137,2024-07-03 23:27:00,Performance/Slowness,Email,Free,Agent_02,High,33.5,55.45,24,True,False,4,Resolved
TCK-103882,2024-07-04 00:00:00,Login/Authentication,Email,Pro,Agent_04,High,2.7,2.44,24,False,False,4,Resolved
TCK-103643,2024-07-04 00:00:00,Data Export/Import,Chat,Pro,Agent_10,Medium,1.0,4.07,72,False,False,4,Resolved - Workaround
TCK-103527,2024-07-04 00:00:00,Integration/API,Phone,Free,Agent_10,Medium,3.3,27.02,72,False,False,3,Resolved
TCK-101551,2024-07-04 00:37:00,Integration/API,Email,Free,Agent_04,Medium,11.1,2.3,72,False,False,3,Resolved
TCK-101636,2024-07-04 01:14:00,Bug/Error,Chat,Free,Agent_02,Low,1.0,6.23,120,False,False,3,Resolved
TCK-101507,2024-07-04 01:30:00,Login/Authentication,Portal,Free,Agent_02,High,76.1,0.22,24,False,True,3,Resolved - Escalated
TCK-100410,2024-07-04 08:21:00,Bug/Error,Portal,Pro,Agent_10,High,59.5,4.16,24,False,False,4,Resolved
TCK-100884,2024-07-04 09:02:00,Data Export/Import,Portal,Enterprise,Agent_12,Medium,106.5,3.13,72,False,False,5,Resolved
TCK-101752,2024-07-04 15:57:00,Bug/Error,Email,Enterprise,Agent_09,Medium,13.3,4.62,72,False,False,3,Resolved
TCK-102404,2024-07-04 19:31:00,Login/Authentication,Portal,Pro,Agent_07,High,7.6,0.36,24,False,False,5,Resolved
TCK-100590,2024-07-05 02:08:00,Billing/Invoicing,Portal,Free,Agent_02,Medium,190.7,0.71,72,False,False,4,Resolved
TCK-101614,2024-07-05 02:12:00,Login/Authentication,Portal,Pro,Agent_04,High,47.7,2.37,24,False,True,3,Unresolved - Pending Engineering
TCK-103272,2024-07-05 04:19:00,Data Export/Import,Email,Free,Agent_07,High,30.4,0.58,24,False,False,5,Resolved
TCK-100624,2024-07-05 06:39:00,Login/Authentication,Email,Basic,Agent_05,Medium,14.1,1.48,72,False,False,4,Resolved
TCK-101054,2024-07-05 08:18:00,Billing/Invoicing,Chat,Free,Agent_09,Low,7.1,4.11,120,False,False,5,Resolved - Workaround
TCK-103279,2024-07-05 08:28:00,Bug/Error,Email,Pro,Agent_10,Medium,124.3,11.46,72,False,False,4,Resolved
TCK-100374,2024-07-05 13:22:00,Performance/Slowness,Email,Free,Agent_09,Medium,49.6,4.63,72,False,False,4,Resolved - Workaround
TCK-101396,2024-07-05 20:53:00,Login/Authentication,Phone,Basic,Agent_04,High,1.3,0.2,24,False,False,4,Resolved
TCK-103008,2024-07-05 21:45:00,Login/Authentication,Portal,Enterprise,Agent_09,High,20.1,0.71,24,False,False,4,Resolved
TCK-102412,2024-07-06 00:53:00,Login/Authentication,Chat,Free,Agent_07,Critical,1.3,0.26,4,False,False,5,Resolved
TCK-102838,2024-07-06 02:14:00,Performance/Slowness,Email,Free,Agent_05,High,49.7,0.1,24,False,False,2,Resolved
TCK-103002,2024-07-06 03:06:00,Data Export/Import,Email,Free,Agent_07,High,36.8,0.8,24,False,False,4,Resolved
TCK-102344,2024-07-06 09:12:00,Bug/Error,Portal,Free,Agent_09,Medium,63.8,6.68,72,False,True,3,Resolved - Escalated
TCK-101153,2024-07-06 11:37:00,Account Setup,Portal,Basic,Agent_05,High,88.1,2.52,24,False,False,5,Resolved - Workaround
TCK-100047,2024-07-06 12:46:00,Login/Authentication,Chat,Pro,Agent_12,Medium,2.0,6.06,72,False,False,3,Resolved
TCK-101679,2024-07-06 22:55:00,Account Setup,Portal,Enterprise,Agent_09,High,23.2,3.05,24,False,False,4,Resolved
TCK-102105,2024-07-06 23:47:00,Integration/API,Portal,Free,Agent_12,Medium,64.2,14.91,72,False,False,4,Resolved
TCK-102148,2024-07-07 02:54:00,Performance/Slowness,Portal,Free,Agent_07,Medium,52.0,5.27,72,False,True,2,Resolved - Escalated
TCK-101211,2024-07-07 14:19:00,Login/Authentication,Email,Free,Agent_09,High,95.3,11.98,24,False,False,4,Resolved
TCK-102854,2024-07-07 17:39:00,Bug/Error,Chat,Free,Agent_07,Low,51.1,42.6,120,False,False,4,Resolved
TCK-100974,2024-07-07 18:19:00,Bug/Error,Chat,Free,Agent_03,High,6.5,2.16,24,False,True,3,Resolved - Escalated
TCK-103406,2024-07-08 00:00:00,Bug/Error,Email,Free,Agent_04,Medium,7.8,10.25,72,False,True,2,Resolved - Escalated
TCK-103553,2024-07-08 00:00:00,Integration/API,Email,Free,Agent_12,Medium,86.7,14.47,72,False,True,2,Unresolved - Pending Engineering
TCK-103930,2024-07-08 00:00:00,Feature Request,Email,Basic,Agent_09,Low,1.0,26.88,120,False,False,3,Resolved
TCK-102266,2024-07-08 06:35:00,Feature Request,Email,Free,Agent_02,High,7.2,10.32,24,False,False,5,Resolved
TCK-103046,2024-07-08 08:16:00,Performance/Slowness,Portal,Free,Agent_04,Medium,48.0,31.79,72,False,False,4,Resolved
TCK-100811,2024-07-08 08:58:00,Bug/Error,Portal,Pro,Agent_03,Medium,167.6,19.58,72,False,False,4,Resolved
TCK-102313,2024-07-08 10:29:00,Bug/Error,Phone,Pro,Agent_07,Medium,1.2,6.92,72,False,True,3,Resolved - Escalated
TCK-101515,2024-07-08 12:39:00,Performance/Slowness,Email,Pro,Agent_01,Low,36.7,3.19,120,False,False,4,Resolved
TCK-102542,2024-07-08 12:55:00,Feature Request,Portal,Pro,Agent_12,Medium,52.6,8.69,72,False,False,4,Resolved - Workaround
TCK-100953,2024-07-08 14:58:00,Login/Authentication,Portal,Enterprise,Agent_05,High,12.9,0.3,24,False,False,5,Resolved
TCK-102999,2024-07-08 16:46:00,Bug/Error,Email,Basic,Agent_05,High,37.8,1.52,24,False,True,3,Resolved - Escalated
TCK-101809,2024-07-08 22:29:00,Bug/Error,Email,Pro,Agent_08,High,30.9,9.23,24,False,False,4,Resolved
TCK-103693,2024-07-09 00:00:00,Login/Authentication,Email,Free,Agent_04,High,33.1,8.38,24,False,False,3,Resolved - Workaround
TCK-103452,2024-07-09 00:00:00,Data Export/Import,Chat,Pro,Agent_11,High,1.0,2.19,24,False,False,4,Resolved
TCK-103331,2024-07-09 10:43:00,Login/Authentication,Portal,Pro,Agent_06,High,24.3,3.36,24,False,True,4,Resolved - Escalated
TCK-101579,2024-07-09 11:05:00,Bug/Error,Email,Basic,Agent_09,Critical,13.3,6.07,4,True,True,2,Resolved - Escalated
TCK-103117,2024-07-09 11:40:00,Billing/Invoicing,Email,Pro,Agent_05,High,8.3,3.71,24,False,False,4,Resolved
TCK-100197,2024-07-09 14:05:00,Integration/API,Email,Free,Agent_09,Low,1.0,6.31,120,False,False,4,Resolved
TCK-102422,2024-07-09 19:14:00,Integration/API,Email,Pro,Agent_05,Low,173.0,28.12,120,False,False,5,Resolved
TCK-101865,2024-07-09 23:55:00,Bug/Error,Email,Free,Agent_09,Low,130.0,11.25,120,False,False,4,Resolved
TCK-103652,2024-07-10 00:00:00,Bug/Error,Portal,Basic,Agent_07,High,10.7,5.65,24,False,True,3,Unresolved - Pending Engineering
TCK-101215,2024-07-10 01:57:00,Data Export/Import,Phone,Basic,Agent_10,Medium,3.8,1.07,72,False,False,4,Resolved
TCK-101577,2024-07-10 03:55:00,Billing/Invoicing,Portal,Pro,Agent_03,Medium,53.6,10.49,72,False,False,5,Resolved
TCK-103064,2024-07-10 05:51:00,Billing/Invoicing,Portal,Pro,Agent_04,Low,27.7,1.47,120,False,False,5,Resolved
TCK-102703,2024-07-10 07:49:00,Login/Authentication,Email,Basic,Agent_03,High,36.0,0.36,24,False,False,4,Resolved
TCK-101663,2024-07-10 07:55:00,Bug/Error,Email,Basic,Agent_03,High,7.3,25.19,24,True,False,4,Resolved
TCK-100236,2024-07-10 08:18:00,Billing/Invoicing,Chat,Basic,Agent_07,High,3.9,3.88,24,False,False,3,Resolved - Workaround
TCK-101596,2024-07-10 17:54:00,Bug/Error,Email,Pro,Agent_04,Medium,44.5,11.46,72,False,False,4,Resolved
TCK-102152,2024-07-10 19:48:00,Bug/Error,Chat,Pro,Agent_06,Medium,3.8,15.33,72,False,False,5,Resolved
TCK-103633,2024-07-11 00:00:00,Account Setup,Portal,Free,Agent_04,High,1.0,1.96,24,False,False,4,Resolved
TCK-103791,2024-07-11 00:00:00,Login/Authentication,Chat,Free,Agent_10,High,1.1,0.13,24,False,True,3,Unresolved - Pending Engineering
TCK-100776,2024-07-11 02:31:00,Login/Authentication,Email,Pro,Agent_06,Medium,162.1,0.81,72,False,False,4,Resolved
TCK-102674,2024-07-11 07:46:00,Data Export/Import,Chat,Free,Agent_12,Medium,6.5,11.91,72,False,False,5,Resolved
TCK-101435,2024-07-11 10:23:00,Integration/API,Chat,Enterprise,Agent_06,Medium,1.4,75.46,72,True,False,4,Resolved - Workaround
TCK-103092,2024-07-11 14:02:00,Feature Request,Chat,Pro,Agent_09,Medium,9.1,15.98,72,False,False,4,Resolved - Workaround
TCK-102761,2024-07-11 19:01:00,Bug/Error,Chat,Free,Agent_04,Low,1.0,128.51,120,True,False,3,Resolved
TCK-100979,2024-07-11 20:56:00,Login/Authentication,Email,Basic,Agent_01,Critical,15.1,3.06,4,False,False,4,Resolved
TCK-102837,2024-07-11 23:51:00,Billing/Invoicing,Email,Enterprise,Agent_01,High,34.7,1.58,24,False,False,4,Resolved - Workaround
TCK-103420,2024-07-12 00:00:00,Login/Authentication,Portal,Pro,Agent_09,Medium,20.1,0.33,72,False,False,4,Resolved - Workaround
TCK-103734,2024-07-12 00:00:00,Performance/Slowness,Phone,Basic,Agent_03,Medium,2.5,64.62,72,False,False,3,Resolved - Workaround
TCK-103015,2024-07-12 01:12:00,Integration/API,Email,Basic,Agent_12,Medium,83.3,5.8,72,False,True,4,Resolved - Escalated
TCK-101561,2024-07-12 05:24:00,Bug/Error,Phone,Basic,Agent_02,High,4.6,1.69,24,False,True,3,Resolved - Escalated
TCK-100815,2024-07-12 07:22:00,Account Setup,Phone,Pro,Agent_01,Low,1.5,3.11,120,False,False,4,Resolved
TCK-100156,2024-07-12 10:10:00,Billing/Invoicing,Chat,Pro,Agent_06,Medium,1.9,3.37,72,False,False,3,Resolved
TCK-102721,2024-07-12 11:21:00,Login/Authentication,Email,Pro,Agent_09,Medium,30.2,0.4,72,False,True,3,Unresolved - Pending Engineering
TCK-101309,2024-07-12 12:00:00,Data Export/Import,Email,Basic,Agent_05,Low,112.3,45.92,120,False,False,3,Resolved
TCK-100963,2024-07-12 12:47:00,Data Export/Import,Portal,Basic,Agent_01,Low,32.8,0.83,120,False,False,4,Resolved
TCK-103208,2024-07-12 15:09:00,Performance/Slowness,Phone,Basic,Agent_07,High,1.0,0.21,24,False,True,3,Resolved - Escalated
TCK-101723,2024-07-12 15:37:00,Login/Authentication,Email,Basic,Agent_05,Medium,198.6,0.72,72,False,False,4,Resolved
TCK-103170,2024-07-12 18:33:00,Billing/Invoicing,Portal,Basic,Agent_09,Medium,28.0,1.27,72,False,False,3,Resolved
TCK-101884,2024-07-13 04:43:00,Performance/Slowness,Chat,Basic,Agent_02,Medium,1.0,9.51,72,False,True,4,Unresolved - Pending Engineering
TCK-100525,2024-07-13 05:27:00,Bug/Error,Portal,Basic,Agent_11,Critical,11.8,4.52,4,True,False,3,Resolved
TCK-102600,2024-07-13 07:00:00,Account Setup,Chat,Free,Agent_11,Low,24.0,0.5,120,False,False,3,Resolved
TCK-100566,2024-07-13 12:38:00,Data Export/Import,Email,Pro,Agent_04,High,1.4,3.6,24,False,False,3,Resolved
TCK-102058,2024-07-13 17:56:00,Login/Authentication,Email,Free,Agent_08,Medium,1.0,1.14,72,False,False,3,Resolved - Workaround
TCK-101352,2024-07-13 18:35:00,Login/Authentication,Email,Free,Agent_11,Critical,4.7,1.65,4,False,False,3,Resolved
TCK-100956,2024-07-13 23:04:00,Login/Authentication,Portal,Pro,Agent_12,Medium,79.6,11.53,72,False,True,2,Resolved - Escalated
TCK-100122,2024-07-13 23:05:00,Billing/Invoicing,Email,Free,Agent_11,Low,12.4,1.37,120,False,True,3,Unresolved - Pending Engineering
TCK-102740,2024-07-14 00:06:00,Bug/Error,Chat,Basic,Agent_01,Low,25.4,3.04,120,False,False,5,Resolved
TCK-100382,2024-07-14 00:07:00,Login/Authentication,Chat,Free,Agent_08,Critical,1.0,0.1,4,False,False,4,Resolved
TCK-102335,2024-07-14 00:38:00,Integration/API,Email,Basic,Agent_09,Low,135.7,15.29,120,False,False,3,Resolved
TCK-102198,2024-07-14 03:03:00,Billing/Invoicing,Email,Basic,Agent_04,High,33.1,3.82,24,False,False,3,Resolved - Workaround
TCK-102878,2024-07-14 19:54:00,Performance/Slowness,Email,Pro,Agent_11,Medium,12.7,6.35,72,False,True,2,Resolved - Escalated
TCK-102421,2024-07-14 23:57:00,Bug/Error,Email,Pro,Agent_03,Medium,68.5,14.51,72,False,True,3,Resolved - Escalated
TCK-103915,2024-07-15 00:00:00,Login/Authentication,Email,Pro,Agent_12,Critical,32.6,20.65,4,True,True,2,Resolved - Escalated
TCK-103545,2024-07-15 00:00:00,Performance/Slowness,Email,Basic,Agent_02,Medium,2.3,6.81,72,False,False,5,Resolved
TCK-103671,2024-07-15 00:00:00,Data Export/Import,Chat,Pro,Agent_10,Low,12.4,7.9,120,False,False,4,Resolved
TCK-100428,2024-07-15 03:59:00,Bug/Error,Portal,Basic,Agent_08,Medium,22.8,22.72,72,False,False,5,Resolved
TCK-100845,2024-07-15 05:09:00,Integration/API,Email,Basic,Agent_12,Low,124.0,92.02,120,False,False,4,Resolved
TCK-101535,2024-07-15 06:21:00,Billing/Invoicing,Portal,Free,Agent_10,Medium,49.7,9.83,72,False,False,5,Resolved
TCK-102093,2024-07-15 11:25:00,Billing/Invoicing,Portal,Free,Agent_09,High,47.3,3.09,24,False,True,3,Resolved - Escalated
TCK-102891,2024-07-15 13:38:00,Billing/Invoicing,Email,Free,Agent_03,Medium,100.2,0.66,72,False,False,4,Resolved
TCK-102012,2024-07-15 15:25:00,Billing/Invoicing,Phone,Free,Agent_03,Low,2.6,2.03,120,False,False,5,Resolved
TCK-100240,2024-07-15 19:27:00,Login/Authentication,Portal,Basic,Agent_01,High,31.6,1.95,24,False,False,4,Resolved
TCK-100008,2024-07-15 19:42:00,Bug/Error,Chat,Basic,Agent_03,Medium,8.6,12.59,72,False,False,5,Resolved - Workaround
TCK-101686,2024-07-15 20:00:00,Login/Authentication,Email,Free,Agent_06,Medium,17.7,2.09,72,False,False,4,Resolved
TCK-102361,2024-07-15 20:17:00,Billing/Invoicing,Phone,Enterprise,Agent_07,Critical,1.0,1.43,4,False,False,4,Resolved
TCK-103493,2024-07-16 00:00:00,Data Export/Import,Chat,Pro,Agent_04,Critical,6.5,2.63,4,False,False,4,Resolved
TCK-103461,2024-07-16 00:00:00,Login/Authentication,Email,Pro,Agent_09,High,43.0,3.76,24,False,False,5,Resolved
TCK-103694,2024-07-16 00:00:00,Performance/Slowness,Portal,Pro,Agent_07,Critical,16.7,2.41,4,False,False,5,Resolved
TCK-103555,2024-07-16 00:00:00,Account Setup,Email,Pro,Agent_11,Low,11.2,5.23,120,False,False,5,Resolved
TCK-100212,2024-07-16 00:10:00,Billing/Invoicing,Portal,Pro,Agent_02,Medium,26.3,3.98,72,False,True,2,Resolved - Escalated
TCK-102927,2024-07-16 00:14:00,Data Export/Import,Chat,Pro,Agent_01,High,9.8,2.56,24,False,False,4,Resolved
TCK-101128,2024-07-16 00:42:00,Bug/Error,Chat,Free,Agent_01,Critical,2.0,2.15,4,False,False,4,Resolved
TCK-101357,2024-07-16 02:11:00,Account Setup,Phone,Pro,Agent_03,Low,7.9,2.11,120,False,False,4,Resolved
TCK-100230,2024-07-16 04:08:00,Billing/Invoicing,Chat,Basic,Agent_01,Medium,9.1,10.85,72,False,False,4,Resolved
TCK-101374,2024-07-16 07:10:00,Performance/Slowness,Portal,Pro,Agent_03,Medium,93.0,3.83,72,False,False,4,Resolved
TCK-102484,2024-07-16 07:40:00,Bug/Error,Phone,Free,Agent_09,High,2.7,1.11,24,False,False,5,Resolved
TCK-101995,2024-07-16 09:00:00,Integration/API,Chat,Pro,Agent_05,Low,8.2,138.48,120,True,False,4,Resolved - Workaround
TCK-100897,2024-07-16 10:45:00,Performance/Slowness,Email,Free,Agent_04,Low,96.2,19.18,120,False,True,2,Resolved - Escalated
TCK-100161,2024-07-16 14:28:00,Login/Authentication,Email,Enterprise,Agent_08,High,4.3,1.14,24,False,False,4,Resolved
TCK-102420,2024-07-16 15:33:00,Performance/Slowness,Email,Basic,Agent_03,High,17.9,4.09,24,False,False,4,Resolved
TCK-103052,2024-07-16 15:49:00,Bug/Error,Email,Basic,Agent_09,Medium,4.8,2.66,72,False,True,3,Unresolved - Pending Engineering
TCK-103091,2024-07-16 16:43:00,Bug/Error,Chat,Basic,Agent_05,High,17.7,6.39,24,False,False,4,Resolved
TCK-100435,2024-07-16 19:32:00,Bug/Error,Phone,Enterprise,Agent_03,High,1.0,2.51,24,False,False,5,Resolved
TCK-103447,2024-07-17 00:00:00,Performance/Slowness,Email,Free,Agent_12,High,3.5,8.07,24,False,True,2,Unresolved - Pending Engineering
TCK-103770,2024-07-17 00:00:00,Account Setup,Portal,Pro,Agent_08,Medium,28.5,2.44,72,False,False,5,Resolved
TCK-101887,2024-07-17 00:46:00,Login/Authentication,Portal,Free,Agent_08,Critical,15.2,0.71,4,False,True,3,Resolved - Escalated
TCK-101933,2024-07-17 03:27:00,Login/Authentication,Chat,Free,Agent_03,Low,1.2,4.94,120,False,False,4,Resolved
TCK-101090,2024-07-17 04:34:00,Data Export/Import,Portal,Pro,Agent_09,Low,97.1,5.48,120,False,False,4,Resolved
TCK-103202,2024-07-17 06:32:00,Login/Authentication,Email,Pro,Agent_08,High,1.0,1.3,24,False,False,3,Resolved - Workaround
TCK-101409,2024-07-17 06:56:00,Login/Authentication,Phone,Free,Agent_03,Medium,1.0,14.36,72,False,False,4,Resolved
TCK-101498,2024-07-17 07:27:00,Performance/Slowness,Email,Enterprise,Agent_05,High,35.1,17.73,24,False,False,4,Resolved
TCK-101061,2024-07-17 08:52:00,Feature Request,Portal,Pro,Agent_10,Medium,75.0,88.3,72,True,False,3,Resolved
TCK-103025,2024-07-17 12:17:00,Login/Authentication,Portal,Pro,Agent_01,High,11.7,4.88,24,False,False,4,Resolved
TCK-100747,2024-07-17 14:38:00,Billing/Invoicing,Chat,Basic,Agent_09,Low,19.4,10.16,120,False,False,4,Resolved
TCK-101234,2024-07-17 17:10:00,Feature Request,Chat,Free,Agent_04,Low,8.3,9.08,120,False,False,4,Resolved
TCK-101257,2024-07-17 21:39:00,Data Export/Import,Email,Basic,Agent_12,Medium,60.2,3.69,72,False,False,3,Resolved
TCK-100797,2024-07-17 22:08:00,Feature Request,Phone,Basic,Agent_08,Medium,1.6,2.46,72,False,True,3,Resolved - Escalated
TCK-103846,2024-07-18 00:00:00,Integration/API,Email,Free,Agent_06,High,34.5,0.56,24,False,True,3,Resolved - Escalated
TCK-101441,2024-07-18 03:30:00,Bug/Error,Chat,Basic,Agent_12,High,3.3,3.86,24,False,False,4,Resolved
TCK-101806,2024-07-18 05:59:00,Integration/API,Email,Pro,Agent_01,Low,47.4,8.88,120,False,False,3,Resolved
TCK-100355,2024-07-18 07:40:00,Integration/API,Email,Pro,Agent_04,Medium,13.4,11.16,72,False,False,3,Resolved
TCK-100081,2024-07-18 07:58:00,Data Export/Import,Portal,Enterprise,Agent_09,High,20.2,3.67,24,False,False,5,Resolved
TCK-102583,2024-07-18 11:00:00,Feature Request,Email,Free,Agent_07,Low,114.4,13.76,120,False,False,5,Resolved
TCK-100659,2024-07-18 13:08:00,Performance/Slowness,Phone,Free,Agent_07,Medium,1.0,5.11,72,False,True,4,Unresolved - Pending Engineering
TCK-100823,2024-07-18 17:28:00,Bug/Error,Email,Pro,Agent_12,High,45.7,8.64,24,False,False,4,Resolved
TCK-102663,2024-07-18 23:53:00,Billing/Invoicing,Phone,Free,Agent_12,Low,8.3,3.05,120,False,False,4,Resolved
TCK-103538,2024-07-19 00:00:00,Account Setup,Email,Basic,Agent_02,High,97.8,0.32,24,False,False,4,Resolved
TCK-103679,2024-07-19 00:00:00,Account Setup,Chat,Basic,Agent_03,Low,9.3,2.17,120,False,False,4,Resolved - Workaround
TCK-103848,2024-07-19 00:00:00,Bug/Error,Portal,Basic,Agent_06,High,36.5,1.87,24,False,False,5,Resolved - Workaround
TCK-103421,2024-07-19 00:00:00,Login/Authentication,Email,Pro,Agent_05,Critical,10.3,0.1,4,False,False,5,Resolved
TCK-102158,2024-07-19 01:49:00,Bug/Error,Email,Free,Agent_08,Low,15.2,10.89,120,False,False,5,Resolved
TCK-102948,2024-07-19 02:04:00,Feature Request,Phone,Basic,Agent_08,High,5.3,15.32,24,False,False,5,Resolved
TCK-101626,2024-07-19 02:37:00,Bug/Error,Chat,Basic,Agent_10,Medium,13.8,1.9,72,False,True,2,Unresolved - Pending Engineering
TCK-103147,2024-07-19 04:35:00,Data Export/Import,Chat,Enterprise,Agent_10,Medium,1.0,1.74,72,False,False,4,Resolved - Workaround
TCK-102290,2024-07-19 08:33:00,Performance/Slowness,Email,Pro,Agent_04,Medium,1.0,10.98,72,False,False,5,Resolved - Workaround
TCK-101602,2024-07-19 11:09:00,Bug/Error,Phone,Free,Agent_10,Medium,1.0,3.33,72,False,False,5,Resolved
TCK-100260,2024-07-19 13:28:00,Performance/Slowness,Email,Pro,Agent_07,High,28.0,12.35,24,False,False,4,Resolved
TCK-100860,2024-07-19 14:12:00,Data Export/Import,Chat,Enterprise,Agent_07,Medium,19.7,0.52,72,False,False,4,Resolved
TCK-100669,2024-07-19 18:02:00,Account Setup,Phone,Free,Agent_10,Low,2.3,0.48,120,False,True,2,Resolved - Escalated
TCK-102640,2024-07-19 18:07:00,Login/Authentication,Email,Enterprise,Agent_04,Critical,15.3,0.13,4,False,False,5,Resolved - Workaround
TCK-102478,2024-07-20 01:36:00,Feature Request,Portal,Enterprise,Agent_04,Medium,1.8,11.13,72,False,False,4,Resolved - Workaround
TCK-103200,2024-07-20 03:11:00,Integration/API,Portal,Free,Agent_05,Medium,192.4,68.41,72,False,False,4,Resolved
TCK-103048,2024-07-20 04:24:00,Login/Authentication,Phone,Free,Agent_08,High,1.0,3.19,24,False,False,4,Resolved
TCK-102324,2024-07-20 06:56:00,Integration/API,Email,Pro,Agent_07,Low,1.0,13.83,120,False,False,4,Resolved
TCK-101248,2024-07-20 07:34:00,Performance/Slowness,Chat,Free,Agent_02,High,1.0,4.8,24,False,True,4,Resolved - Escalated
TCK-101989,2024-07-21 03:19:00,Login/Authentication,Phone,Pro,Agent_02,Medium,1.0,6.11,72,False,False,5,Resolved
TCK-101149,2024-07-21 08:50:00,Data Export/Import,Email,Basic,Agent_01,Low,86.2,5.27,120,False,True,3,Unresolved - Pending Engineering
TCK-100594,2024-07-21 19:47:00,Performance/Slowness,Chat,Free,Agent_12,Medium,1.0,5.94,72,False,True,4,Resolved - Escalated
TCK-103085,2024-07-21 22:28:00,Account Setup,Phone,Free,Agent_12,Low,3.0,5.32,120,False,False,4,Resolved
TCK-103861,2024-07-22 00:00:00,Billing/Invoicing,Phone,Basic,Agent_05,Low,12.4,1.77,120,False,False,4,Resolved
TCK-102481,2024-07-22 01:34:00,Billing/Invoicing,Phone,Pro,Agent_01,Medium,3.0,2.63,72,False,False,4,Resolved
TCK-102272,2024-07-22 01:37:00,Bug/Error,Chat,Basic,Agent_01,Low,2.7,12.71,120,False,True,3,Resolved - Escalated
TCK-102526,2024-07-22 02:00:00,Feature Request,Phone,Free,Agent_10,Low,3.3,3.9,120,False,False,5,Resolved
TCK-101958,2024-07-22 04:35:00,Bug/Error,Portal,Basic,Agent_06,High,85.1,7.13,24,False,False,4,Resolved
TCK-100252,2024-07-22 05:13:00,Integration/API,Chat,Free,Agent_03,Low,26.0,8.13,120,False,False,4,Resolved
TCK-100323,2024-07-22 06:19:00,Data Export/Import,Email,Basic,Agent_08,Medium,47.2,2.47,72,False,False,4,Resolved
TCK-103229,2024-07-22 06:56:00,Performance/Slowness,Phone,Free,Agent_08,High,1.0,10.49,24,False,False,4,Resolved
TCK-101310,2024-07-22 07:22:00,Login/Authentication,Email,Free,Agent_08,Medium,241.0,1.9,72,False,False,4,Resolved
TCK-100817,2024-07-22 07:52:00,Bug/Error,Email,Free,Agent_05,Medium,68.6,0.67,72,False,True,3,Unresolved - Pending Engineering
TCK-101913,2024-07-22 10:27:00,Login/Authentication,Phone,Free,Agent_10,High,2.5,0.82,24,False,False,4,Resolved
TCK-101304,2024-07-22 10:35:00,Performance/Slowness,Chat,Free,Agent_02,Medium,17.2,25.47,72,False,False,4,Resolved
TCK-101599,2024-07-22 15:05:00,Integration/API,Chat,Basic,Agent_04,Low,13.2,0.87,120,False,True,3,Resolved - Escalated
TCK-101373,2024-07-22 15:14:00,Login/Authentication,Email,Free,Agent_12,Critical,12.8,0.32,4,False,False,4,Resolved
TCK-102111,2024-07-22 19:17:00,Data Export/Import,Email,Free,Agent_08,Medium,61.4,5.13,72,False,True,3,Resolved - Escalated
TCK-100118,2024-07-22 22:11:00,Data Export/Import,Email,Free,Agent_09,Medium,57.0,9.41,72,False,True,2,Resolved - Escalated
TCK-101073,2024-07-22 22:49:00,Bug/Error,Chat,Basic,Agent_05,Medium,17.6,10.89,72,False,False,5,Resolved
TCK-102275,2024-07-22 23:56:00,Integration/API,Phone,Basic,Agent_11,Medium,2.0,24.62,72,False,False,4,Resolved - Workaround
TCK-103434,2024-07-23 00:00:00,Integration/API,Chat,Pro,Agent_09,Low,5.5,3.88,120,False,True,3,Resolved - Escalated
TCK-103592,2024-07-23 00:00:00,Account Setup,Email,Basic,Agent_01,High,34.1,0.67,24,False,False,4,Resolved
TCK-103751,2024-07-23 00:00:00,Login/Authentication,Email,Free,Agent_08,High,14.8,1.71,24,False,False,5,Resolved
TCK-101422,2024-07-23 01:16:00,Bug/Error,Email,Enterprise,Agent_07,Medium,19.5,12.74,72,False,False,5,Resolved
TCK-102221,2024-07-23 04:33:00,Billing/Invoicing,Portal,Basic,Agent_11,Low,195.3,27.63,120,False,False,4,Resolved
TCK-102113,2024-07-23 06:00:00,Login/Authentication,Portal,Enterprise,Agent_02,Medium,337.1,4.24,72,False,False,5,Resolved
TCK-101764,2024-07-23 06:13:00,Bug/Error,Chat,Pro,Agent_11,Low,10.7,5.54,120,False,False,3,Resolved - Workaround
TCK-100561,2024-07-23 06:14:00,Login/Authentication,Chat,Enterprise,Agent_04,Medium,1.0,0.98,72,False,False,5,Resolved
TCK-102373,2024-07-23 09:25:00,Login/Authentication,Portal,Basic,Agent_02,Medium,27.9,2.01,72,False,False,4,Resolved
TCK-102817,2024-07-23 09:51:00,Login/Authentication,Email,Free,Agent_12,High,9.5,0.16,24,False,False,5,Resolved
TCK-101533,2024-07-23 14:08:00,Performance/Slowness,Email,Free,Agent_04,Medium,7.0,20.46,72,False,False,4,Resolved
TCK-102638,2024-07-23 15:12:00,Billing/Invoicing,Email,Basic,Agent_01,High,7.3,12.3,24,False,True,3,Resolved - Escalated
TCK-102239,2024-07-23 16:47:00,Bug/Error,Email,Free,Agent_04,High,8.9,5.32,24,False,False,4,Resolved
TCK-100193,2024-07-23 23:51:00,Bug/Error,Email,Free,Agent_04,Medium,153.9,0.51,72,False,True,3,Resolved - Escalated
TCK-103836,2024-07-24 00:00:00,Feature Request,Email,Enterprise,Agent_05,Medium,10.3,41.54,72,False,False,5,Resolved
TCK-103651,2024-07-24 00:00:00,Login/Authentication,Email,Basic,Agent_08,Medium,20.6,0.33,72,False,False,5,Resolved
TCK-103810,2024-07-24 00:00:00,Bug/Error,Email,Pro,Agent_04,High,38.0,5.99,24,False,True,3,Unresolved - Pending Engineering
TCK-103938,2024-07-24 00:00:00,Bug/Error,Phone,Basic,Agent_08,Low,4.1,5.98,120,False,False,5,Resolved
TCK-101443,2024-07-24 08:25:00,Integration/API,Chat,Free,Agent_07,High,7.1,3.23,24,False,False,4,Resolved
TCK-100944,2024-07-24 13:40:00,Bug/Error,Email,Basic,Agent_06,Critical,15.7,3.8,4,False,False,3,Resolved
TCK-102311,2024-07-24 15:42:00,Integration/API,Email,Pro,Agent_05,Critical,3.8,3.31,4,False,False,5,Resolved
TCK-102694,2024-07-24 16:08:00,Bug/Error,Email,Free,Agent_06,Critical,6.9,6.79,4,True,False,3,Resolved
TCK-101888,2024-07-24 16:44:00,Data Export/Import,Email,Free,Agent_07,Low,100.8,53.14,120,False,False,4,Resolved
TCK-100567,2024-07-24 17:31:00,Bug/Error,Email,Pro,Agent_02,Medium,44.9,5.54,72,False,False,4,Resolved
TCK-102961,2024-07-24 18:15:00,Integration/API,Chat,Basic,Agent_06,High,1.5,4.95,24,False,False,4,Resolved
TCK-103352,2024-07-24 18:19:00,Login/Authentication,Portal,Basic,Agent_11,Critical,19.5,0.75,4,False,False,4,Resolved
TCK-100499,2024-07-24 19:53:00,Data Export/Import,Email,Basic,Agent_05,Medium,84.6,0.32,72,False,False,4,Resolved
TCK-103627,2024-07-25 00:00:00,Bug/Error,Chat,Pro,Agent_04,High,2.4,9.16,24,False,False,5,Resolved
TCK-103982,2024-07-25 00:00:00,Login/Authentication,Chat,Free,Agent_03,High,1.4,0.3,24,False,True,4,Unresolved - Pending Engineering
TCK-103487,2024-07-25 00:00:00,Data Export/Import,Chat,Pro,Agent_05,Medium,16.9,10.41,72,False,False,4,Resolved
TCK-102159,2024-07-25 00:38:00,Bug/Error,Portal,Pro,Agent_11,Low,203.2,122.87,120,True,False,4,Resolved
TCK-102834,2024-07-25 02:36:00,Feature Request,Portal,Pro,Agent_03,Medium,5.8,27.81,72,False,False,5,Resolved
TCK-100877,2024-07-25 12:01:00,Login/Authentication,Email,Pro,Agent_07,Medium,232.2,0.81,72,False,False,3,Resolved
TCK-100413,2024-07-25 20:13:00,Billing/Invoicing,Email,Basic,Agent_03,Low,35.1,2.23,120,False,False,5,Resolved
TCK-102894,2024-07-25 21:01:00,Billing/Invoicing,Portal,Free,Agent_08,Medium,87.0,36.26,72,False,False,5,Resolved
TCK-102390,2024-07-25 22:11:00,Data Export/Import,Chat,Free,Agent_02,High,1.7,1.57,24,False,False,3,Resolved
TCK-103437,2024-07-26 00:00:00,Bug/Error,Chat,Basic,Agent_12,Critical,5.1,1.38,4,False,False,5,Resolved
TCK-103475,2024-07-26 00:00:00,Bug/Error,Email,Basic,Agent_07,High,10.6,29.3,24,True,True,1,Resolved - Escalated
TCK-103423,2024-07-26 00:00:00,Performance/Slowness,Phone,Free,Agent_03,Low,22.0,25.45,120,False,False,5,Resolved
TCK-102020,2024-07-26 02:04:00,Billing/Invoicing,Portal,Basic,Agent_04,Medium,1.0,2.29,72,False,False,5,Resolved
TCK-102131,2024-07-26 11:30:00,Bug/Error,Email,Pro,Agent_01,High,19.6,1.81,24,False,False,4,Resolved
TCK-101379,2024-07-26 12:07:00,Billing/Invoicing,Chat,Basic,Agent_02,Medium,3.3,5.89,72,False,False,4,Resolved
TCK-102760,2024-07-26 12:11:00,Performance/Slowness,Phone,Free,Agent_03,Low,2.3,24.87,120,False,True,3,Resolved - Escalated
TCK-103319,2024-07-27 00:21:00,Bug/Error,Email,Basic,Agent_03,High,26.5,13.16,24,False,True,4,Resolved - Escalated
TCK-102874,2024-07-27 09:15:00,Billing/Invoicing,Phone,Enterprise,Agent_07,Low,7.1,4.69,120,False,False,5,Resolved
TCK-103045,2024-07-27 16:19:00,Feature Request,Chat,Pro,Agent_06,High,6.3,25.46,24,True,True,1,Resolved - Escalated
TCK-101782,2024-07-27 16:35:00,Bug/Error,Chat,Pro,Agent_08,Low,2.8,28.78,120,False,False,5,Resolved
TCK-103026,2024-07-27 22:33:00,Login/Authentication,Chat,Basic,Agent_10,High,11.9,0.6,24,False,False,4,Resolved
TCK-102533,2024-07-28 07:36:00,Billing/Invoicing,Portal,Basic,Agent_04,Medium,1.0,0.86,72,False,False,4,Resolved
TCK-103334,2024-07-28 08:12:00,Data Export/Import,Email,Free,Agent_12,Low,228.3,2.82,120,False,False,4,Resolved
TCK-103547,2024-07-29 00:00:00,Billing/Invoicing,Email,Free,Agent_12,Medium,6.6,4.58,72,False,False,5,Resolved
TCK-103532,2024-07-29 00:00:00,Bug/Error,Chat,Basic,Agent_04,Medium,1.9,4.47,72,False,False,4,Resolved
TCK-103650,2024-07-29 00:00:00,Billing/Invoicing,Email,Free,Agent_05,Medium,6.5,9.7,72,False,False,4,Resolved - Workaround
TCK-103558,2024-07-29 00:00:00,Login/Authentication,Chat,Basic,Agent_08,Low,9.3,5.23,120,False,False,4,Resolved - Workaround
TCK-102205,2024-07-29 03:18:00,Bug/Error,Email,Basic,Agent_07,Critical,12.2,1.21,4,False,False,4,Resolved
TCK-103247,2024-07-29 04:23:00,Bug/Error,Chat,Basic,Agent_12,High,5.1,8.03,24,False,False,5,Resolved - Workaround
TCK-100564,2024-07-29 05:06:00,Performance/Slowness,Chat,Pro,Agent_09,Medium,6.0,5.45,72,False,True,2,Resolved - Escalated
TCK-100983,2024-07-29 06:39:00,Bug/Error,Email,Basic,Agent_05,Medium,168.0,5.79,72,False,False,4,Resolved
TCK-101027,2024-07-29 08:38:00,Bug/Error,Chat,Basic,Agent_10,Medium,14.2,0.87,72,False,False,4,Resolved - Workaround
TCK-101628,2024-07-29 08:45:00,Login/Authentication,Portal,Free,Agent_10,High,18.7,1.7,24,False,True,3,Resolved - Escalated
TCK-102937,2024-07-29 10:54:00,Bug/Error,Email,Pro,Agent_07,High,9.5,11.97,24,False,True,3,Resolved - Escalated
TCK-102601,2024-07-29 14:26:00,Billing/Invoicing,Email,Free,Agent_03,Medium,20.8,6.16,72,False,False,4,Resolved
TCK-103257,2024-07-29 19:29:00,Billing/Invoicing,Chat,Basic,Agent_07,Low,10.3,0.21,120,False,False,4,Resolved
TCK-100451,2024-07-29 20:05:00,Data Export/Import,Phone,Pro,Agent_03,Medium,1.0,9.7,72,False,False,5,Resolved
TCK-101909,2024-07-29 23:18:00,Login/Authentication,Chat,Basic,Agent_10,Medium,11.3,4.4,72,False,False,4,Resolved
TCK-103905,2024-07-30 00:00:00,Billing/Invoicing,Email,Basic,Agent_01,Low,120.0,9.22,120,False,True,2,Unresolved - Pending Engineering
TCK-103829,2024-07-30 00:00:00,Performance/Slowness,Email,Free,Agent_04,Low,20.5,1.64,120,False,False,5,Resolved
TCK-103789,2024-07-30 00:00:00,Bug/Error,Email,Pro,Agent_08,High,45.1,5.94,24,False,False,4,Resolved
TCK-103931,2024-07-30 00:00:00,Integration/API,Chat,Basic,Agent_02,Low,27.9,30.4,120,False,False,4,Resolved
TCK-100909,2024-07-30 02:23:00,Account Setup,Email,Enterprise,Agent_04,High,111.9,6.28,24,False,False,4,Resolved
TCK-100779,2024-07-30 07:11:00,Performance/Slowness,Chat,Free,Agent_09,High,1.0,5.83,24,False,True,2,Unresolved - Pending Engineering
TCK-100305,2024-07-30 13:12:00,Data Export/Import,Email,Free,Agent_03,Low,19.6,5.34,120,False,True,3,Unresolved - Pending Engineering
TCK-101597,2024-07-30 15:20:00,Data Export/Import,Email,Pro,Agent_05,Low,144.2,7.73,120,False,False,4,Resolved
TCK-101127,2024-07-30 15:55:00,Data Export/Import,Email,Basic,Agent_04,Medium,9.0,2.43,72,False,False,3,Resolved
TCK-100986,2024-07-30 21:52:00,Bug/Error,Chat,Basic,Agent_01,Medium,1.0,4.68,72,False,True,2,Resolved - Escalated
TCK-100648,2024-07-30 22:27:00,Login/Authentication,Email,Basic,Agent_07,Critical,13.1,4.39,4,True,True,2,Resolved - Escalated
TCK-100304,2024-07-30 23:55:00,Feature Request,Phone,Free,Agent_05,Medium,2.9,25.22,72,False,False,5,Resolved - Workaround
TCK-103445,2024-07-31 00:00:00,Login/Authentication,Chat,Basic,Agent_03,High,14.0,0.4,24,False,False,4,Resolved
TCK-103863,2024-07-31 00:00:00,Billing/Invoicing,Portal,Basic,Agent_10,Medium,14.1,2.11,72,False,False,4,Resolved
TCK-103540,2024-07-31 00:00:00,Bug/Error,Portal,Free,Agent_04,Medium,96.9,9.01,72,False,True,4,Resolved - Escalated
TCK-100535,2024-07-31 01:09:00,Integration/API,Chat,Basic,Agent_05,Low,8.7,27.16,120,False,False,5,Resolved
TCK-101419,2024-07-31 03:12:00,Data Export/Import,Email,Pro,Agent_12,Medium,28.8,8.51,72,False,False,3,Resolved
TCK-101450,2024-07-31 04:00:00,Integration/API,Chat,Basic,Agent_06,Low,12.6,100.25,120,False,False,5,Resolved
TCK-101192,2024-07-31 07:48:00,Data Export/Import,Email,Enterprise,Agent_07,High,31.0,0.84,24,False,False,5,Resolved
TCK-103342,2024-07-31 10:00:00,Login/Authentication,Portal,Free,Agent_09,High,20.3,1.46,24,False,False,3,Resolved
TCK-101510,2024-07-31 11:19:00,Login/Authentication,Chat,Basic,Agent_04,Low,4.7,4.1,120,False,False,5,Resolved - Workaround
TCK-100602,2024-07-31 11:38:00,Bug/Error,Email,Free,Agent_05,Critical,1.0,1.65,4,False,True,2,Resolved - Escalated
TCK-101820,2024-07-31 15:03:00,Integration/API,Chat,Free,Agent_01,Medium,7.7,2.23,72,False,False,3,Resolved
TCK-100712,2024-07-31 16:39:00,Billing/Invoicing,Portal,Enterprise,Agent_08,Medium,1.0,0.85,72,False,False,4,Resolved
TCK-100034,2024-07-31 18:11:00,Performance/Slowness,Email,Pro,Agent_05,Medium,37.5,5.07,72,False,False,4,Resolved
TCK-103109,2024-07-31 18:25:00,Data Export/Import,Phone,Free,Agent_08,Low,1.0,15.44,120,False,True,3,Resolved - Escalated
TCK-102942,2024-07-31 19:57:00,Login/Authentication,Portal,Pro,Agent_09,High,1.0,0.72,24,False,False,4,Resolved
TCK-100143,2024-07-31 21:44:00,Login/Authentication,Chat,Pro,Agent_02,High,8.1,0.85,24,False,False,5,Resolved - Workaround
TCK-103941,2024-08-01 00:00:00,Bug/Error,Email,Basic,Agent_06,Low,27.0,88.12,120,False,False,5,Resolved - Workaround
TCK-103690,2024-08-01 00:00:00,Performance/Slowness,Email,Basic,Agent_01,Critical,4.2,10.83,4,True,False,3,Resolved - Workaround
TCK-103796,2024-08-01 00:00:00,Bug/Error,Chat,Pro,Agent_07,High,5.1,1.86,24,False,False,4,Resolved
TCK-103946,2024-08-01 00:00:00,Login/Authentication,Email,Free,Agent_07,High,2.0,2.25,24,False,False,4,Resolved - Workaround
TCK-103868,2024-08-01 00:00:00,Login/Authentication,Email,Free,Agent_06,Medium,93.7,6.31,72,False,False,4,Resolved
TCK-103324,2024-08-01 02:02:00,Login/Authentication,Chat,Free,Agent_04,High,6.3,11.33,24,False,False,5,Resolved
TCK-101271,2024-08-01 03:37:00,Login/Authentication,Portal,Free,Agent_08,Critical,24.4,0.36,4,False,True,2,Resolved - Escalated
TCK-102672,2024-08-01 04:50:00,Login/Authentication,Chat,Pro,Agent_09,High,1.4,0.32,24,False,False,4,Resolved
TCK-100977,2024-08-01 04:56:00,Data Export/Import,Email,Free,Agent_07,High,11.9,1.54,24,False,False,5,Resolved - Workaround
TCK-102554,2024-08-01 05:27:00,Integration/API,Portal,Enterprise,Agent_05,Medium,53.9,28.39,72,False,False,5,Resolved
TCK-100951,2024-08-01 06:31:00,Integration/API,Chat,Basic,Agent_01,Medium,14.9,9.61,72,False,False,4,Resolved
TCK-101334,2024-08-01 10:08:00,Bug/Error,Email,Free,Agent_01,Low,29.1,24.48,120,False,False,4,Resolved
TCK-100363,2024-08-01 12:07:00,Integration/API,Chat,Basic,Agent_09,High,1.0,1.44,24,False,False,4,Resolved - Workaround
TCK-103241,2024-08-01 18:21:00,Bug/Error,Email,Basic,Agent_06,High,12.4,7.53,24,False,False,4,Resolved
TCK-102850,2024-08-01 22:51:00,Account Setup,Chat,Free,Agent_01,Low,1.8,8.28,120,False,False,4,Resolved
TCK-103533,2024-08-02 00:00:00,Bug/Error,Phone,Basic,Agent_06,High,1.3,9.63,24,False,True,3,Unresolved - Pending Engineering
TCK-103987,2024-08-02 00:00:00,Feature Request,Phone,Pro,Agent_11,Low,1.4,19.28,120,False,False,5,Resolved
TCK-103792,2024-08-02 00:00:00,Performance/Slowness,Portal,Basic,Agent_01,Critical,30.9,1.3,4,False,False,4,Resolved - Workaround
TCK-103776,2024-08-02 00:00:00,Bug/Error,Email,Enterprise,Agent_05,Medium,7.6,12.88,72,False,True,4,Resolved - Escalated
TCK-102106,2024-08-02 00:20:00,Bug/Error,Portal,Basic,Agent_12,High,11.3,3.87,24,False,False,5,Resolved
TCK-100899,2024-08-02 01:08:00,Bug/Error,Email,Basic,Agent_02,High,23.3,29.37,24,True,False,3,Resolved - Workaround
TCK-102572,2024-08-02 08:18:00,Data Export/Import,Email,Free,Agent_08,Low,21.2,2.25,120,False,False,4,Resolved
TCK-101826,2024-08-02 08:24:00,Login/Authentication,Portal,Pro,Agent_12,Critical,13.3,1.4,4,False,False,4,Resolved
TCK-102298,2024-08-02 09:53:00,Login/Authentication,Chat,Basic,Agent_02,Medium,12.1,11.42,72,False,False,4,Resolved
TCK-103181,2024-08-02 11:09:00,Bug/Error,Chat,Free,Agent_11,High,3.6,2.59,24,False,False,5,Resolved
TCK-102286,2024-08-02 12:29:00,Account Setup,Chat,Pro,Agent_04,Medium,8.1,0.89,72,False,False,5,Resolved
TCK-103133,2024-08-02 15:15:00,Integration/API,Email,Pro,Agent_04,Medium,14.7,23.2,72,False,False,4,Resolved
TCK-101165,2024-08-02 15:32:00,Integration/API,Phone,Basic,Agent_03,Critical,1.0,3.91,4,False,False,5,Resolved
TCK-102366,2024-08-02 17:37:00,Performance/Slowness,Phone,Basic,Agent_01,High,4.9,3.3,24,False,False,4,Resolved
TCK-102100,2024-08-02 17:43:00,Bug/Error,Email,Free,Agent_05,Medium,31.1,5.69,72,False,False,4,Resolved
TCK-101655,2024-08-02 17:52:00,Data Export/Import,Phone,Basic,Agent_01,High,1.0,3.62,24,False,False,4,Resolved
TCK-101430,2024-08-03 04:20:00,Account Setup,Email,Enterprise,Agent_04,Medium,1.0,0.67,72,False,False,4,Resolved
TCK-101542,2024-08-03 11:59:00,Performance/Slowness,Phone,Pro,Agent_10,High,1.0,3.87,24,False,False,5,Resolved - Workaround
TCK-100842,2024-08-03 16:56:00,Login/Authentication,Portal,Basic,Agent_03,High,26.3,2.42,24,False,False,4,Resolved
TCK-101349,2024-08-03 22:28:00,Bug/Error,Email,Free,Agent_08,High,62.3,4.03,24,False,False,4,Resolved
TCK-102195,2024-08-03 23:59:00,Login/Authentication,Email,Basic,Agent_07,Medium,1.0,0.1,72,False,False,5,Resolved
TCK-101594,2024-08-04 00:11:00,Billing/Invoicing,Phone,Pro,Agent_09,Medium,1.0,5.77,72,False,False,5,Resolved
TCK-102517,2024-08-04 04:36:00,Bug/Error,Chat,Basic,Agent_12,Medium,14.4,5.22,72,False,True,2,Resolved - Escalated
TCK-101619,2024-08-04 04:46:00,Login/Authentication,Chat,Pro,Agent_06,High,4.2,1.54,24,False,False,4,Resolved
TCK-102284,2024-08-04 05:40:00,Account Setup,Portal,Free,Agent_08,Medium,27.1,3.19,72,False,False,4,Resolved
TCK-102592,2024-08-04 13:41:00,Bug/Error,Portal,Free,Agent_03,Low,3.5,3.48,120,False,False,4,Resolved
TCK-102241,2024-08-04 18:59:00,Login/Authentication,Chat,Free,Agent_01,Medium,46.7,2.16,72,False,False,4,Resolved - Workaround
TCK-103802,2024-08-05 00:00:00,Integration/API,Email,Free,Agent_01,Low,66.0,15.83,120,False,False,5,Resolved
TCK-103145,2024-08-05 00:13:00,Account Setup,Chat,Basic,Agent_02,High,6.8,0.33,24,False,False,4,Resolved - Workaround
TCK-102507,2024-08-05 01:09:00,Data Export/Import,Email,Free,Agent_05,High,27.2,2.16,24,False,False,4,Resolved - Workaround
TCK-102417,2024-08-05 03:38:00,Integration/API,Phone,Basic,Agent_01,Low,1.8,45.18,120,False,False,4,Resolved
TCK-101398,2024-08-05 05:47:00,Bug/Error,Email,Pro,Agent_03,Low,7.5,5.64,120,False,False,4,Resolved
TCK-103028,2024-08-05 07:27:00,Account Setup,Email,Basic,Agent_08,Medium,17.3,2.3,72,False,False,4,Resolved
TCK-102036,2024-08-05 08:25:00,Integration/API,Email,Free,Agent_10,Low,268.7,34.76,120,False,True,2,Resolved - Escalated
TCK-101420,2024-08-05 10:44:00,Bug/Error,Email,Pro,Agent_02,Medium,8.7,12.59,72,False,True,2,Resolved - Escalated
TCK-100049,2024-08-05 16:30:00,Performance/Slowness,Portal,Basic,Agent_08,High,10.1,13.71,24,False,False,5,Resolved
TCK-102299,2024-08-05 17:47:00,Performance/Slowness,Email,Pro,Agent_10,Critical,1.0,4.16,4,True,False,5,Resolved
TCK-100922,2024-08-05 20:34:00,Performance/Slowness,Email,Pro,Agent_07,Low,37.5,20.02,120,False,False,4,Resolved
TCK-103656,2024-08-06 00:00:00,Account Setup,Email,Pro,Agent_08,Medium,21.7,0.27,72,False,False,4,Resolved
TCK-103455,2024-08-06 00:00:00,Billing/Invoicing,Phone,Basic,Agent_08,Medium,1.0,3.44,72,False,False,4,Resolved
TCK-103156,2024-08-06 01:38:00,Performance/Slowness,Chat,Enterprise,Agent_11,Low,1.5,1.49,120,False,False,5,Resolved
TCK-102513,2024-08-06 03:10:00,Login/Authentication,Chat,Basic,Agent_05,High,5.2,6.74,24,False,False,3,Resolved
TCK-102888,2024-08-06 06:02:00,Billing/Invoicing,Email,Pro,Agent_08,Low,69.2,18.11,120,False,False,3,Resolved
TCK-102871,2024-08-06 08:07:00,Login/Authentication,Phone,Free,Agent_10,Low,1.0,0.1,120,False,False,3,Resolved
TCK-101155,2024-08-06 08:34:00,Login/Authentication,Email,Free,Agent_10,High,61.8,4.18,24,False,True,2,Resolved - Escalated
TCK-100430,2024-08-06 08:50:00,Performance/Slowness,Email,Free,Agent_07,High,26.9,7.62,24,False,False,3,Resolved - Workaround
TCK-100424,2024-08-06 10:06:00,Integration/API,Email,Basic,Agent_07,Low,11.9,7.21,120,False,False,5,Resolved
TCK-100488,2024-08-06 10:19:00,Bug/Error,Email,Basic,Agent_10,Medium,13.9,9.9,72,False,False,4,Resolved
TCK-101505,2024-08-06 11:53:00,Data Export/Import,Chat,Basic,Agent_08,Medium,1.0,1.7,72,False,True,3,Resolved - Escalated
TCK-102256,2024-08-06 14:36:00,Data Export/Import,Chat,Free,Agent_04,Medium,1.6,1.88,72,False,False,5,Resolved
TCK-102677,2024-08-06 16:18:00,Data Export/Import,Chat,Enterprise,Agent_06,High,2.0,5.76,24,False,False,4,Resolved
TCK-101763,2024-08-06 18:09:00,Billing/Invoicing,Portal,Pro,Agent_02,Medium,139.7,3.83,72,False,False,4,Resolved
TCK-100657,2024-08-06 18:41:00,Login/Authentication,Chat,Enterprise,Agent_04,High,2.8,3.47,24,False,False,5,Resolved
TCK-103184,2024-08-06 22:10:00,Data Export/Import,Phone,Enterprise,Agent_02,High,1.0,3.07,24,False,False,4,Resolved
TCK-103629,2024-08-07 00:00:00,Integration/API,Email,Enterprise,Agent_06,Medium,104.5,6.64,72,False,False,4,Resolved
TCK-103888,2024-08-07 00:00:00,Integration/API,Email,Free,Agent_12,Medium,33.4,4.55,72,False,False,4,Resolved
TCK-102154,2024-08-07 00:14:00,Bug/Error,Phone,Enterprise,Agent_10,High,2.2,4.25,24,False,False,5,Resolved
TCK-100998,2024-08-07 00:55:00,Login/Authentication,Chat,Free,Agent_04,Low,1.1,1.3,120,False,True,4,Resolved - Escalated
TCK-100281,2024-08-07 02:05:00,Billing/Invoicing,Portal,Basic,Agent_01,High,59.5,6.2,24,False,False,5,Resolved
TCK-100863,2024-08-07 02:07:00,Bug/Error,Phone,Free,Agent_09,Low,2.0,20.63,120,False,False,4,Resolved
TCK-103262,2024-08-07 04:47:00,Login/Authentication,Email,Pro,Agent_06,High,42.0,2.77,24,False,False,3,Resolved
TCK-102438,2024-08-07 06:04:00,Login/Authentication,Email,Enterprise,Agent_11,High,61.4,0.48,24,False,False,4,Resolved - Workaround
TCK-101728,2024-08-07 15:33:00,Performance/Slowness,Phone,Basic,Agent_09,Medium,8.6,16.76,72,False,False,4,Resolved
TCK-101696,2024-08-07 18:21:00,Performance/Slowness,Email,Free,Agent_09,High,14.9,13.23,24,False,False,4,Resolved - Workaround
TCK-102434,2024-08-07 19:24:00,Performance/Slowness,Phone,Basic,Agent_02,Medium,1.2,8.78,72,False,False,4,Resolved
TCK-101186,2024-08-07 19:55:00,Performance/Slowness,Email,Enterprise,Agent_02,Medium,24.3,7.5,72,False,False,4,Resolved
TCK-101672,2024-08-07 20:55:00,Login/Authentication,Portal,Basic,Agent_10,Critical,31.5,0.37,4,False,True,3,Resolved - Escalated
TCK-101550,2024-08-07 22:34:00,Bug/Error,Phone,Free,Agent_09,High,1.0,13.67,24,False,False,5,Resolved
TCK-102225,2024-08-07 23:31:00,Integration/API,Email,Enterprise,Agent_07,High,13.7,9.52,24,False,False,4,Resolved
TCK-103913,2024-08-08 00:00:00,Login/Authentication,Chat,Pro,Agent_08,High,1.1,2.14,24,False,False,4,Resolved
TCK-103590,2024-08-08 00:00:00,Login/Authentication,Chat,Pro,Agent_04,Critical,1.4,0.24,4,False,False,5,Resolved - Workaround
TCK-103898,2024-08-08 00:00:00,Data Export/Import,Email,Enterprise,Agent_05,Medium,8.4,6.33,72,False,False,4,Resolved
TCK-102347,2024-08-08 00:52:00,Data Export/Import,Chat,Pro,Agent_08,High,5.9,8.03,24,False,False,4,Resolved
TCK-101108,2024-08-08 01:58:00,Bug/Error,Portal,Basic,Agent_07,Critical,31.3,1.69,4,False,False,4,Resolved
TCK-101939,2024-08-08 02:21:00,Performance/Slowness,Portal,Pro,Agent_01,Critical,49.5,9.25,4,True,True,3,Resolved - Escalated
TCK-100098,2024-08-08 04:48:00,Performance/Slowness,Chat,Pro,Agent_07,Medium,3.2,2.32,72,False,False,5,Resolved
TCK-101968,2024-08-08 09:21:00,Billing/Invoicing,Chat,Free,Agent_05,Low,14.1,0.28,120,False,False,5,Resolved
TCK-100464,2024-08-08 11:18:00,Bug/Error,Portal,Pro,Agent_02,Medium,89.2,0.44,72,False,False,3,Resolved - Workaround
TCK-101511,2024-08-08 15:34:00,Login/Authentication,Chat,Pro,Agent_11,High,6.1,1.64,24,False,False,5,Resolved
TCK-102597,2024-08-08 17:56:00,Data Export/Import,Email,Free,Agent_06,Low,34.7,19.12,120,False,False,4,Resolved
TCK-101580,2024-08-08 23:31:00,Integration/API,Phone,Free,Agent_12,Medium,6.1,15.69,72,False,True,3,Resolved - Escalated
TCK-103948,2024-08-09 00:00:00,Account Setup,Chat,Basic,Agent_11,Critical,1.0,1.36,4,False,False,4,Resolved
TCK-103611,2024-08-09 00:00:00,Bug/Error,Portal,Pro,Agent_02,Medium,1.0,4.5,72,False,False,4,Resolved
TCK-103710,2024-08-09 00:00:00,Data Export/Import,Chat,Free,Agent_09,Critical,1.0,5.41,4,True,False,3,Resolved - Workaround
TCK-100734,2024-08-09 01:37:00,Account Setup,Email,Basic,Agent_08,Medium,93.7,3.57,72,False,False,3,Resolved - Workaround
TCK-102861,2024-08-09 01:51:00,Performance/Slowness,Portal,Free,Agent_02,Medium,226.8,2.36,72,False,False,4,Resolved
TCK-102671,2024-08-09 02:28:00,Login/Authentication,Email,Pro,Agent_08,High,60.7,3.95,24,False,False,4,Resolved
TCK-101979,2024-08-09 03:41:00,Bug/Error,Email,Enterprise,Agent_06,High,6.6,2.8,24,False,False,5,Resolved
TCK-101996,2024-08-09 09:01:00,Bug/Error,Email,Basic,Agent_04,Medium,173.8,14.6,72,False,False,5,Resolved
TCK-102340,2024-08-09 11:44:00,Login/Authentication,Portal,Free,Agent_05,Medium,16.7,0.54,72,False,False,5,Resolved - Workaround
TCK-101122,2024-08-09 15:27:00,Billing/Invoicing,Email,Basic,Agent_10,Low,224.8,2.75,120,False,False,3,Resolved
TCK-101625,2024-08-09 15:46:00,Feature Request,Chat,Basic,Agent_07,High,1.0,10.78,24,False,False,4,Resolved
TCK-102551,2024-08-09 17:18:00,Login/Authentication,Email,Basic,Agent_04,High,1.0,6.6,24,False,False,3,Resolved
TCK-103360,2024-08-09 17:26:00,Login/Authentication,Email,Free,Agent_07,High,7.4,0.9,24,False,False,3,Resolved
TCK-101697,2024-08-09 18:51:00,Login/Authentication,Email,Free,Agent_12,Critical,4.0,2.11,4,False,False,5,Resolved
TCK-102202,2024-08-09 19:13:00,Login/Authentication,Portal,Basic,Agent_06,High,31.9,1.9,24,False,False,5,Resolved
TCK-102889,2024-08-09 19:51:00,Login/Authentication,Email,Basic,Agent_12,Low,20.1,0.88,120,False,False,5,Resolved
TCK-100135,2024-08-09 21:08:00,Login/Authentication,Chat,Free,Agent_11,Medium,18.6,2.06,72,False,False,3,Resolved
TCK-103150,2024-08-09 21:20:00,Integration/API,Email,Basic,Agent_10,Medium,8.2,35.97,72,False,False,4,Resolved
TCK-101254,2024-08-10 07:55:00,Login/Authentication,Chat,Free,Agent_08,High,2.3,2.0,24,False,False,4,Resolved
TCK-103082,2024-08-10 08:06:00,Login/Authentication,Chat,Enterprise,Agent_01,Critical,1.3,1.18,4,False,False,5,Resolved
TCK-100354,2024-08-10 11:28:00,Login/Authentication,Chat,Enterprise,Agent_06,Medium,3.7,5.98,72,False,False,4,Resolved
TCK-100919,2024-08-10 18:58:00,Data Export/Import,Email,Pro,Agent_11,Medium,4.4,1.91,72,False,False,5,Resolved
TCK-101129,2024-08-10 19:11:00,Data Export/Import,Email,Basic,Agent_06,Low,31.8,6.25,120,False,False,4,Resolved
TCK-100064,2024-08-10 21:12:00,Performance/Slowness,Chat,Free,Agent_05,High,1.0,2.4,24,False,False,4,Resolved
TCK-101348,2024-08-10 23:40:00,Bug/Error,Portal,Basic,Agent_08,High,52.9,16.73,24,False,True,3,Resolved - Escalated
TCK-102994,2024-08-11 10:00:00,Bug/Error,Email,Free,Agent_04,Critical,1.0,9.77,4,True,False,4,Resolved
TCK-101791,2024-08-11 23:42:00,Billing/Invoicing,Email,Free,Agent_07,Medium,107.2,2.55,72,False,False,3,Resolved
TCK-103877,2024-08-12 00:00:00,Performance/Slowness,Email,Pro,Agent_10,High,37.1,3.6,24,False,False,4,Resolved
TCK-103531,2024-08-12 00:00:00,Integration/API,Email,Pro,Agent_05,Medium,132.1,26.63,72,False,False,5,Resolved
TCK-103911,2024-08-12 00:00:00,Bug/Error,Chat,Pro,Agent_09,Medium,10.3,10.52,72,False,True,2,Unresolved - Pending Engineering
TCK-101369,2024-08-12 04:20:00,Performance/Slowness,Chat,Basic,Agent_01,High,1.0,11.37,24,False,True,3,Resolved - Escalated
TCK-102862,2024-08-12 07:25:00,Performance/Slowness,Phone,Enterprise,Agent_01,Critical,2.9,8.48,4,True,True,1,Resolved - Escalated
TCK-103115,2024-08-12 11:46:00,Integration/API,Email,Free,Agent_12,Low,25.4,14.83,120,False,False,4,Resolved
TCK-101078,2024-08-12 17:38:00,Login/Authentication,Chat,Free,Agent_09,Critical,2.2,0.7,4,False,False,4,Resolved
TCK-102030,2024-08-12 18:21:00,Feature Request,Chat,Basic,Agent_06,High,4.7,24.45,24,True,False,3,Resolved - Workaround
TCK-100610,2024-08-12 20:31:00,Feature Request,Email,Free,Agent_12,Critical,2.5,0.8,4,False,False,3,Resolved
TCK-103446,2024-08-13 00:00:00,Login/Authentication,Chat,Pro,Agent_06,Medium,8.7,1.75,72,False,False,4,Resolved - Workaround
TCK-101840,2024-08-13 00:02:00,Bug/Error,Phone,Free,Agent_10,High,1.0,23.37,24,False,False,4,Resolved - Workaround
TCK-102590,2024-08-13 03:28:00,Billing/Invoicing,Email,Free,Agent_06,Medium,23.8,2.21,72,False,False,5,Resolved
TCK-100578,2024-08-13 04:16:00,Login/Authentication,Portal,Free,Agent_11,High,28.2,0.63,24,False,True,3,Resolved - Escalated
TCK-102516,2024-08-13 05:06:00,Data Export/Import,Portal,Basic,Agent_05,High,118.6,4.52,24,False,True,3,Resolved - Escalated
TCK-102926,2024-08-13 06:30:00,Account Setup,Email,Pro,Agent_12,High,25.1,1.38,24,False,True,3,Resolved - Escalated
TCK-102120,2024-08-13 06:33:00,Bug/Error,Chat,Pro,Agent_02,High,9.2,4.26,24,False,True,5,Unresolved - Pending Engineering
TCK-100504,2024-08-13 09:50:00,Data Export/Import,Email,Basic,Agent_06,Low,156.5,12.17,120,False,False,4,Resolved
TCK-100761,2024-08-13 11:31:00,Login/Authentication,Portal,Basic,Agent_06,High,31.6,3.34,24,False,False,4,Resolved
TCK-102989,2024-08-13 13:30:00,Data Export/Import,Email,Free,Agent_07,Medium,16.1,10.84,72,False,False,5,Resolved
TCK-103134,2024-08-13 15:49:00,Performance/Slowness,Chat,Free,Agent_04,Critical,1.6,0.8,4,False,True,3,Unresolved - Pending Engineering
TCK-101966,2024-08-13 16:35:00,Login/Authentication,Chat,Basic,Agent_01,Critical,1.0,1.58,4,False,False,4,Resolved
TCK-100787,2024-08-13 21:45:00,Data Export/Import,Email,Basic,Agent_12,Low,50.6,11.42,120,False,False,4,Resolved
TCK-103837,2024-08-14 00:00:00,Bug/Error,Phone,Pro,Agent_10,Critical,1.0,1.48,4,False,False,4,Resolved
TCK-103396,2024-08-14 00:00:00,Performance/Slowness,Chat,Enterprise,Agent_11,High,3.4,3.28,24,False,True,2,Resolved - Escalated
TCK-100569,2024-08-14 01:54:00,Feature Request,Email,Free,Agent_06,High,29.0,9.16,24,False,False,4,Resolved
TCK-100096,2024-08-14 01:59:00,Performance/Slowness,Portal,Free,Agent_05,Medium,25.3,5.82,72,False,False,3,Resolved
TCK-102950,2024-08-14 02:55:00,Performance/Slowness,Chat,Pro,Agent_07,High,1.0,5.22,24,False,False,5,Resolved - Workaround
TCK-100638,2024-08-14 05:56:00,Bug/Error,Chat,Pro,Agent_01,High,1.5,1.88,24,False,False,4,Resolved
TCK-100552,2024-08-14 06:48:00,Performance/Slowness,Email,Enterprise,Agent_03,High,39.9,12.66,24,False,True,2,Resolved - Escalated
TCK-103139,2024-08-14 09:14:00,Integration/API,Portal,Free,Agent_02,High,58.8,9.01,24,False,False,3,Resolved
TCK-102209,2024-08-14 11:15:00,Performance/Slowness,Email,Pro,Agent_08,Medium,292.8,1.36,72,False,True,4,Resolved - Escalated
TCK-100928,2024-08-14 15:59:00,Account Setup,Email,Free,Agent_07,Medium,11.9,1.61,72,False,False,3,Resolved
TCK-103782,2024-08-15 00:00:00,Billing/Invoicing,Chat,Free,Agent_06,Medium,16.4,0.99,72,False,False,4,Resolved
TCK-103617,2024-08-15 00:00:00,Integration/API,Chat,Free,Agent_05,Low,1.0,14.31,120,False,False,5,Resolved
TCK-103893,2024-08-15 00:00:00,Performance/Slowness,Email,Free,Agent_05,Critical,21.2,0.32,4,False,False,4,Resolved - Workaround
TCK-103197,2024-08-15 00:56:00,Login/Authentication,Email,Pro,Agent_06,High,1.0,1.3,24,False,False,4,Resolved
TCK-102176,2024-08-15 05:00:00,Bug/Error,Portal,Free,Agent_01,Critical,48.2,7.33,4,True,False,3,Resolved
TCK-102403,2024-08-15 08:03:00,Bug/Error,Portal,Free,Agent_04,Medium,103.7,3.1,72,False,True,3,Unresolved - Pending Engineering
TCK-102799,2024-08-15 11:34:00,Performance/Slowness,Chat,Basic,Agent_01,Critical,1.0,0.55,4,False,True,3,Resolved - Escalated
TCK-100089,2024-08-15 14:52:00,Login/Authentication,Portal,Basic,Agent_12,Medium,17.0,0.52,72,False,False,4,Resolved
TCK-102356,2024-08-15 15:19:00,Login/Authentication,Phone,Basic,Agent_12,Medium,1.0,1.35,72,False,False,4,Resolved
TCK-103303,2024-08-15 16:04:00,Billing/Invoicing,Phone,Pro,Agent_04,Low,12.2,2.76,120,False,False,4,Resolved
TCK-100688,2024-08-15 17:26:00,Billing/Invoicing,Email,Free,Agent_09,Critical,1.0,0.53,4,False,False,3,Resolved
TCK-102446,2024-08-15 18:20:00,Bug/Error,Portal,Pro,Agent_04,Medium,22.9,1.63,72,False,False,5,Resolved
TCK-100736,2024-08-15 19:23:00,Bug/Error,Portal,Free,Agent_11,High,1.0,6.61,24,False,False,4,Resolved
TCK-102512,2024-08-15 19:32:00,Billing/Invoicing,Email,Enterprise,Agent_02,Medium,19.9,2.43,72,False,False,4,Resolved - Workaround
TCK-102841,2024-08-15 19:37:00,Bug/Error,Portal,Pro,Agent_04,Low,85.9,39.64,120,False,True,3,Resolved - Escalated
TCK-100762,2024-08-15 21:15:00,Bug/Error,Portal,Free,Agent_06,High,112.4,1.08,24,False,False,4,Resolved
TCK-100611,2024-08-15 22:16:00,Login/Authentication,Chat,Free,Agent_12,High,5.4,0.75,24,False,True,2,Resolved - Escalated
TCK-103302,2024-08-15 22:56:00,Bug/Error,Chat,Basic,Agent_02,Medium,5.3,44.66,72,False,False,5,Resolved - Workaround
TCK-103701,2024-08-16 00:00:00,Feature Request,Email,Pro,Agent_03,Medium,63.2,22.8,72,False,False,3,Resolved
TCK-103900,2024-08-16 00:00:00,Billing/Invoicing,Chat,Basic,Agent_08,High,3.4,1.71,24,False,False,4,Resolved
TCK-103763,2024-08-16 00:00:00,Bug/Error,Email,Pro,Agent_12,Critical,1.0,1.47,4,False,False,4,Resolved
TCK-102577,2024-08-16 00:17:00,Performance/Slowness,Email,Basic,Agent_03,Low,70.0,16.84,120,False,True,4,Resolved - Escalated
TCK-102566,2024-08-16 00:59:00,Data Export/Import,Email,Pro,Agent_08,Low,31.1,1.83,120,False,False,4,Resolved
TCK-103293,2024-08-16 03:02:00,Bug/Error,Portal,Pro,Agent_05,Medium,22.2,0.78,72,False,False,5,Resolved
TCK-101893,2024-08-16 05:28:00,Bug/Error,Email,Free,Agent_06,Medium,39.9,9.24,72,False,True,3,Resolved - Escalated
TCK-100744,2024-08-16 06:23:00,Account Setup,Email,Free,Agent_02,Medium,5.3,1.08,72,False,False,5,Resolved - Workaround
TCK-101469,2024-08-16 06:37:00,Billing/Invoicing,Email,Free,Agent_03,High,29.3,3.19,24,False,False,5,Resolved
TCK-102486,2024-08-16 08:52:00,Login/Authentication,Chat,Basic,Agent_02,Critical,3.1,0.38,4,False,False,4,Resolved
TCK-101483,2024-08-16 09:04:00,Login/Authentication,Portal,Basic,Agent_11,Critical,3.7,0.76,4,False,False,4,Resolved
TCK-103020,2024-08-16 14:08:00,Bug/Error,Email,Pro,Agent_04,Medium,11.8,18.0,72,False,False,4,Resolved
TCK-101171,2024-08-16 19:31:00,Bug/Error,Chat,Basic,Agent_03,Critical,1.0,2.87,4,False,False,5,Resolved - Workaround
TCK-101015,2024-08-16 22:51:00,Billing/Invoicing,Chat,Pro,Agent_10,Medium,3.3,6.24,72,False,False,5,Resolved
TCK-100801,2024-08-17 02:31:00,Integration/API,Email,Enterprise,Agent_04,High,66.5,1.75,24,False,True,2,Unresolved - Pending Engineering
TCK-103096,2024-08-17 23:13:00,Bug/Error,Chat,Pro,Agent_10,High,19.2,2.25,24,False,True,2,Resolved - Escalated
TCK-100892,2024-08-17 23:44:00,Feature Request,Email,Free,Agent_06,Low,3.1,17.78,120,False,True,3,Resolved - Escalated
TCK-102823,2024-08-18 09:13:00,Login/Authentication,Email,Free,Agent_11,Medium,187.4,6.65,72,False,False,4,Resolved
TCK-101639,2024-08-18 16:29:00,Bug/Error,Email,Free,Agent_08,High,35.0,4.77,24,False,False,4,Resolved
TCK-101359,2024-08-18 20:24:00,Bug/Error,Email,Free,Agent_10,Medium,81.3,7.58,72,False,False,3,Resolved
TCK-103932,2024-08-19 00:00:00,Data Export/Import,Email,Free,Agent_04,Medium,14.4,0.87,72,False,False,4,Resolved
TCK-103382,2024-08-19 00:00:00,Billing/Invoicing,Phone,Pro,Agent_11,Critical,1.0,0.43,4,False,False,4,Resolved
TCK-103957,2024-08-19 00:00:00,Login/Authentication,Email,Free,Agent_09,Low,13.8,2.33,120,False,False,4,Resolved
TCK-101559,2024-08-19 03:32:00,Performance/Slowness,Chat,Basic,Agent_12,Low,2.4,18.5,120,False,False,5,Resolved
TCK-101026,2024-08-19 07:08:00,Performance/Slowness,Chat,Pro,Agent_08,Critical,2.6,0.65,4,False,False,4,Resolved
TCK-100246,2024-08-19 15:16:00,Data Export/Import,Email,Basic,Agent_02,Critical,2.0,0.7,4,False,False,4,Resolved
TCK-102765,2024-08-19 15:27:00,Performance/Slowness,Phone,Free,Agent_01,Medium,1.0,17.78,72,False,False,5,Resolved
TCK-100886,2024-08-19 16:07:00,Performance/Slowness,Chat,Pro,Agent_06,Critical,8.1,4.38,4,True,False,4,Resolved
TCK-101315,2024-08-19 16:52:00,Performance/Slowness,Email,Free,Agent_10,High,26.1,14.31,24,False,False,3,Resolved
TCK-100501,2024-08-19 20:13:00,Feature Request,Email,Basic,Agent_12,Medium,4.4,22.17,72,False,False,3,Resolved - Workaround
TCK-101264,2024-08-19 21:32:00,Performance/Slowness,Portal,Free,Agent_03,High,15.0,6.82,24,False,True,4,Resolved - Escalated
TCK-102680,2024-08-19 22:08:00,Bug/Error,Portal,Pro,Agent_08,High,60.1,0.79,24,False,True,2,Resolved - Escalated
TCK-101846,2024-08-19 22:30:00,Integration/API,Portal,Free,Agent_06,Low,534.1,43.66,120,False,True,2,Unresolved - Pending Engineering
TCK-103509,2024-08-20 00:00:00,Login/Authentication,Email,Pro,Agent_09,High,62.3,3.43,24,False,False,3,Resolved
TCK-103980,2024-08-20 00:00:00,Login/Authentication,Email,Free,Agent_02,Medium,77.6,4.61,72,False,False,4,Resolved
TCK-103403,2024-08-20 00:00:00,Billing/Invoicing,Phone,Free,Agent_05,Medium,1.0,9.62,72,False,False,5,Resolved
TCK-103772,2024-08-20 00:00:00,Integration/API,Chat,Basic,Agent_08,Medium,15.2,165.11,72,True,False,3,Resolved
TCK-102981,2024-08-20 03:03:00,Login/Authentication,Email,Pro,Agent_09,Medium,36.3,1.27,72,False,False,4,Resolved
TCK-102772,2024-08-20 05:02:00,Bug/Error,Chat,Pro,Agent_02,Low,1.5,53.34,120,False,False,5,Resolved
TCK-103067,2024-08-20 07:15:00,Billing/Invoicing,Email,Pro,Agent_03,High,12.3,3.66,24,False,False,3,Resolved
TCK-102500,2024-08-20 08:55:00,Login/Authentication,Email,Basic,Agent_01,Critical,1.0,0.6,4,False,False,4,Resolved - Workaround
TCK-103203,2024-08-20 10:36:00,Billing/Invoicing,Portal,Basic,Agent_05,Low,12.0,7.33,120,False,False,4,Resolved - Workaround
TCK-100352,2024-08-20 11:31:00,Login/Authentication,Email,Free,Agent_01,High,5.3,0.41,24,False,False,4,Resolved
TCK-100646,2024-08-20 13:15:00,Billing/Invoicing,Chat,Free,Agent_04,Low,20.4,7.12,120,False,True,3,Resolved - Escalated
TCK-101457,2024-08-20 14:28:00,Performance/Slowness,Email,Free,Agent_08,High,68.7,4.18,24,False,False,4,Resolved
TCK-101440,2024-08-20 18:38:00,Account Setup,Phone,Basic,Agent_03,Medium,2.9,3.76,72,False,False,5,Resolved
TCK-102952,2024-08-20 19:40:00,Bug/Error,Portal,Basic,Agent_10,High,13.9,1.47,24,False,False,4,Resolved
TCK-102383,2024-08-20 20:43:00,Billing/Invoicing,Chat,Pro,Agent_06,Critical,1.0,0.91,4,False,False,5,Resolved - Workaround
TCK-103879,2024-08-21 00:00:00,Bug/Error,Portal,Free,Agent_11,High,21.1,7.98,24,False,False,5,Resolved
TCK-103869,2024-08-21 00:00:00,Billing/Invoicing,Chat,Free,Agent_02,Medium,2.3,5.01,72,False,False,4,Resolved - Workaround
TCK-100816,2024-08-21 00:13:00,Account Setup,Phone,Basic,Agent_08,Low,1.9,0.14,120,False,False,3,Resolved
TCK-102763,2024-08-21 05:32:00,Billing/Invoicing,Chat,Basic,Agent_07,High,4.7,1.18,24,False,True,3,Resolved - Escalated
TCK-100813,2024-08-21 11:50:00,Billing/Invoicing,Portal,Pro,Agent_03,Low,82.9,13.19,120,False,False,4,Resolved - Workaround
TCK-100203,2024-08-21 13:52:00,Billing/Invoicing,Chat,Enterprise,Agent_07,High,2.3,0.19,24,False,False,3,Resolved
TCK-102396,2024-08-21 15:47:00,Bug/Error,Chat,Free,Agent_04,Medium,1.0,0.67,72,False,False,5,Resolved
TCK-101011,2024-08-21 19:22:00,Bug/Error,Email,Enterprise,Agent_06,Medium,7.4,1.13,72,False,False,5,Resolved
TCK-100994,2024-08-21 19:52:00,Login/Authentication,Phone,Free,Agent_06,High,5.4,0.56,24,False,False,3,Resolved
TCK-100706,2024-08-21 22:41:00,Billing/Invoicing,Phone,Basic,Agent_02,Medium,4.9,2.37,72,False,False,4,Resolved
TCK-102485,2024-08-21 23:07:00,Billing/Invoicing,Portal,Pro,Agent_07,Medium,75.0,1.89,72,False,False,5,Resolved
TCK-103495,2024-08-22 00:00:00,Login/Authentication,Chat,Free,Agent_10,Medium,14.2,2.63,72,False,False,4,Resolved
TCK-103410,2024-08-22 00:00:00,Performance/Slowness,Chat,Basic,Agent_12,Critical,1.0,9.74,4,True,False,3,Resolved
TCK-100982,2024-08-22 00:55:00,Billing/Invoicing,Chat,Pro,Agent_05,Low,6.1,5.46,120,False,False,5,Resolved - Workaround
TCK-101068,2024-08-22 01:00:00,Login/Authentication,Chat,Enterprise,Agent_12,Medium,1.4,0.93,72,False,False,5,Resolved
TCK-101297,2024-08-22 01:06:00,Bug/Error,Email,Basic,Agent_03,Medium,20.8,1.27,72,False,True,3,Resolved - Escalated
TCK-103195,2024-08-22 01:08:00,Billing/Invoicing,Phone,Pro,Agent_04,Low,3.4,0.27,120,False,False,3,Resolved
TCK-101114,2024-08-22 03:31:00,Feature Request,Chat,Free,Agent_05,Medium,1.0,96.3,72,True,False,5,Resolved
TCK-101940,2024-08-22 05:54:00,Feature Request,Portal,Pro,Agent_06,High,87.3,26.64,24,True,True,1,Resolved - Escalated
TCK-100080,2024-08-22 12:24:00,Login/Authentication,Phone,Basic,Agent_07,High,1.0,0.23,24,False,False,4,Resolved - Workaround
TCK-100607,2024-08-22 14:32:00,Account Setup,Portal,Pro,Agent_12,Medium,44.8,0.37,72,False,False,4,Resolved
TCK-101102,2024-08-22 14:56:00,Login/Authentication,Chat,Pro,Agent_09,Critical,2.4,0.44,4,False,True,3,Unresolved - Pending Engineering
TCK-101279,2024-08-22 19:09:00,Feature Request,Chat,Enterprise,Agent_11,Medium,2.0,21.86,72,False,False,3,Resolved
TCK-102773,2024-08-22 19:51:00,Performance/Slowness,Email,Basic,Agent_10,Medium,17.3,7.92,72,False,False,5,Resolved
TCK-101204,2024-08-22 20:48:00,Feature Request,Phone,Pro,Agent_12,Medium,6.1,23.31,72,False,False,4,Resolved
TCK-100584,2024-08-22 20:57:00,Bug/Error,Email,Pro,Agent_08,Critical,2.2,2.71,4,False,True,4,Resolved - Escalated
TCK-101896,2024-08-22 22:47:00,Login/Authentication,Email,Pro,Agent_05,Medium,11.3,2.58,72,False,False,4,Resolved
TCK-103977,2024-08-23 00:00:00,Performance/Slowness,Portal,Enterprise,Agent_04,Medium,32.4,6.69,72,False,False,5,Resolved
TCK-103451,2024-08-23 00:00:00,Integration/API,Phone,Enterprise,Agent_12,Medium,3.6,6.19,72,False,False,4,Resolved
TCK-103687,2024-08-23 00:00:00,Login/Authentication,Email,Pro,Agent_06,Medium,22.1,1.18,72,False,False,4,Resolved
TCK-100966,2024-08-23 04:02:00,Integration/API,Phone,Basic,Agent_08,Medium,4.9,4.32,72,False,False,5,Resolved - Workaround
TCK-101816,2024-08-23 05:50:00,Integration/API,Portal,Basic,Agent_03,High,78.7,6.28,24,False,False,5,Resolved
TCK-100992,2024-08-23 07:14:00,Bug/Error,Portal,Basic,Agent_09,High,28.5,7.39,24,False,False,4,Resolved
TCK-101680,2024-08-23 09:45:00,Billing/Invoicing,Email,Basic,Agent_06,High,27.0,0.45,24,False,False,4,Resolved
TCK-100751,2024-08-23 10:57:00,Bug/Error,Chat,Pro,Agent_02,Medium,6.7,2.25,72,False,True,3,Resolved - Escalated
TCK-102153,2024-08-23 17:39:00,Login/Authentication,Chat,Basic,Agent_12,High,13.1,0.1,24,False,False,5,Resolved
TCK-102386,2024-08-23 17:47:00,Data Export/Import,Portal,Basic,Agent_03,Medium,116.2,1.99,72,False,False,5,Resolved
TCK-100272,2024-08-23 17:48:00,Account Setup,Portal,Free,Agent_01,High,2.3,4.36,24,False,False,4,Resolved
TCK-101838,2024-08-23 18:54:00,Login/Authentication,Chat,Free,Agent_05,Medium,10.0,5.33,72,False,False,4,Resolved
TCK-101964,2024-08-23 20:00:00,Account Setup,Chat,Basic,Agent_01,Medium,1.9,1.2,72,False,False,5,Resolved
TCK-103097,2024-08-23 20:43:00,Integration/API,Chat,Free,Agent_09,Low,9.2,31.5,120,False,True,3,Resolved - Escalated
TCK-102535,2024-08-23 23:24:00,Feature Request,Phone,Pro,Agent_07,Medium,7.1,17.62,72,False,False,4,Resolved
TCK-102887,2024-08-24 12:35:00,Data Export/Import,Phone,Pro,Agent_02,Medium,3.7,0.73,72,False,False,4,Resolved
TCK-102717,2024-08-24 19:01:00,Integration/API,Email,Basic,Agent_12,Low,60.6,12.21,120,False,True,3,Resolved - Escalated
TCK-102032,2024-08-24 22:27:00,Login/Authentication,Email,Basic,Agent_01,High,19.5,1.5,24,False,False,5,Resolved
TCK-102123,2024-08-25 03:07:00,Integration/API,Portal,Basic,Agent_01,Medium,184.0,40.63,72,False,False,4,Resolved
TCK-101481,2024-08-25 05:57:00,Account Setup,Email,Free,Agent_02,Medium,1.7,2.25,72,False,False,4,Resolved - Workaround
TCK-103234,2024-08-25 06:28:00,Login/Authentication,Phone,Enterprise,Agent_04,Critical,1.0,0.46,4,False,False,4,Resolved
TCK-103267,2024-08-25 13:38:00,Bug/Error,Portal,Basic,Agent_11,Low,47.1,85.52,120,False,False,5,Resolved
TCK-100183,2024-08-25 14:38:00,Data Export/Import,Portal,Basic,Agent_01,Medium,30.7,1.55,72,False,False,4,Resolved
TCK-101688,2024-08-25 15:40:00,Billing/Invoicing,Portal,Basic,Agent_11,Medium,80.9,7.02,72,False,False,5,Resolved
TCK-100943,2024-08-25 20:30:00,Bug/Error,Portal,Basic,Agent_04,High,95.7,6.2,24,False,False,4,Resolved
TCK-103596,2024-08-26 00:00:00,Account Setup,Phone,Pro,Agent_02,Medium,2.3,1.32,72,False,False,4,Resolved
TCK-103849,2024-08-26 00:00:00,Bug/Error,Chat,Basic,Agent_09,High,6.1,1.66,24,False,False,5,Resolved
TCK-103667,2024-08-26 00:00:00,Integration/API,Chat,Free,Agent_01,Medium,1.8,6.59,72,False,False,4,Resolved
TCK-101566,2024-08-26 01:37:00,Billing/Invoicing,Chat,Pro,Agent_08,Medium,11.8,3.28,72,False,False,4,Resolved
TCK-102804,2024-08-26 05:13:00,Bug/Error,Email,Pro,Agent_12,High,4.0,1.98,24,False,False,3,Resolved
TCK-100336,2024-08-26 06:25:00,Integration/API,Email,Basic,Agent_07,Low,10.8,13.88,120,False,False,4,Resolved
TCK-100315,2024-08-26 06:38:00,Billing/Invoicing,Email,Basic,Agent_05,High,1.0,0.99,24,False,False,4,Resolved
TCK-101950,2024-08-26 08:44:00,Bug/Error,Phone,Pro,Agent_06,Medium,1.0,0.99,72,False,True,4,Unresolved - Pending Engineering
TCK-102539,2024-08-26 09:37:00,Login/Authentication,Phone,Enterprise,Agent_09,Medium,4.9,8.0,72,False,False,5,Resolved
TCK-102187,2024-08-26 15:30:00,Feature Request,Chat,Pro,Agent_12,Low,7.0,16.25,120,False,False,5,Resolved
TCK-101145,2024-08-26 19:03:00,Billing/Invoicing,Chat,Free,Agent_02,Critical,1.6,1.16,4,False,False,5,Resolved
TCK-103346,2024-08-26 19:50:00,Login/Authentication,Email,Free,Agent_05,Critical,22.4,0.97,4,False,True,2,Unresolved - Pending Engineering
TCK-103193,2024-08-26 20:44:00,Bug/Error,Chat,Pro,Agent_03,Low,8.8,9.73,120,False,False,4,Resolved
TCK-102530,2024-08-26 21:30:00,Login/Authentication,Email,Free,Agent_04,High,14.8,4.41,24,False,False,4,Resolved
TCK-103548,2024-08-27 00:00:00,Bug/Error,Chat,Basic,Agent_09,Medium,26.8,9.09,72,False,False,5,Resolved
TCK-103645,2024-08-27 00:00:00,Billing/Invoicing,Chat,Basic,Agent_08,High,1.0,7.22,24,False,False,4,Resolved
TCK-103819,2024-08-27 00:00:00,Account Setup,Chat,Pro,Agent_09,Medium,19.1,0.36,72,False,False,3,Resolved
TCK-102186,2024-08-27 00:34:00,Bug/Error,Chat,Pro,Agent_03,High,3.1,2.21,24,False,True,2,Resolved - Escalated
TCK-101084,2024-08-27 01:29:00,Integration/API,Chat,Basic,Agent_10,Medium,2.4,14.54,72,False,True,4,Resolved - Escalated
TCK-100615,2024-08-27 03:39:00,Bug/Error,Chat,Basic,Agent_01,Critical,1.7,2.55,4,False,True,2,Resolved - Escalated
TCK-103132,2024-08-27 07:07:00,Account Setup,Email,Pro,Agent_12,High,31.4,0.34,24,False,False,5,Resolved
TCK-103235,2024-08-27 09:30:00,Integration/API,Phone,Basic,Agent_01,Low,2.4,58.89,120,False,False,4,Resolved
TCK-100313,2024-08-27 10:24:00,Billing/Invoicing,Email,Free,Agent_07,High,1.0,2.58,24,False,False,4,Resolved
TCK-100485,2024-08-27 14:43:00,Account Setup,Portal,Enterprise,Agent_03,Medium,24.7,0.69,72,False,False,5,Resolved
TCK-103297,2024-08-27 15:13:00,Bug/Error,Portal,Enterprise,Agent_03,Medium,58.7,9.21,72,False,False,5,Resolved
TCK-102206,2024-08-27 17:08:00,Data Export/Import,Email,Free,Agent_06,Medium,13.5,0.53,72,False,False,4,Resolved - Workaround
TCK-101842,2024-08-27 18:50:00,Billing/Invoicing,Chat,Free,Agent_04,Medium,1.0,1.07,72,False,False,3,Resolved - Workaround
TCK-103914,2024-08-28 00:00:00,Login/Authentication,Email,Pro,Agent_07,Medium,16.6,2.62,72,False,False,5,Resolved
TCK-103857,2024-08-28 00:00:00,Billing/Invoicing,Phone,Pro,Agent_12,Low,18.2,6.31,120,False,False,4,Resolved
TCK-102168,2024-08-28 00:50:00,Billing/Invoicing,Email,Pro,Agent_10,Low,171.3,5.72,120,False,False,3,Resolved
TCK-102296,2024-08-28 02:32:00,Account Setup,Email,Enterprise,Agent_10,Low,134.3,59.06,120,False,False,4,Resolved
TCK-102291,2024-08-28 04:41:00,Bug/Error,Chat,Basic,Agent_09,Low,15.0,6.28,120,False,False,4,Resolved
TCK-102852,2024-08-28 17:44:00,Bug/Error,Email,Basic,Agent_09,Low,29.5,12.86,120,False,True,2,Unresolved - Pending Engineering
TCK-102129,2024-08-28 17:57:00,Performance/Slowness,Chat,Pro,Agent_09,Medium,5.0,4.23,72,False,True,4,Resolved - Escalated
TCK-103991,2024-08-29 00:00:00,Login/Authentication,Chat,Free,Agent_11,Low,22.2,30.8,120,False,False,5,Resolved
TCK-102374,2024-08-29 00:32:00,Billing/Invoicing,Phone,Basic,Agent_05,Medium,1.0,4.35,72,False,False,5,Resolved
TCK-103005,2024-08-29 00:57:00,Integration/API,Portal,Basic,Agent_04,Low,96.9,13.43,120,False,False,4,Resolved
TCK-100292,2024-08-29 03:19:00,Integration/API,Chat,Pro,Agent_10,Medium,1.6,10.23,72,False,True,3,Resolved - Escalated
TCK-101267,2024-08-29 04:46:00,Performance/Slowness,Chat,Basic,Agent_01,Medium,2.3,0.82,72,False,False,4,Resolved
TCK-101249,2024-08-29 06:20:00,Billing/Invoicing,Chat,Free,Agent_02,Medium,3.9,2.04,72,False,False,4,Resolved
TCK-101096,2024-08-29 08:44:00,Bug/Error,Chat,Pro,Agent_02,Critical,2.8,3.48,4,False,False,5,Resolved
TCK-103144,2024-08-29 13:36:00,Data Export/Import,Phone,Pro,Agent_08,Medium,1.8,8.26,72,False,False,4,Resolved
TCK-102561,2024-08-29 13:49:00,Bug/Error,Portal,Enterprise,Agent_03,Medium,50.0,10.64,72,False,True,3,Resolved - Escalated
TCK-102728,2024-08-29 15:40:00,Data Export/Import,Chat,Basic,Agent_06,Medium,4.5,3.41,72,False,False,4,Resolved
TCK-101187,2024-08-29 17:44:00,Performance/Slowness,Email,Free,Agent_09,Medium,54.1,13.56,72,False,False,4,Resolved
TCK-103831,2024-08-30 00:00:00,Bug/Error,Chat,Free,Agent_08,High,1.7,4.71,24,False,False,5,Resolved - Workaround
TCK-102401,2024-08-30 00:04:00,Performance/Slowness,Email,Free,Agent_11,Medium,153.3,72.98,72,True,False,2,Resolved
TCK-102279,2024-08-30 02:43:00,Performance/Slowness,Portal,Pro,Agent_01,High,76.0,9.03,24,False,True,3,Resolved - Escalated
TCK-102183,2024-08-30 07:36:00,Bug/Error,Chat,Basic,Agent_08,Critical,2.1,4.67,4,True,True,1,Resolved - Escalated
TCK-102906,2024-08-30 10:22:00,Data Export/Import,Phone,Free,Agent_10,High,1.0,2.43,24,False,False,5,Resolved - Workaround
TCK-100644,2024-08-30 11:36:00,Performance/Slowness,Portal,Free,Agent_07,Medium,7.7,9.7,72,False,False,4,Resolved
TCK-102824,2024-08-30 15:02:00,Login/Authentication,Email,Basic,Agent_12,Low,7.1,3.09,120,False,False,4,Resolved
TCK-100014,2024-08-30 17:10:00,Integration/API,Email,Free,Agent_09,Medium,4.2,6.51,72,False,False,5,Resolved - Workaround
TCK-103215,2024-08-30 19:11:00,Bug/Error,Email,Pro,Agent_06,Low,35.1,18.05,120,False,False,5,Resolved
TCK-102908,2024-08-30 20:42:00,Login/Authentication,Email,Pro,Agent_02,Medium,31.0,4.06,72,False,False,4,Resolved
TCK-103251,2024-08-30 21:16:00,Login/Authentication,Phone,Basic,Agent_08,High,1.0,1.08,24,False,False,4,Resolved
TCK-101767,2024-08-30 21:45:00,Bug/Error,Email,Pro,Agent_03,High,20.0,12.87,24,False,True,3,Resolved - Escalated
TCK-101853,2024-08-30 22:55:00,Login/Authentication,Portal,Enterprise,Agent_06,Critical,21.7,1.19,4,False,False,3,Resolved
TCK-101631,2024-08-31 01:59:00,Bug/Error,Email,Free,Agent_04,Critical,1.6,27.65,4,True,True,2,Resolved - Escalated
TCK-102779,2024-08-31 07:52:00,Login/Authentication,Chat,Basic,Agent_06,High,3.4,0.37,24,False,False,4,Resolved
TCK-100640,2024-08-31 09:33:00,Account Setup,Email,Basic,Agent_03,Medium,7.9,3.04,72,False,False,5,Resolved - Workaround
TCK-100175,2024-08-31 16:44:00,Performance/Slowness,Phone,Basic,Agent_12,Critical,1.0,0.55,4,False,True,3,Resolved - Escalated
TCK-101370,2024-08-31 20:03:00,Login/Authentication,Portal,Free,Agent_06,Critical,3.2,1.96,4,False,False,4,Resolved
TCK-100870,2024-09-01 00:38:00,Performance/Slowness,Phone,Pro,Agent_02,Medium,1.8,9.99,72,False,False,3,Resolved
TCK-101526,2024-09-01 16:13:00,Account Setup,Phone,Basic,Agent_04,Low,2.7,0.34,120,False,False,4,Resolved
TCK-102915,2024-09-01 17:58:00,Integration/API,Email,Pro,Agent_06,Low,88.4,15.85,120,False,False,4,Resolved
TCK-100181,2024-09-01 19:39:00,Login/Authentication,Phone,Pro,Agent_04,Critical,1.0,0.12,4,False,False,4,Resolved
TCK-101575,2024-09-01 23:44:00,Login/Authentication,Chat,Free,Agent_07,Low,23.4,3.9,120,False,False,4,Resolved
TCK-103773,2024-09-02 00:00:00,Billing/Invoicing,Email,Basic,Agent_12,Medium,72.3,1.44,72,False,False,4,Resolved
TCK-103616,2024-09-02 00:00:00,Integration/API,Email,Enterprise,Agent_01,Medium,24.1,6.21,72,False,False,4,Resolved
TCK-103379,2024-09-02 00:00:00,Bug/Error,Chat,Free,Agent_08,High,1.0,4.89,24,False,False,4,Resolved
TCK-101813,2024-09-02 06:16:00,Data Export/Import,Phone,Enterprise,Agent_07,Medium,1.6,2.99,72,False,False,5,Resolved
TCK-101908,2024-09-02 06:31:00,Integration/API,Email,Basic,Agent_07,High,77.9,18.01,24,False,False,4,Resolved
TCK-101231,2024-09-02 08:34:00,Integration/API,Portal,Pro,Agent_08,Medium,29.0,16.06,72,False,False,5,Resolved
TCK-101712,2024-09-02 10:11:00,Login/Authentication,Email,Free,Agent_12,Medium,87.2,1.29,72,False,False,5,Resolved
TCK-100472,2024-09-02 11:05:00,Billing/Invoicing,Phone,Free,Agent_08,Low,3.3,0.74,120,False,False,4,Resolved
TCK-102667,2024-09-02 21:16:00,Login/Authentication,Chat,Free,Agent_05,High,1.0,1.49,24,False,False,4,Resolved
TCK-101606,2024-09-02 21:32:00,Bug/Error,Phone,Basic,Agent_01,Medium,1.0,7.16,72,False,False,4,Resolved
TCK-103732,2024-09-03 00:00:00,Performance/Slowness,Email,Free,Agent_05,High,47.7,18.66,24,False,False,3,Resolved
TCK-101797,2024-09-03 05:15:00,Billing/Invoicing,Email,Enterprise,Agent_12,High,1.0,5.52,24,False,False,5,Resolved - Workaround
TCK-103287,2024-09-03 08:12:00,Bug/Error,Phone,Free,Agent_10,Medium,4.0,2.03,72,False,False,5,Resolved
TCK-100527,2024-09-03 11:39:00,Bug/Error,Portal,Pro,Agent_06,High,3.4,6.74,24,False,False,4,Resolved
TCK-102018,2024-09-03 11:54:00,Performance/Slowness,Chat,Free,Agent_10,Critical,4.2,4.67,4,True,False,3,Resolved
TCK-101609,2024-09-03 13:42:00,Login/Authentication,Email,Pro,Agent_10,High,9.8,1.03,24,False,True,2,Resolved - Escalated
TCK-101747,2024-09-03 14:43:00,Data Export/Import,Portal,Enterprise,Agent_02,Medium,83.2,3.27,72,False,False,5,Resolved - Workaround
TCK-102544,2024-09-03 18:40:00,Integration/API,Chat,Pro,Agent_02,Low,33.8,43.6,120,False,False,3,Resolved
TCK-101970,2024-09-03 19:24:00,Billing/Invoicing,Portal,Free,Agent_02,Medium,73.8,6.6,72,False,False,4,Resolved
TCK-100237,2024-09-03 19:28:00,Billing/Invoicing,Email,Basic,Agent_08,Medium,14.9,1.52,72,False,False,4,Resolved
TCK-101751,2024-09-03 21:42:00,Account Setup,Portal,Basic,Agent_10,Low,48.2,4.05,120,False,False,4,Resolved - Workaround
TCK-101069,2024-09-04 05:13:00,Account Setup,Email,Free,Agent_08,Medium,24.1,3.78,72,False,False,3,Resolved
TCK-101225,2024-09-04 05:38:00,Bug/Error,Chat,Free,Agent_08,Medium,49.6,26.64,72,False,False,4,Resolved
TCK-102939,2024-09-04 07:48:00,Login/Authentication,Portal,Free,Agent_11,High,15.3,1.33,24,False,False,4,Resolved
TCK-102488,2024-09-04 13:59:00,Login/Authentication,Email,Enterprise,Agent_03,High,1.0,1.99,24,False,False,5,Resolved
TCK-100554,2024-09-04 16:47:00,Bug/Error,Portal,Free,Agent_02,Medium,60.3,8.98,72,False,True,2,Unresolved - Pending Engineering
TCK-103125,2024-09-04 19:23:00,Login/Authentication,Chat,Free,Agent_08,High,13.0,0.6,24,False,False,4,Resolved - Workaround
TCK-101621,2024-09-04 19:29:00,Feature Request,Portal,Free,Agent_12,Low,126.3,1.18,120,False,False,5,Resolved
TCK-103198,2024-09-04 23:04:00,Login/Authentication,Chat,Free,Agent_05,Medium,9.1,2.4,72,False,False,5,Resolved
TCK-100478,2024-09-04 23:30:00,Performance/Slowness,Portal,Free,Agent_12,Medium,15.0,112.58,72,True,False,4,Resolved - Workaround
TCK-103539,2024-09-05 00:00:00,Data Export/Import,Email,Basic,Agent_01,Low,16.3,5.56,120,False,False,3,Resolved
TCK-102805,2024-09-05 01:59:00,Billing/Invoicing,Chat,Enterprise,Agent_10,Medium,7.0,4.08,72,False,False,4,Resolved
TCK-102670,2024-09-05 02:50:00,Login/Authentication,Phone,Free,Agent_03,High,1.0,1.76,24,False,False,5,Resolved
TCK-100991,2024-09-05 03:49:00,Integration/API,Portal,Free,Agent_02,Medium,46.2,58.3,72,False,True,3,Resolved - Escalated
TCK-103199,2024-09-05 04:10:00,Performance/Slowness,Phone,Pro,Agent_05,High,4.4,2.57,24,False,False,4,Resolved
TCK-102996,2024-09-05 08:48:00,Performance/Slowness,Portal,Pro,Agent_04,Medium,17.8,40.29,72,False,True,3,Resolved - Escalated
TCK-102550,2024-09-05 13:37:00,Data Export/Import,Chat,Basic,Agent_06,Medium,8.3,0.87,72,False,False,4,Resolved
TCK-100091,2024-09-05 15:50:00,Bug/Error,Email,Free,Agent_10,Medium,12.3,16.5,72,False,False,5,Resolved
TCK-101682,2024-09-05 17:19:00,Data Export/Import,Chat,Enterprise,Agent_05,Medium,1.0,17.86,72,False,False,3,Resolved
TCK-101841,2024-09-05 18:26:00,Integration/API,Chat,Pro,Agent_11,Medium,5.6,4.48,72,False,False,4,Resolved - Workaround
TCK-101200,2024-09-05 19:01:00,Login/Authentication,Chat,Free,Agent_09,High,5.5,1.21,24,False,False,4,Resolved
TCK-102160,2024-09-05 19:07:00,Data Export/Import,Email,Basic,Agent_09,Low,240.9,10.76,120,False,False,4,Resolved
TCK-102167,2024-09-05 19:41:00,Data Export/Import,Email,Free,Agent_07,Low,120.1,3.93,120,False,False,5,Resolved
TCK-103971,2024-09-06 00:00:00,Account Setup,Portal,Basic,Agent_04,Medium,74.2,0.75,72,False,True,3,Resolved - Escalated
TCK-103373,2024-09-06 00:00:00,Bug/Error,Email,Basic,Agent_10,High,29.0,6.37,24,False,True,2,Resolved - Escalated
TCK-103762,2024-09-06 00:00:00,Account Setup,Phone,Free,Agent_12,Medium,3.6,1.18,72,False,False,4,Resolved - Workaround
TCK-101906,2024-09-06 01:18:00,Bug/Error,Portal,Free,Agent_08,Medium,97.3,5.33,72,False,False,4,Resolved
TCK-102071,2024-09-06 02:12:00,Login/Authentication,Portal,Basic,Agent_07,High,59.9,3.91,24,False,False,4,Resolved
TCK-101230,2024-09-06 04:01:00,Login/Authentication,Portal,Basic,Agent_07,High,57.5,1.68,24,False,False,4,Resolved
TCK-101079,2024-09-06 04:52:00,Login/Authentication,Email,Free,Agent_08,Critical,1.0,1.37,4,False,False,4,Resolved
TCK-101938,2024-09-06 08:29:00,Data Export/Import,Phone,Free,Agent_08,Low,1.4,3.12,120,False,False,4,Resolved
TCK-100626,2024-09-06 09:23:00,Login/Authentication,Portal,Pro,Agent_10,Medium,40.9,1.02,72,False,False,4,Resolved
TCK-100722,2024-09-06 10:18:00,Login/Authentication,Portal,Free,Agent_12,High,37.6,3.55,24,False,False,4,Resolved
TCK-101504,2024-09-06 11:21:00,Login/Authentication,Email,Pro,Agent_07,High,1.0,0.57,24,False,True,2,Resolved - Escalated
TCK-100348,2024-09-06 12:45:00,Login/Authentication,Portal,Pro,Agent_04,Critical,8.7,0.38,4,False,False,4,Resolved
TCK-100543,2024-09-06 18:25:00,Performance/Slowness,Email,Free,Agent_07,Medium,36.6,5.76,72,False,False,4,Resolved
TCK-102135,2024-09-06 19:45:00,Integration/API,Chat,Free,Agent_09,Low,1.0,16.64,120,False,False,4,Resolved - Workaround
TCK-101378,2024-09-07 01:50:00,Data Export/Import,Email,Basic,Agent_08,High,65.5,5.07,24,False,False,4,Resolved
TCK-100147,2024-09-07 02:56:00,Integration/API,Portal,Basic,Agent_08,Low,35.7,14.45,120,False,False,5,Resolved
TCK-103021,2024-09-07 03:14:00,Bug/Error,Portal,Free,Agent_08,High,25.2,10.51,24,False,False,5,Resolved
TCK-102473,2024-09-07 10:54:00,Login/Authentication,Chat,Pro,Agent_02,Medium,1.0,5.85,72,False,False,5,Resolved
TCK-101143,2024-09-08 04:50:00,Bug/Error,Chat,Basic,Agent_02,High,6.4,11.34,24,False,True,3,Resolved - Escalated
TCK-100389,2024-09-08 05:53:00,Integration/API,Email,Pro,Agent_08,Low,134.0,12.01,120,False,False,4,Resolved
TCK-103116,2024-09-08 09:16:00,Bug/Error,Chat,Pro,Agent_03,Medium,2.1,9.12,72,False,False,3,Resolved
TCK-100333,2024-09-08 21:58:00,Performance/Slowness,Phone,Pro,Agent_02,High,2.0,2.08,24,False,False,4,Resolved
TCK-103897,2024-09-09 00:00:00,Billing/Invoicing,Portal,Pro,Agent_01,Low,39.2,11.63,120,False,False,4,Resolved
TCK-103436,2024-09-09 00:00:00,Bug/Error,Portal,Enterprise,Agent_06,Critical,38.2,5.72,4,True,True,1,Resolved - Escalated
TCK-102371,2024-09-09 05:08:00,Login/Authentication,Chat,Basic,Agent_03,Medium,21.3,2.06,72,False,False,5,Resolved
TCK-102479,2024-09-09 05:45:00,Bug/Error,Email,Pro,Agent_04,High,16.1,4.68,24,False,False,4,Resolved
TCK-100558,2024-09-09 06:26:00,Bug/Error,Email,Basic,Agent_07,High,12.3,1.93,24,False,False,4,Resolved
TCK-100684,2024-09-09 06:26:00,Login/Authentication,Chat,Basic,Agent_02,Critical,1.7,0.75,4,False,True,3,Resolved - Escalated
TCK-101977,2024-09-09 06:58:00,Login/Authentication,Chat,Free,Agent_03,Medium,2.7,0.59,72,False,False,5,Resolved
TCK-100906,2024-09-09 09:59:00,Billing/Invoicing,Portal,Free,Agent_12,Medium,54.8,3.26,72,False,False,4,Resolved
TCK-103095,2024-09-09 11:54:00,Billing/Invoicing,Portal,Basic,Agent_12,Low,463.9,11.33,120,False,False,4,Resolved
TCK-103764,2024-09-10 00:00:00,Data Export/Import,Email,Basic,Agent_06,Medium,48.8,6.38,72,False,False,4,Resolved
TCK-103537,2024-09-10 00:00:00,Performance/Slowness,Email,Pro,Agent_03,Low,29.4,4.9,120,False,True,3,Unresolved - Pending Engineering
TCK-103760,2024-09-10 00:00:00,Login/Authentication,Portal,Free,Agent_12,Medium,1.0,3.98,72,False,False,5,Resolved - Workaround
TCK-103647,2024-09-10 00:00:00,Login/Authentication,Portal,Pro,Agent_11,Medium,66.6,4.31,72,False,False,5,Resolved
TCK-103715,2024-09-10 00:00:00,Login/Authentication,Phone,Pro,Agent_08,High,1.0,2.98,24,False,False,4,Resolved
TCK-102137,2024-09-10 00:58:00,Billing/Invoicing,Phone,Pro,Agent_01,Medium,7.9,3.31,72,False,True,4,Unresolved - Pending Engineering
TCK-101397,2024-09-10 01:57:00,Login/Authentication,Email,Enterprise,Agent_11,High,14.8,0.82,24,False,False,4,Resolved
TCK-102496,2024-09-10 03:32:00,Data Export/Import,Phone,Basic,Agent_04,Medium,1.7,2.22,72,False,False,3,Resolved
TCK-100349,2024-09-10 04:09:00,Performance/Slowness,Chat,Pro,Agent_02,Medium,14.7,3.58,72,False,False,4,Resolved
TCK-101157,2024-09-10 04:34:00,Feature Request,Chat,Free,Agent_12,Low,2.7,0.57,120,False,False,4,Resolved
TCK-102203,2024-09-10 06:04:00,Account Setup,Email,Basic,Agent_03,Low,41.3,4.22,120,False,False,4,Resolved - Workaround
TCK-102130,2024-09-10 09:34:00,Bug/Error,Phone,Basic,Agent_01,Medium,3.5,8.49,72,False,True,3,Resolved - Escalated
TCK-102949,2024-09-10 15:34:00,Login/Authentication,Email,Basic,Agent_07,High,12.6,3.9,24,False,False,5,Resolved
TCK-101963,2024-09-10 18:21:00,Bug/Error,Chat,Enterprise,Agent_09,Medium,1.0,5.87,72,False,False,4,Resolved
TCK-100400,2024-09-10 23:16:00,Bug/Error,Email,Basic,Agent_12,High,1.0,8.33,24,False,False,4,Resolved
TCK-101975,2024-09-10 23:46:00,Bug/Error,Portal,Pro,Agent_08,Critical,1.0,0.63,4,False,False,4,Resolved
TCK-102408,2024-09-11 01:07:00,Billing/Invoicing,Email,Pro,Agent_10,Medium,27.4,0.92,72,False,False,4,Resolved
TCK-102791,2024-09-11 01:26:00,Billing/Invoicing,Email,Free,Agent_04,Medium,64.5,0.29,72,False,False,4,Resolved
TCK-101590,2024-09-11 01:32:00,Bug/Error,Phone,Enterprise,Agent_07,Medium,6.0,7.73,72,False,False,4,Resolved
TCK-101043,2024-09-11 06:53:00,Feature Request,Email,Basic,Agent_10,Low,11.2,38.06,120,False,False,4,Resolved
TCK-100924,2024-09-11 08:17:00,Bug/Error,Chat,Basic,Agent_01,Critical,2.6,0.6,4,False,True,3,Resolved - Escalated
TCK-102134,2024-09-11 13:23:00,Billing/Invoicing,Email,Enterprise,Agent_06,Medium,161.7,0.66,72,False,True,3,Resolved - Escalated
TCK-100803,2024-09-11 13:35:00,Billing/Invoicing,Email,Enterprise,Agent_02,Medium,46.6,3.29,72,False,False,4,Resolved
TCK-100617,2024-09-11 16:48:00,Login/Authentication,Email,Basic,Agent_01,High,19.2,0.1,24,False,False,4,Resolved - Workaround
TCK-101030,2024-09-11 21:18:00,Data Export/Import,Phone,Free,Agent_12,Low,2.2,5.69,120,False,True,3,Resolved - Escalated
TCK-101213,2024-09-11 22:43:00,Performance/Slowness,Portal,Basic,Agent_05,Medium,61.6,11.4,72,False,False,5,Resolved
TCK-103285,2024-09-11 23:19:00,Login/Authentication,Chat,Free,Agent_03,Critical,1.4,0.55,4,False,False,5,Resolved - Workaround
TCK-103050,2024-09-11 23:42:00,Data Export/Import,Portal,Free,Agent_12,Medium,132.1,13.38,72,False,False,4,Resolved
TCK-103937,2024-09-12 00:00:00,Login/Authentication,Portal,Free,Agent_11,Medium,1.0,0.25,72,False,False,5,Resolved
TCK-103463,2024-09-12 00:00:00,Login/Authentication,Email,Free,Agent_09,Medium,3.8,3.23,72,False,False,4,Resolved
TCK-103703,2024-09-12 00:00:00,Billing/Invoicing,Email,Free,Agent_01,Medium,33.0,1.78,72,False,False,5,Resolved
TCK-102141,2024-09-12 03:55:00,Bug/Error,Email,Free,Agent_08,Critical,52.4,7.2,4,True,True,2,Unresolved - Pending Engineering
TCK-102727,2024-09-12 04:02:00,Login/Authentication,Phone,Basic,Agent_12,High,1.0,1.75,24,False,False,4,Resolved
TCK-100449,2024-09-12 06:30:00,Bug/Error,Chat,Pro,Agent_06,Critical,2.7,2.46,4,False,False,4,Resolved - Workaround
TCK-102634,2024-09-12 08:40:00,Login/Authentication,Chat,Free,Agent_08,Low,19.1,3.29,120,False,False,5,Resolved - Workaround
TCK-100317,2024-09-12 09:38:00,Login/Authentication,Chat,Basic,Agent_06,High,1.0,0.38,24,False,False,4,Resolved
TCK-101800,2024-09-12 11:33:00,Billing/Invoicing,Email,Pro,Agent_01,Low,48.0,13.74,120,False,False,4,Resolved
TCK-101532,2024-09-12 12:17:00,Billing/Invoicing,Email,Free,Agent_06,Low,152.0,4.1,120,False,False,4,Resolved
TCK-100458,2024-09-12 18:23:00,Login/Authentication,Email,Free,Agent_01,Medium,8.6,6.19,72,False,False,4,Resolved
TCK-100398,2024-09-12 18:59:00,Data Export/Import,Phone,Basic,Agent_01,Low,1.6,26.92,120,False,False,4,Resolved
TCK-102211,2024-09-12 19:39:00,Integration/API,Email,Pro,Agent_11,Critical,18.4,6.73,4,True,True,1,Unresolved - Pending Engineering
TCK-103551,2024-09-13 00:00:00,Billing/Invoicing,Portal,Enterprise,Agent_07,Low,59.1,0.95,120,False,False,3,Resolved - Workaround
TCK-103602,2024-09-13 00:00:00,Login/Authentication,Portal,Basic,Agent_07,High,20.2,1.21,24,False,False,5,Resolved
TCK-103299,2024-09-13 01:02:00,Bug/Error,Portal,Pro,Agent_05,Medium,25.3,8.53,72,False,True,2,Resolved - Escalated
TCK-102734,2024-09-13 01:42:00,Account Setup,Phone,Basic,Agent_08,Medium,5.6,3.02,72,False,False,3,Resolved
TCK-100480,2024-09-13 02:09:00,Integration/API,Phone,Pro,Agent_07,Low,5.7,5.5,120,False,False,5,Resolved
TCK-102487,2024-09-13 03:15:00,Billing/Invoicing,Email,Basic,Agent_11,High,1.0,0.38,24,False,False,4,Resolved
TCK-101319,2024-09-13 05:21:00,Billing/Invoicing,Portal,Free,Agent_06,Low,84.1,1.6,120,False,False,4,Resolved - Workaround
TCK-100490,2024-09-13 05:27:00,Account Setup,Chat,Basic,Agent_09,Low,4.0,1.43,120,False,False,5,Resolved
TCK-100412,2024-09-13 07:33:00,Feature Request,Phone,Pro,Agent_07,Medium,1.0,26.08,72,False,False,4,Resolved
TCK-101194,2024-09-13 09:41:00,Billing/Invoicing,Email,Pro,Agent_04,Medium,4.9,3.16,72,False,False,5,Resolved
TCK-101859,2024-09-13 11:49:00,Login/Authentication,Chat,Pro,Agent_12,High,1.0,0.15,24,False,True,2,Unresolved - Pending Engineering
TCK-103216,2024-09-13 14:17:00,Bug/Error,Chat,Basic,Agent_12,Low,11.3,20.76,120,False,False,4,Resolved
TCK-100530,2024-09-13 15:15:00,Integration/API,Portal,Free,Agent_01,High,1.0,8.47,24,False,False,5,Resolved
TCK-102271,2024-09-13 18:01:00,Bug/Error,Email,Basic,Agent_11,High,3.4,1.54,24,False,False,4,Resolved - Workaround
TCK-100101,2024-09-13 20:11:00,Bug/Error,Chat,Free,Agent_09,Medium,2.1,12.07,72,False,True,2,Resolved - Escalated
TCK-100465,2024-09-13 21:13:00,Integration/API,Phone,Pro,Agent_05,Low,7.2,20.27,120,False,False,5,Resolved - Workaround
TCK-101649,2024-09-13 22:31:00,Billing/Invoicing,Phone,Enterprise,Agent_09,Medium,4.9,81.14,72,True,False,4,Resolved
TCK-100223,2024-09-13 23:49:00,Login/Authentication,Phone,Pro,Agent_03,High,1.0,2.14,24,False,True,3,Resolved - Escalated
TCK-100721,2024-09-14 09:52:00,Bug/Error,Email,Pro,Agent_03,High,74.6,2.62,24,False,True,2,Resolved - Escalated
TCK-102729,2024-09-14 13:14:00,Billing/Invoicing,Chat,Pro,Agent_01,Low,4.8,6.77,120,False,False,5,Resolved - Workaround
TCK-103338,2024-09-14 17:57:00,Billing/Invoicing,Phone,Free,Agent_04,Medium,5.3,19.16,72,False,False,5,Resolved
TCK-101998,2024-09-14 19:07:00,Data Export/Import,Chat,Pro,Agent_12,High,1.4,0.94,24,False,False,4,Resolved - Workaround
TCK-101878,2024-09-14 20:46:00,Bug/Error,Email,Pro,Agent_05,Medium,84.9,10.8,72,False,False,5,Resolved
TCK-103356,2024-09-14 22:31:00,Bug/Error,Portal,Free,Agent_09,Medium,299.3,5.93,72,False,False,4,Resolved
TCK-102142,2024-09-15 05:32:00,Account Setup,Email,Pro,Agent_11,Low,49.5,2.04,120,False,False,3,Resolved
TCK-101406,2024-09-15 08:57:00,Billing/Invoicing,Email,Basic,Agent_12,Low,31.3,8.16,120,False,False,5,Resolved
TCK-101777,2024-09-15 12:09:00,Integration/API,Portal,Enterprise,Agent_04,High,33.3,3.91,24,False,False,5,Resolved
TCK-101603,2024-09-15 12:28:00,Feature Request,Email,Basic,Agent_05,High,16.4,8.2,24,False,False,4,Resolved
TCK-101452,2024-09-15 20:33:00,Performance/Slowness,Portal,Free,Agent_06,Medium,10.9,11.08,72,False,True,4,Resolved - Escalated
TCK-103817,2024-09-16 00:00:00,Bug/Error,Portal,Basic,Agent_06,Medium,27.4,1.6,72,False,False,4,Resolved
TCK-103438,2024-09-16 00:00:00,Login/Authentication,Portal,Basic,Agent_06,Low,70.5,2.71,120,False,False,4,Resolved
TCK-103522,2024-09-16 00:00:00,Bug/Error,Chat,Basic,Agent_04,Medium,17.2,4.51,72,False,True,2,Resolved - Escalated
TCK-103471,2024-09-16 00:00:00,Login/Authentication,Phone,Free,Agent_02,Medium,2.7,2.61,72,False,False,5,Resolved
TCK-101470,2024-09-16 08:40:00,Integration/API,Email,Basic,Agent_01,Low,26.6,0.1,120,False,False,4,Resolved
TCK-101849,2024-09-16 11:08:00,Login/Authentication,Phone,Free,Agent_06,High,1.0,0.98,24,False,False,3,Resolved
TCK-101088,2024-09-16 12:19:00,Bug/Error,Chat,Free,Agent_05,Medium,21.9,44.43,72,False,True,2,Resolved - Escalated
TCK-101497,2024-09-16 12:32:00,Bug/Error,Portal,Pro,Agent_05,High,52.9,6.09,24,False,True,3,Resolved - Escalated
TCK-102509,2024-09-16 14:11:00,Feature Request,Chat,Pro,Agent_02,Low,12.4,98.38,120,False,False,3,Resolved
TCK-102182,2024-09-16 15:29:00,Data Export/Import,Portal,Enterprise,Agent_12,Medium,54.7,5.11,72,False,False,5,Resolved
TCK-100639,2024-09-16 16:38:00,Integration/API,Portal,Pro,Agent_08,Low,129.1,14.76,120,False,False,5,Resolved
TCK-100828,2024-09-16 17:35:00,Data Export/Import,Email,Basic,Agent_10,Low,194.5,3.35,120,False,False,4,Resolved
TCK-102668,2024-09-16 18:06:00,Performance/Slowness,Phone,Enterprise,Agent_04,Medium,5.7,15.48,72,False,False,5,Resolved
TCK-100920,2024-09-16 18:08:00,Feature Request,Email,Enterprise,Agent_03,Medium,66.9,11.53,72,False,False,4,Resolved - Workaround
TCK-100338,2024-09-16 20:32:00,Bug/Error,Email,Enterprise,Agent_08,Critical,31.6,0.44,4,False,False,5,Resolved
TCK-100758,2024-09-16 21:02:00,Feature Request,Chat,Enterprise,Agent_11,Medium,1.9,25.39,72,False,False,4,Resolved
TCK-103613,2024-09-17 00:00:00,Billing/Invoicing,Chat,Free,Agent_03,High,1.2,1.03,24,False,False,5,Resolved
TCK-103518,2024-09-17 00:00:00,Login/Authentication,Phone,Pro,Agent_10,Medium,1.0,2.84,72,False,False,5,Resolved
TCK-101953,2024-09-17 05:16:00,Bug/Error,Portal,Free,Agent_08,Critical,40.4,0.8,4,False,True,3,Unresolved - Pending Engineering
TCK-102353,2024-09-17 05:25:00,Bug/Error,Chat,Free,Agent_11,High,3.0,4.4,24,False,False,4,Resolved
TCK-102700,2024-09-17 07:37:00,Performance/Slowness,Portal,Free,Agent_01,Critical,16.1,0.49,4,False,True,3,Resolved - Escalated
TCK-100730,2024-09-17 09:24:00,Data Export/Import,Phone,Enterprise,Agent_03,High,3.2,0.8,24,False,False,5,Resolved
TCK-102815,2024-09-17 09:39:00,Bug/Error,Chat,Basic,Agent_07,Medium,1.5,3.87,72,False,True,3,Resolved - Escalated
TCK-103232,2024-09-17 10:45:00,Bug/Error,Email,Pro,Agent_07,Medium,15.9,0.93,72,False,False,4,Resolved
TCK-103004,2024-09-17 11:10:00,Bug/Error,Chat,Pro,Agent_01,Critical,3.5,11.49,4,True,True,2,Resolved - Escalated
TCK-102364,2024-09-17 12:51:00,Bug/Error,Portal,Free,Agent_01,High,39.8,8.47,24,False,True,4,Resolved - Escalated
TCK-100784,2024-09-17 13:22:00,Account Setup,Chat,Basic,Agent_11,Low,14.1,3.17,120,False,False,4,Resolved
TCK-102614,2024-09-17 17:32:00,Account Setup,Chat,Free,Agent_10,Low,1.0,0.39,120,False,False,3,Resolved
TCK-101154,2024-09-17 19:08:00,Bug/Error,Email,Free,Agent_11,Low,33.2,1.2,120,False,False,3,Resolved - Workaround
TCK-100981,2024-09-17 20:16:00,Data Export/Import,Portal,Free,Agent_10,Low,297.0,2.34,120,False,True,3,Resolved - Escalated
TCK-101749,2024-09-17 21:30:00,Data Export/Import,Email,Enterprise,Agent_02,Low,199.5,7.83,120,False,False,4,Resolved - Workaround
TCK-103607,2024-09-18 00:00:00,Feature Request,Portal,Basic,Agent_07,Critical,37.6,5.69,4,True,False,4,Resolved - Workaround
TCK-103912,2024-09-18 00:00:00,Bug/Error,Email,Pro,Agent_10,High,7.5,2.96,24,False,False,4,Resolved
TCK-103458,2024-09-18 00:00:00,Account Setup,Email,Pro,Agent_02,Low,85.1,2.39,120,False,False,4,Resolved
TCK-103390,2024-09-18 00:00:00,Performance/Slowness,Portal,Pro,Agent_08,Medium,60.7,0.11,72,False,False,4,Resolved
TCK-103906,2024-09-18 00:00:00,Data Export/Import,Portal,Enterprise,Agent_09,Medium,23.5,3.87,72,False,False,5,Resolved
TCK-103713,2024-09-18 00:00:00,Data Export/Import,Email,Free,Agent_06,Low,69.8,9.17,120,False,False,4,Resolved
TCK-100394,2024-09-18 03:03:00,Billing/Invoicing,Portal,Pro,Agent_12,Medium,331.9,4.98,72,False,False,5,Resolved
TCK-101113,2024-09-18 04:21:00,Bug/Error,Email,Basic,Agent_06,High,71.7,2.15,24,False,False,4,Resolved
TCK-100035,2024-09-18 05:47:00,Integration/API,Chat,Enterprise,Agent_08,Medium,3.8,2.74,72,False,False,3,Resolved
TCK-102043,2024-09-18 06:37:00,Data Export/Import,Email,Free,Agent_05,High,35.0,0.7,24,False,False,4,Resolved
TCK-100917,2024-09-18 09:55:00,Billing/Invoicing,Chat,Enterprise,Agent_08,Medium,1.2,0.28,72,False,False,4,Resolved - Workaround
TCK-101262,2024-09-18 10:13:00,Billing/Invoicing,Phone,Free,Agent_02,Medium,2.7,3.4,72,False,False,4,Resolved
TCK-102433,2024-09-18 11:06:00,Login/Authentication,Chat,Enterprise,Agent_10,Critical,1.0,1.95,4,False,True,3,Resolved - Escalated
TCK-100679,2024-09-18 14:33:00,Bug/Error,Email,Pro,Agent_05,Medium,98.0,20.8,72,False,False,4,Resolved
TCK-101895,2024-09-18 15:10:00,Bug/Error,Email,Free,Agent_03,Critical,2.6,6.54,4,True,True,1,Resolved - Escalated
TCK-102713,2024-09-18 18:41:00,Login/Authentication,Phone,Basic,Agent_05,High,1.0,0.69,24,False,False,5,Resolved
TCK-103030,2024-09-18 19:33:00,Data Export/Import,Chat,Pro,Agent_04,Medium,10.4,1.19,72,False,False,4,Resolved
TCK-101858,2024-09-18 22:06:00,Performance/Slowness,Portal,Pro,Agent_05,Medium,2.2,55.09,72,False,True,2,Resolved - Escalated
TCK-100764,2024-09-18 23:05:00,Login/Authentication,Chat,Pro,Agent_02,High,2.5,0.26,24,False,False,4,Resolved
TCK-100519,2024-09-18 23:21:00,Billing/Invoicing,Email,Free,Agent_01,Critical,47.8,0.1,4,False,False,4,Resolved - Workaround
TCK-102662,2024-09-18 23:59:00,Login/Authentication,Portal,Free,Agent_01,Critical,53.2,1.02,4,False,False,4,Resolved
TCK-103550,2024-09-19 00:00:00,Billing/Invoicing,Phone,Pro,Agent_10,Low,3.4,2.2,120,False,False,4,Resolved
TCK-103575,2024-09-19 00:00:00,Feature Request,Phone,Pro,Agent_04,Medium,2.8,1.68,72,False,True,3,Resolved - Escalated
TCK-103585,2024-09-19 00:00:00,Billing/Invoicing,Phone,Basic,Agent_01,Medium,1.0,2.77,72,False,False,4,Resolved
TCK-103491,2024-09-19 00:00:00,Login/Authentication,Portal,Free,Agent_02,Medium,53.3,0.75,72,False,True,3,Unresolved - Pending Engineering
TCK-103658,2024-09-19 00:00:00,Bug/Error,Portal,Basic,Agent_08,Medium,12.8,5.76,72,False,False,5,Resolved
TCK-103777,2024-09-19 00:00:00,Login/Authentication,Email,Pro,Agent_10,High,52.0,4.75,24,False,False,4,Resolved
TCK-103318,2024-09-19 04:26:00,Bug/Error,Email,Pro,Agent_01,Medium,26.6,28.49,72,False,False,5,Resolved
TCK-103252,2024-09-19 07:03:00,Bug/Error,Chat,Enterprise,Agent_08,Critical,1.0,2.77,4,False,False,5,Resolved
TCK-101659,2024-09-19 07:40:00,Bug/Error,Chat,Pro,Agent_02,Critical,1.0,0.59,4,False,False,4,Resolved - Workaround
TCK-101934,2024-09-19 09:26:00,Account Setup,Chat,Pro,Agent_09,Low,4.8,0.8,120,False,False,5,Resolved
TCK-100192,2024-09-19 09:53:00,Bug/Error,Email,Free,Agent_03,High,9.5,6.47,24,False,True,2,Resolved - Escalated
TCK-102217,2024-09-19 15:56:00,Bug/Error,Email,Pro,Agent_08,Critical,21.3,1.31,4,False,True,4,Resolved - Escalated
TCK-102016,2024-09-19 16:27:00,Feature Request,Portal,Free,Agent_01,Medium,85.2,23.78,72,False,False,4,Resolved
TCK-100180,2024-09-19 18:39:00,Performance/Slowness,Email,Free,Agent_02,High,2.5,4.59,24,False,False,4,Resolved
TCK-102840,2024-09-19 19:52:00,Login/Authentication,Portal,Basic,Agent_02,High,1.0,0.62,24,False,False,4,Resolved
TCK-101115,2024-09-19 23:37:00,Bug/Error,Email,Basic,Agent_09,High,21.1,24.98,24,True,True,3,Resolved - Escalated
TCK-103479,2024-09-20 00:00:00,Bug/Error,Email,Free,Agent_07,Critical,6.0,6.16,4,True,False,3,Resolved
TCK-103992,2024-09-20 00:00:00,Bug/Error,Email,Pro,Agent_07,Low,47.4,27.7,120,False,False,3,Resolved - Workaround
TCK-102483,2024-09-20 00:46:00,Performance/Slowness,Chat,Basic,Agent_02,Critical,1.0,0.86,4,False,False,4,Resolved - Workaround
TCK-101563,2024-09-20 01:08:00,Data Export/Import,Email,Free,Agent_12,Low,17.4,7.75,120,False,False,4,Resolved
TCK-101739,2024-09-20 06:04:00,Data Export/Import,Email,Free,Agent_03,Low,18.9,8.88,120,False,False,4,Resolved
TCK-101999,2024-09-20 06:07:00,Login/Authentication,Chat,Pro,Agent_12,Medium,4.4,0.46,72,False,False,4,Resolved
TCK-102411,2024-09-20 11:51:00,Billing/Invoicing,Email,Pro,Agent_02,High,36.1,8.32,24,False,False,4,Resolved
TCK-100694,2024-09-20 12:39:00,Bug/Error,Chat,Enterprise,Agent_09,High,1.0,3.01,24,False,False,5,Resolved
TCK-100995,2024-09-20 15:04:00,Account Setup,Email,Basic,Agent_05,Medium,23.1,3.61,72,False,False,3,Resolved
TCK-102477,2024-09-20 16:55:00,Performance/Slowness,Email,Basic,Agent_09,Low,86.7,11.44,120,False,True,2,Resolved - Escalated
TCK-100357,2024-09-20 17:08:00,Account Setup,Chat,Free,Agent_02,Medium,4.3,1.03,72,False,False,5,Resolved
TCK-102490,2024-09-20 19:07:00,Billing/Invoicing,Chat,Enterprise,Agent_08,Medium,1.4,6.93,72,False,False,4,Resolved
TCK-102351,2024-09-20 22:32:00,Login/Authentication,Portal,Basic,Agent_03,Critical,25.6,0.21,4,False,False,4,Resolved
TCK-102758,2024-09-21 07:44:00,Performance/Slowness,Email,Enterprise,Agent_01,Critical,38.1,4.86,4,True,True,3,Resolved - Escalated
TCK-102790,2024-09-21 12:37:00,Feature Request,Chat,Free,Agent_12,Low,4.0,65.84,120,False,False,3,Resolved
TCK-101317,2024-09-21 19:52:00,Bug/Error,Email,Free,Agent_09,High,25.7,3.23,24,False,False,4,Resolved
TCK-101243,2024-09-21 21:42:00,Login/Authentication,Phone,Free,Agent_02,Medium,6.5,2.34,72,False,False,3,Resolved
TCK-103291,2024-09-21 23:12:00,Account Setup,Portal,Pro,Agent_11,Critical,11.6,1.49,4,False,False,3,Resolved
TCK-102569,2024-09-22 10:06:00,Login/Authentication,Phone,Basic,Agent_05,Low,1.0,2.89,120,False,False,5,Resolved
TCK-103787,2024-09-23 00:00:00,Data Export/Import,Portal,Free,Agent_07,Medium,29.8,4.73,72,False,False,5,Resolved - Workaround
TCK-103821,2024-09-23 00:00:00,Account Setup,Chat,Basic,Agent_05,High,7.9,1.05,24,False,False,5,Resolved
TCK-103721,2024-09-23 00:00:00,Integration/API,Chat,Free,Agent_11,Medium,4.1,4.8,72,False,False,4,Resolved
TCK-103497,2024-09-23 00:00:00,Bug/Error,Chat,Free,Agent_10,High,2.4,3.85,24,False,False,3,Resolved
TCK-102267,2024-09-23 01:33:00,Bug/Error,Portal,Free,Agent_06,High,41.0,10.18,24,False,True,3,Resolved - Escalated
TCK-101920,2024-09-23 05:04:00,Performance/Slowness,Chat,Pro,Agent_08,Medium,5.1,11.1,72,False,False,4,Resolved
TCK-101541,2024-09-23 09:10:00,Performance/Slowness,Chat,Free,Agent_06,Medium,10.3,7.22,72,False,False,5,Resolved
TCK-101694,2024-09-23 12:08:00,Account Setup,Chat,Pro,Agent_03,High,18.2,1.38,24,False,False,5,Resolved
TCK-100832,2024-09-23 13:00:00,Bug/Error,Email,Enterprise,Agent_09,Medium,83.6,19.22,72,False,False,3,Resolved
TCK-100219,2024-09-23 13:57:00,Data Export/Import,Phone,Pro,Agent_06,Low,1.0,3.13,120,False,False,5,Resolved
TCK-100560,2024-09-23 17:59:00,Account Setup,Portal,Free,Agent_04,Medium,84.7,4.74,72,False,False,3,Resolved
TCK-102866,2024-09-23 18:49:00,Bug/Error,Portal,Pro,Agent_08,High,52.4,3.62,24,False,True,3,Unresolved - Pending Engineering
TCK-103153,2024-09-23 19:48:00,Login/Authentication,Chat,Basic,Agent_05,High,1.0,1.78,24,False,False,4,Resolved
TCK-101431,2024-09-23 23:27:00,Billing/Invoicing,Portal,Enterprise,Agent_02,Medium,40.7,4.17,72,False,False,5,Resolved
TCK-100380,2024-09-23 23:27:00,Data Export/Import,Chat,Basic,Agent_01,Low,29.5,4.74,120,False,False,4,Resolved
TCK-100007,2024-09-23 23:31:00,Login/Authentication,Email,Pro,Agent_06,High,4.0,1.27,24,False,False,4,Resolved
TCK-103634,2024-09-24 00:00:00,Performance/Slowness,Phone,Pro,Agent_02,Low,7.0,2.65,120,False,True,2,Unresolved - Pending Engineering
TCK-100334,2024-09-24 00:04:00,Login/Authentication,Chat,Free,Agent_09,Medium,1.4,12.7,72,False,False,5,Resolved - Workaround
TCK-101976,2024-09-24 00:20:00,Integration/API,Chat,Basic,Agent_09,Medium,1.0,9.5,72,False,False,4,Resolved
TCK-100112,2024-09-24 01:52:00,Data Export/Import,Chat,Basic,Agent_01,High,4.7,4.07,24,False,False,5,Resolved
TCK-101637,2024-09-24 01:55:00,Billing/Invoicing,Email,Basic,Agent_02,High,65.5,3.83,24,False,False,4,Resolved - Workaround
TCK-100456,2024-09-24 03:17:00,Login/Authentication,Chat,Pro,Agent_09,High,7.0,5.08,24,False,False,3,Resolved
TCK-103277,2024-09-24 04:08:00,Billing/Invoicing,Phone,Free,Agent_01,Medium,2.3,6.12,72,False,False,5,Resolved
TCK-102992,2024-09-24 04:12:00,Billing/Invoicing,Phone,Pro,Agent_07,Medium,8.3,1.37,72,False,False,3,Resolved
TCK-100432,2024-09-24 06:43:00,Bug/Error,Chat,Basic,Agent_02,High,1.0,6.94,24,False,False,5,Resolved
TCK-102054,2024-09-24 07:41:00,Integration/API,Phone,Basic,Agent_10,Medium,5.4,3.37,72,False,False,4,Resolved
TCK-102902,2024-09-24 09:03:00,Bug/Error,Email,Enterprise,Agent_12,Medium,6.0,1.9,72,False,False,3,Resolved
TCK-100358,2024-09-24 09:59:00,Performance/Slowness,Email,Free,Agent_09,Medium,1.3,3.91,72,False,False,5,Resolved
TCK-100808,2024-09-24 10:51:00,Billing/Invoicing,Portal,Free,Agent_02,Low,113.4,10.22,120,False,False,4,Resolved
TCK-100187,2024-09-24 15:30:00,Performance/Slowness,Email,Free,Agent_03,High,36.0,1.84,24,False,False,5,Resolved
TCK-103228,2024-09-24 17:38:00,Bug/Error,Portal,Free,Agent_06,High,1.0,2.07,24,False,True,3,Resolved - Escalated
TCK-100703,2024-09-24 20:54:00,Performance/Slowness,Chat,Pro,Agent_08,Critical,2.0,1.02,4,False,False,4,Resolved
TCK-102342,2024-09-24 23:25:00,Login/Authentication,Email,Basic,Agent_08,High,23.5,2.01,24,False,False,5,Resolved - Workaround
TCK-103317,2024-09-24 23:58:00,Billing/Invoicing,Email,Basic,Agent_09,Medium,69.0,3.3,72,False,True,3,Resolved - Escalated
TCK-103574,2024-09-25 00:00:00,Integration/API,Email,Pro,Agent_03,Medium,52.5,17.34,72,False,False,5,Resolved
TCK-103660,2024-09-25 00:00:00,Account Setup,Email,Pro,Agent_01,Low,91.2,0.21,120,False,False,4,Resolved
TCK-103752,2024-09-25 00:00:00,Integration/API,Chat,Free,Agent_03,Low,15.3,29.09,120,False,False,3,Resolved
TCK-100053,2024-09-25 00:56:00,Bug/Error,Phone,Free,Agent_10,Medium,1.3,0.1,72,False,False,3,Resolved - Workaround
TCK-102216,2024-09-25 02:58:00,Performance/Slowness,Email,Enterprise,Agent_03,Critical,8.2,1.33,4,False,False,4,Resolved
TCK-101872,2024-09-25 03:52:00,Login/Authentication,Email,Basic,Agent_05,Critical,10.5,0.38,4,False,False,4,Resolved
TCK-101476,2024-09-25 04:02:00,Billing/Invoicing,Email,Enterprise,Agent_07,Critical,1.0,4.55,4,True,False,3,Resolved - Workaround
TCK-102121,2024-09-25 07:21:00,Login/Authentication,Portal,Basic,Agent_03,Low,38.2,0.9,120,False,False,4,Resolved
TCK-102822,2024-09-25 12:48:00,Integration/API,Email,Basic,Agent_04,Medium,1.0,4.24,72,False,False,4,Resolved
TCK-100417,2024-09-25 12:59:00,Billing/Invoicing,Email,Free,Agent_10,Low,5.8,5.61,120,False,False,4,Resolved
TCK-101578,2024-09-25 13:04:00,Performance/Slowness,Email,Basic,Agent_03,Low,35.6,23.09,120,False,False,4,Resolved
TCK-102521,2024-09-25 18:07:00,Performance/Slowness,Phone,Basic,Agent_01,Critical,2.4,0.1,4,False,True,3,Unresolved - Pending Engineering
TCK-103944,2024-09-26 00:00:00,Performance/Slowness,Portal,Pro,Agent_06,Medium,44.7,3.27,72,False,True,3,Unresolved - Pending Engineering
TCK-103996,2024-09-26 00:00:00,Bug/Error,Portal,Free,Agent_06,Critical,1.0,37.69,4,True,False,4,Resolved
TCK-103566,2024-09-26 00:00:00,Account Setup,Email,Basic,Agent_09,Low,168.6,3.74,120,False,False,4,Resolved
TCK-103571,2024-09-26 00:00:00,Integration/API,Portal,Basic,Agent_06,Medium,60.2,5.43,72,False,False,4,Resolved
TCK-103426,2024-09-26 00:00:00,Login/Authentication,Phone,Free,Agent_05,High,1.6,0.92,24,False,False,4,Resolved
TCK-102381,2024-09-26 00:05:00,Login/Authentication,Email,Pro,Agent_03,Critical,5.6,0.36,4,False,False,3,Resolved
TCK-100095,2024-09-26 00:12:00,Integration/API,Chat,Basic,Agent_12,Medium,2.9,17.06,72,False,False,3,Resolved - Workaround
TCK-101415,2024-09-26 00:25:00,Account Setup,Chat,Free,Agent_07,High,1.0,0.11,24,False,False,5,Resolved
TCK-100862,2024-09-26 02:35:00,Login/Authentication,Email,Pro,Agent_11,High,4.3,2.9,24,False,False,3,Resolved
TCK-100849,2024-09-26 05:06:00,Bug/Error,Chat,Free,Agent_11,High,24.4,6.98,24,False,False,4,Resolved
TCK-102127,2024-09-26 06:18:00,Data Export/Import,Email,Free,Agent_03,Medium,34.2,4.28,72,False,False,4,Resolved
TCK-102424,2024-09-26 06:42:00,Bug/Error,Email,Basic,Agent_06,Medium,17.7,4.54,72,False,False,5,Resolved
TCK-100528,2024-09-26 08:00:00,Data Export/Import,Email,Free,Agent_04,Low,1.0,5.41,120,False,False,3,Resolved
TCK-102055,2024-09-26 08:23:00,Login/Authentication,Phone,Free,Agent_05,High,1.0,1.54,24,False,False,4,Resolved
TCK-102709,2024-09-26 08:29:00,Feature Request,Chat,Free,Agent_01,Medium,9.7,3.48,72,False,False,4,Resolved
TCK-103349,2024-09-26 11:09:00,Login/Authentication,Phone,Free,Agent_02,High,1.2,0.9,24,False,False,5,Resolved
TCK-100168,2024-09-26 13:43:00,Login/Authentication,Chat,Basic,Agent_06,High,2.2,0.1,24,False,False,5,Resolved
TCK-103169,2024-09-26 13:46:00,Data Export/Import,Chat,Basic,Agent_03,Low,1.0,13.88,120,False,False,5,Resolved
TCK-103000,2024-09-26 14:00:00,Account Setup,Email,Basic,Agent_04,Medium,1.0,1.55,72,False,False,4,Resolved
TCK-102847,2024-09-26 14:38:00,Bug/Error,Chat,Basic,Agent_02,High,1.0,2.79,24,False,False,4,Resolved
TCK-102019,2024-09-26 15:08:00,Account Setup,Phone,Pro,Agent_10,High,1.0,2.68,24,False,False,5,Resolved
TCK-101199,2024-09-26 15:33:00,Login/Authentication,Portal,Basic,Agent_03,Medium,43.2,1.48,72,False,False,4,Resolved
TCK-102797,2024-09-26 16:14:00,Login/Authentication,Email,Basic,Agent_12,High,13.1,0.36,24,False,False,4,Resolved
TCK-100052,2024-09-26 16:20:00,Performance/Slowness,Email,Enterprise,Agent_06,Medium,37.8,0.63,72,False,False,4,Resolved
TCK-100855,2024-09-26 16:39:00,Integration/API,Phone,Free,Agent_01,Medium,6.3,14.07,72,False,False,4,Resolved - Workaround
TCK-102876,2024-09-26 18:20:00,Login/Authentication,Chat,Pro,Agent_07,Low,7.9,14.54,120,False,False,4,Resolved - Workaround
TCK-101244,2024-09-26 19:48:00,Login/Authentication,Portal,Pro,Agent_09,High,15.2,0.43,24,False,True,3,Resolved - Escalated
TCK-100990,2024-09-26 20:56:00,Billing/Invoicing,Portal,Pro,Agent_08,High,59.3,1.32,24,False,False,4,Resolved
TCK-103339,2024-09-26 21:13:00,Bug/Error,Email,Free,Agent_02,Medium,148.0,7.2,72,False,False,4,Resolved
TCK-101488,2024-09-26 23:27:00,Bug/Error,Portal,Basic,Agent_06,Low,67.9,4.28,120,False,False,5,Resolved
TCK-103890,2024-09-27 00:00:00,Feature Request,Email,Basic,Agent_03,Low,123.4,0.44,120,False,False,3,Resolved
TCK-103449,2024-09-27 00:00:00,Login/Authentication,Chat,Basic,Agent_09,High,3.7,2.21,24,False,True,3,Unresolved - Pending Engineering
TCK-103795,2024-09-27 00:00:00,Bug/Error,Phone,Enterprise,Agent_07,High,1.1,4.92,24,False,False,4,Resolved - Workaround
TCK-101472,2024-09-27 01:33:00,Feature Request,Portal,Free,Agent_10,Low,7.3,5.18,120,False,True,3,Resolved - Escalated
TCK-100006,2024-09-27 11:14:00,Integration/API,Email,Pro,Agent_12,Low,37.9,16.45,120,False,False,4,Resolved
TCK-101861,2024-09-27 19:18:00,Account Setup,Chat,Basic,Agent_10,Medium,3.0,0.75,72,False,False,5,Resolved - Workaround
TCK-101023,2024-09-27 19:19:00,Bug/Error,Email,Pro,Agent_10,High,35.3,4.35,24,False,True,2,Resolved - Escalated
TCK-100287,2024-09-27 20:06:00,Login/Authentication,Email,Pro,Agent_08,High,14.2,0.76,24,False,False,4,Resolved
TCK-100857,2024-09-27 21:01:00,Bug/Error,Email,Enterprise,Agent_05,Medium,131.5,10.97,72,False,True,4,Unresolved - Pending Engineering
TCK-102812,2024-09-27 22:56:00,Account Setup,Chat,Basic,Agent_08,Medium,12.1,2.0,72,False,False,4,Resolved - Workaround
TCK-102394,2024-09-27 23:25:00,Performance/Slowness,Phone,Basic,Agent_03,Low,4.9,20.73,120,False,False,4,Resolved
TCK-102802,2024-09-28 00:54:00,Bug/Error,Portal,Pro,Agent_03,Critical,21.5,6.64,4,True,False,5,Resolved
TCK-101961,2024-09-28 10:01:00,Login/Authentication,Chat,Free,Agent_06,Medium,3.4,1.12,72,False,False,4,Resolved
TCK-102215,2024-09-28 12:42:00,Billing/Invoicing,Email,Enterprise,Agent_11,High,24.9,0.3,24,False,False,4,Resolved
TCK-100696,2024-09-28 14:55:00,Login/Authentication,Chat,Pro,Agent_11,Medium,19.6,1.87,72,False,False,4,Resolved
TCK-103283,2024-09-28 22:31:00,Bug/Error,Email,Free,Agent_12,Medium,13.1,8.06,72,False,False,5,Resolved
TCK-102096,2024-09-29 06:37:00,Bug/Error,Email,Basic,Agent_05,Medium,22.9,1.12,72,False,False,4,Resolved
TCK-102527,2024-09-29 06:49:00,Login/Authentication,Email,Pro,Agent_07,High,12.5,0.66,24,False,False,4,Resolved
TCK-102633,2024-09-29 09:04:00,Performance/Slowness,Portal,Basic,Agent_12,High,18.9,6.11,24,False,True,3,Resolved - Escalated
TCK-101924,2024-09-29 10:17:00,Login/Authentication,Phone,Free,Agent_03,Medium,8.2,2.36,72,False,False,4,Resolved
TCK-101336,2024-09-29 16:03:00,Integration/API,Portal,Free,Agent_01,Low,73.2,8.39,120,False,False,4,Resolved
TCK-100727,2024-09-29 16:15:00,Bug/Error,Email,Pro,Agent_02,Critical,34.5,8.89,4,True,True,2,Resolved - Escalated
TCK-103554,2024-09-30 00:00:00,Account Setup,Chat,Basic,Agent_09,High,11.3,2.18,24,False,True,3,Unresolved - Pending Engineering
TCK-103813,2024-09-30 00:00:00,Bug/Error,Chat,Free,Agent_04,High,11.3,4.26,24,False,False,5,Resolved - Workaround
TCK-103441,2024-09-30 00:00:00,Performance/Slowness,Chat,Basic,Agent_03,Low,32.0,51.06,120,False,False,4,Resolved - Workaround
TCK-103523,2024-09-30 00:00:00,Login/Authentication,Email,Pro,Agent_10,High,43.8,3.27,24,False,False,4,Resolved
TCK-103273,2024-09-30 12:05:00,Login/Authentication,Chat,Basic,Agent_09,High,7.3,1.23,24,False,False,5,Resolved
TCK-102652,2024-09-30 12:56:00,Login/Authentication,Phone,Free,Agent_04,Critical,1.3,0.26,4,False,False,4,Resolved
TCK-101610,2024-09-30 15:50:00,Account Setup,Portal,Free,Agent_04,Low,23.6,2.18,120,False,False,5,Resolved
TCK-100796,2024-09-30 16:16:00,Account Setup,Chat,Enterprise,Agent_01,Medium,3.2,4.17,72,False,False,4,Resolved
TCK-101136,2024-09-30 18:58:00,Account Setup,Email,Free,Agent_03,Medium,15.4,2.25,72,False,False,4,Resolved
TCK-100316,2024-09-30 19:53:00,Bug/Error,Chat,Free,Agent_02,High,1.6,8.04,24,False,False,3,Resolved
TCK-101613,2024-09-30 19:57:00,Bug/Error,Chat,Free,Agent_06,Medium,5.5,49.21,72,False,False,5,Resolved
TCK-101335,2024-09-30 21:21:00,Billing/Invoicing,Chat,Basic,Agent_11,Medium,5.2,1.55,72,False,False,5,Resolved
TCK-100330,2024-09-30 22:50:00,Performance/Slowness,Email,Pro,Agent_04,High,3.2,2.5,24,False,True,2,Unresolved - Pending Engineering
TCK-100231,2024-09-30 22:56:00,Bug/Error,Portal,Pro,Agent_10,High,5.8,10.33,24,False,True,2,Unresolved - Pending Engineering
TCK-102564,2024-09-30 23:42:00,Billing/Invoicing,Email,Enterprise,Agent_04,Medium,23.4,1.61,72,False,False,4,Resolved
TCK-103922,2024-10-01 00:00:00,Integration/API,Email,Pro,Agent_10,Medium,81.7,6.01,72,False,False,3,Resolved
TCK-103704,2024-10-01 00:00:00,Integration/API,Chat,Free,Agent_09,Medium,50.3,0.77,72,False,False,4,Resolved
TCK-103521,2024-10-01 00:00:00,Billing/Invoicing,Email,Basic,Agent_08,Medium,28.9,0.83,72,False,False,4,Resolved
TCK-103726,2024-10-01 00:00:00,Integration/API,Chat,Free,Agent_11,Critical,1.0,2.62,4,False,False,5,Resolved
TCK-103814,2024-10-01 00:00:00,Login/Authentication,Phone,Pro,Agent_06,Medium,1.4,2.25,72,False,False,4,Resolved
TCK-100757,2024-10-01 00:12:00,Bug/Error,Email,Pro,Agent_10,Medium,28.5,9.55,72,False,False,5,Resolved
TCK-102912,2024-10-01 02:27:00,Login/Authentication,Email,Pro,Agent_04,Critical,11.4,1.49,4,False,False,5,Resolved
TCK-100939,2024-10-01 14:25:00,Data Export/Import,Chat,Free,Agent_03,Medium,11.9,8.93,72,False,False,4,Resolved
TCK-101736,2024-10-01 15:01:00,Account Setup,Email,Basic,Agent_05,Low,130.5,43.65,120,False,False,3,Resolved
TCK-100378,2024-10-01 15:11:00,Billing/Invoicing,Email,Pro,Agent_02,Medium,27.9,4.09,72,False,False,3,Resolved
TCK-102461,2024-10-01 17:03:00,Data Export/Import,Phone,Pro,Agent_04,Medium,5.2,3.11,72,False,False,5,Resolved
TCK-102846,2024-10-01 23:56:00,Account Setup,Portal,Free,Agent_05,Medium,63.5,3.16,72,False,True,3,Resolved - Escalated
TCK-103560,2024-10-02 00:00:00,Bug/Error,Portal,Basic,Agent_08,Medium,8.0,41.92,72,False,False,4,Resolved - Workaround
TCK-103395,2024-10-02 00:00:00,Bug/Error,Portal,Pro,Agent_01,Medium,59.0,17.17,72,False,False,4,Resolved
TCK-100134,2024-10-02 10:37:00,Billing/Invoicing,Portal,Free,Agent_04,Medium,38.7,0.1,72,False,False,4,Resolved
TCK-102632,2024-10-02 11:05:00,Bug/Error,Portal,Pro,Agent_02,High,1.0,4.14,24,False,False,5,Resolved
TCK-102776,2024-10-02 12:09:00,Bug/Error,Chat,Basic,Agent_10,High,4.1,1.71,24,False,False,4,Resolved - Workaround
TCK-102360,2024-10-02 16:03:00,Bug/Error,Email,Free,Agent_11,High,6.4,8.48,24,False,False,4,Resolved
TCK-103036,2024-10-02 18:04:00,Data Export/Import,Portal,Free,Agent_05,Low,34.3,2.69,120,False,False,5,Resolved
TCK-102964,2024-10-02 19:11:00,Bug/Error,Email,Basic,Agent_08,Low,10.4,8.73,120,False,False,4,Resolved
TCK-103443,2024-10-03 00:00:00,Login/Authentication,Email,Enterprise,Agent_03,Critical,4.2,0.45,4,False,False,4,Resolved
TCK-103457,2024-10-03 00:00:00,Bug/Error,Email,Free,Agent_07,High,36.1,1.84,24,False,False,4,Resolved
TCK-102089,2024-10-03 02:29:00,Performance/Slowness,Portal,Pro,Agent_09,Critical,11.1,7.73,4,True,False,4,Resolved
TCK-102145,2024-10-03 07:17:00,Account Setup,Email,Pro,Agent_05,Medium,29.8,2.2,72,False,False,3,Resolved
TCK-101025,2024-10-03 10:06:00,Login/Authentication,Portal,Pro,Agent_11,Medium,49.3,0.7,72,False,False,3,Resolved
TCK-103124,2024-10-03 13:03:00,Performance/Slowness,Chat,Basic,Agent_06,Medium,4.8,14.02,72,False,False,4,Resolved
TCK-101148,2024-10-03 13:13:00,Bug/Error,Email,Basic,Agent_03,High,4.6,21.51,24,False,False,4,Resolved - Workaround
TCK-100621,2024-10-03 15:48:00,Bug/Error,Chat,Basic,Agent_12,Medium,9.4,1.51,72,False,False,3,Resolved - Workaround
TCK-102714,2024-10-03 16:58:00,Billing/Invoicing,Email,Basic,Agent_08,Low,15.9,1.25,120,False,False,5,Resolved
TCK-100030,2024-10-03 17:31:00,Billing/Invoicing,Chat,Free,Agent_12,Low,4.5,4.09,120,False,False,4,Resolved
TCK-100162,2024-10-03 17:34:00,Login/Authentication,Chat,Basic,Agent_02,Low,29.6,5.89,120,False,False,4,Resolved
TCK-101556,2024-10-03 21:11:00,Bug/Error,Portal,Enterprise,Agent_07,Critical,20.4,1.06,4,False,True,2,Resolved - Escalated
TCK-102723,2024-10-03 23:42:00,Bug/Error,Email,Free,Agent_03,High,24.2,0.86,24,False,False,4,Resolved
TCK-103397,2024-10-04 00:00:00,Performance/Slowness,Chat,Enterprise,Agent_01,Critical,1.0,2.5,4,False,False,4,Resolved
TCK-103881,2024-10-04 00:00:00,Bug/Error,Email,Basic,Agent_03,High,14.4,24.86,24,True,False,3,Resolved
TCK-100786,2024-10-04 01:46:00,Data Export/Import,Portal,Basic,Agent_03,Medium,167.6,2.43,72,False,False,4,Resolved
TCK-103108,2024-10-04 02:28:00,Bug/Error,Chat,Free,Agent_01,Low,28.1,20.67,120,False,False,5,Resolved
TCK-101384,2024-10-04 07:20:00,Integration/API,Chat,Free,Agent_03,Critical,1.0,1.38,4,False,False,5,Resolved
TCK-100738,2024-10-04 12:01:00,Bug/Error,Email,Free,Agent_08,Medium,133.8,22.28,72,False,False,4,Resolved
TCK-100716,2024-10-04 14:51:00,Performance/Slowness,Email,Basic,Agent_11,Medium,11.2,2.66,72,False,True,3,Resolved - Escalated
TCK-101404,2024-10-04 15:11:00,Bug/Error,Email,Basic,Agent_10,High,37.5,7.76,24,False,False,3,Resolved
TCK-101772,2024-10-04 17:13:00,Login/Authentication,Email,Free,Agent_09,High,10.7,1.24,24,False,False,4,Resolved
TCK-102395,2024-10-04 19:52:00,Billing/Invoicing,Chat,Pro,Agent_12,Medium,7.9,12.72,72,False,False,4,Resolved
TCK-103344,2024-10-04 20:13:00,Login/Authentication,Email,Free,Agent_12,High,5.8,2.0,24,False,True,2,Resolved - Escalated
TCK-100687,2024-10-04 22:27:00,Performance/Slowness,Chat,Free,Agent_08,Low,5.3,1.66,120,False,True,2,Unresolved - Pending Engineering
TCK-102260,2024-10-05 05:31:00,Billing/Invoicing,Chat,Basic,Agent_07,Low,38.1,0.34,120,False,False,5,Resolved
TCK-100205,2024-10-05 11:15:00,Feature Request,Phone,Enterprise,Agent_04,Medium,4.7,97.7,72,True,False,3,Resolved
TCK-101050,2024-10-05 12:12:00,Billing/Invoicing,Chat,Free,Agent_05,Critical,1.0,6.54,4,True,True,1,Resolved - Escalated
TCK-102359,2024-10-05 13:10:00,Performance/Slowness,Chat,Free,Agent_03,High,2.3,12.21,24,False,True,3,Unresolved - Pending Engineering
TCK-102957,2024-10-05 20:20:00,Performance/Slowness,Chat,Enterprise,Agent_11,Medium,4.9,15.48,72,False,False,3,Resolved
TCK-100984,2024-10-06 01:11:00,Bug/Error,Email,Basic,Agent_12,High,7.3,3.94,24,False,False,4,Resolved
TCK-103224,2024-10-06 04:34:00,Bug/Error,Email,Free,Agent_11,Critical,5.0,2.6,4,False,True,1,Resolved - Escalated
TCK-100365,2024-10-06 08:07:00,Account Setup,Email,Free,Agent_11,High,8.4,0.56,24,False,False,5,Resolved
TCK-102563,2024-10-06 09:45:00,Login/Authentication,Email,Free,Agent_11,Medium,96.1,0.61,72,False,False,5,Resolved
TCK-101392,2024-10-06 14:40:00,Login/Authentication,Chat,Pro,Agent_08,High,1.0,7.07,24,False,False,5,Resolved
TCK-101993,2024-10-06 15:26:00,Bug/Error,Chat,Pro,Agent_07,Critical,1.5,0.53,4,False,True,3,Resolved - Escalated
TCK-103295,2024-10-06 16:14:00,Account Setup,Chat,Enterprise,Agent_10,High,1.0,4.61,24,False,False,4,Resolved - Workaround
TCK-100596,2024-10-06 19:22:00,Billing/Invoicing,Portal,Free,Agent_09,High,172.7,2.21,24,False,False,4,Resolved
TCK-103498,2024-10-07 00:00:00,Bug/Error,Portal,Enterprise,Agent_10,High,30.7,3.43,24,False,True,3,Unresolved - Pending Engineering
TCK-100921,2024-10-07 01:48:00,Billing/Invoicing,Email,Basic,Agent_07,Medium,9.9,0.53,72,False,True,2,Unresolved - Pending Engineering
TCK-103266,2024-10-07 06:08:00,Login/Authentication,Portal,Free,Agent_11,Medium,1.0,2.58,72,False,False,5,Resolved
TCK-101948,2024-10-07 06:12:00,Bug/Error,Chat,Basic,Agent_05,Medium,17.4,21.22,72,False,False,5,Resolved
TCK-101869,2024-10-07 14:12:00,Account Setup,Chat,Free,Agent_06,Medium,1.0,4.29,72,False,False,4,Resolved
TCK-100128,2024-10-07 14:29:00,Bug/Error,Chat,Pro,Agent_06,Low,4.4,13.18,120,False,True,3,Resolved - Escalated
TCK-102963,2024-10-07 16:26:00,Integration/API,Email,Basic,Agent_06,High,60.4,3.85,24,False,False,4,Resolved
TCK-100000,2024-10-07 16:39:00,Integration/API,Phone,Basic,Agent_12,Critical,1.0,7.17,4,True,False,5,Resolved
TCK-102377,2024-10-07 18:50:00,Login/Authentication,Chat,Free,Agent_06,High,2.1,2.6,24,False,False,4,Resolved
TCK-101436,2024-10-07 19:42:00,Integration/API,Chat,Basic,Agent_08,Medium,4.2,2.97,72,False,False,4,Resolved
TCK-102665,2024-10-07 23:06:00,Account Setup,Email,Free,Agent_06,High,46.7,2.31,24,False,False,3,Resolved
TCK-101269,2024-10-07 23:57:00,Data Export/Import,Chat,Pro,Agent_11,Medium,9.1,7.07,72,False,False,4,Resolved
TCK-103989,2024-10-08 00:00:00,Performance/Slowness,Email,Basic,Agent_04,High,26.7,12.75,24,False,False,4,Resolved
TCK-103709,2024-10-08 00:00:00,Account Setup,Chat,Free,Agent_07,Medium,6.6,1.59,72,False,False,5,Resolved
TCK-103589,2024-10-08 00:00:00,Login/Authentication,Phone,Free,Agent_12,Critical,1.1,0.3,4,False,False,5,Resolved
TCK-103454,2024-10-08 00:00:00,Integration/API,Chat,Basic,Agent_05,Low,13.1,22.75,120,False,False,4,Resolved
TCK-102061,2024-10-08 08:30:00,Integration/API,Email,Basic,Agent_10,High,6.1,10.98,24,False,True,3,Resolved - Escalated
TCK-100254,2024-10-08 10:42:00,Login/Authentication,Phone,Basic,Agent_01,Critical,2.9,0.1,4,False,False,4,Resolved
TCK-101270,2024-10-08 11:17:00,Login/Authentication,Email,Free,Agent_12,High,11.8,0.66,24,False,False,5,Resolved
TCK-101500,2024-10-08 11:56:00,Account Setup,Phone,Free,Agent_11,Medium,1.0,0.58,72,False,False,4,Resolved - Workaround
TCK-100177,2024-10-08 12:12:00,Login/Authentication,Chat,Pro,Agent_01,Medium,19.4,0.12,72,False,False,4,Resolved
TCK-102339,2024-10-08 13:01:00,Account Setup,Chat,Pro,Agent_04,High,1.6,1.37,24,False,False,4,Resolved
TCK-100248,2024-10-08 13:25:00,Account Setup,Portal,Pro,Agent_09,High,113.2,3.06,24,False,False,3,Resolved
TCK-100831,2024-10-08 16:23:00,Login/Authentication,Email,Free,Agent_10,Critical,8.7,2.75,4,False,False,4,Resolved
TCK-102244,2024-10-08 18:42:00,Feature Request,Email,Pro,Agent_11,High,68.2,3.15,24,False,False,4,Resolved
TCK-101892,2024-10-08 20:02:00,Login/Authentication,Email,Free,Agent_03,High,74.2,28.05,24,True,False,3,Resolved
TCK-101517,2024-10-08 20:48:00,Performance/Slowness,Email,Pro,Agent_06,High,11.6,4.55,24,False,False,3,Resolved
TCK-101298,2024-10-08 22:34:00,Bug/Error,Chat,Free,Agent_02,Low,1.7,9.6,120,False,False,5,Resolved
TCK-100201,2024-10-08 23:57:00,Login/Authentication,Phone,Basic,Agent_05,Critical,1.0,0.34,4,False,False,4,Resolved
TCK-102910,2024-10-09 00:05:00,Bug/Error,Chat,Basic,Agent_10,Critical,2.6,2.21,4,False,True,3,Resolved - Escalated
TCK-102341,2024-10-09 00:18:00,Billing/Invoicing,Phone,Pro,Agent_06,Medium,18.8,0.69,72,False,False,4,Resolved - Workaround
TCK-101897,2024-10-09 01:42:00,Billing/Invoicing,Portal,Free,Agent_10,High,47.5,1.74,24,False,False,4,Resolved
TCK-101326,2024-10-09 02:10:00,Billing/Invoicing,Chat,Enterprise,Agent_07,Medium,5.3,3.25,72,False,False,5,Resolved - Workaround
TCK-102901,2024-10-09 02:48:00,Performance/Slowness,Email,Pro,Agent_03,Medium,13.1,2.61,72,False,True,2,Resolved - Escalated
TCK-101463,2024-10-09 03:13:00,Bug/Error,Portal,Enterprise,Agent_03,Medium,52.1,3.78,72,False,False,4,Resolved
TCK-101000,2024-10-09 03:35:00,Integration/API,Email,Basic,Agent_06,High,16.8,10.44,24,False,False,4,Resolved
TCK-102254,2024-10-09 04:13:00,Integration/API,Chat,Free,Agent_11,Critical,1.0,17.32,4,True,True,2,Resolved - Escalated
TCK-101032,2024-10-09 06:52:00,Login/Authentication,Portal,Free,Agent_06,High,41.0,3.01,24,False,False,5,Resolved
TCK-100496,2024-10-09 07:43:00,Login/Authentication,Chat,Free,Agent_11,High,2.8,0.27,24,False,False,5,Resolved - Workaround
TCK-102959,2024-10-09 08:51:00,Data Export/Import,Phone,Free,Agent_12,Low,1.0,11.21,120,False,False,4,Resolved
TCK-102656,2024-10-09 08:52:00,Performance/Slowness,Phone,Pro,Agent_12,Medium,1.3,15.64,72,False,False,4,Resolved
TCK-102136,2024-10-09 09:42:00,Login/Authentication,Phone,Free,Agent_03,High,2.6,0.96,24,False,False,3,Resolved - Workaround
TCK-101731,2024-10-09 11:05:00,Bug/Error,Chat,Basic,Agent_08,High,14.1,15.46,24,False,False,4,Resolved
TCK-101447,2024-10-09 11:15:00,Bug/Error,Email,Pro,Agent_09,Critical,19.0,2.04,4,False,False,4,Resolved
TCK-102166,2024-10-09 12:09:00,Performance/Slowness,Portal,Enterprise,Agent_08,Medium,68.5,0.67,72,False,False,4,Resolved
TCK-101305,2024-10-09 15:20:00,Integration/API,Email,Pro,Agent_03,Low,47.0,10.15,120,False,False,3,Resolved
TCK-101706,2024-10-09 18:04:00,Bug/Error,Email,Enterprise,Agent_03,High,36.9,2.84,24,False,True,3,Resolved - Escalated
TCK-102035,2024-10-09 20:44:00,Feature Request,Email,Enterprise,Agent_12,Medium,33.3,48.48,72,False,False,4,Resolved
TCK-100074,2024-10-09 22:58:00,Performance/Slowness,Phone,Free,Agent_09,Medium,6.5,3.83,72,False,False,5,Resolved
TCK-103793,2024-10-10 00:00:00,Bug/Error,Chat,Free,Agent_06,High,7.4,5.27,24,False,False,4,Resolved
TCK-103974,2024-10-10 00:00:00,Billing/Invoicing,Phone,Free,Agent_11,Medium,2.6,7.82,72,False,False,4,Resolved
TCK-103530,2024-10-10 00:00:00,Billing/Invoicing,Email,Free,Agent_05,Low,43.1,2.08,120,False,False,5,Resolved
TCK-103663,2024-10-10 00:00:00,Bug/Error,Email,Free,Agent_05,Medium,54.1,1.06,72,False,False,4,Resolved
TCK-103129,2024-10-10 03:21:00,Account Setup,Chat,Basic,Agent_01,Low,4.2,3.42,120,False,False,5,Resolved
TCK-102698,2024-10-10 03:31:00,Data Export/Import,Email,Free,Agent_08,High,25.7,5.18,24,False,False,4,Resolved
TCK-102808,2024-10-10 03:43:00,Login/Authentication,Chat,Basic,Agent_10,High,9.5,3.74,24,False,False,3,Resolved - Workaround
TCK-100448,2024-10-10 05:48:00,Login/Authentication,Phone,Enterprise,Agent_08,Critical,1.0,2.14,4,False,True,4,Resolved - Escalated
TCK-102966,2024-10-10 08:01:00,Login/Authentication,Chat,Pro,Agent_03,Medium,14.6,2.82,72,False,False,5,Resolved
TCK-100852,2024-10-10 08:43:00,Integration/API,Email,Basic,Agent_08,High,9.5,15.46,24,False,False,5,Resolved
TCK-102820,2024-10-10 11:47:00,Integration/API,Email,Pro,Agent_02,Low,43.9,15.98,120,False,True,3,Resolved - Escalated
TCK-100513,2024-10-10 14:16:00,Login/Authentication,Email,Pro,Agent_06,High,5.7,1.56,24,False,False,5,Resolved
TCK-100042,2024-10-10 15:58:00,Integration/API,Chat,Enterprise,Agent_09,Medium,1.4,15.1,72,False,False,5,Resolved
TCK-102139,2024-10-10 16:23:00,Login/Authentication,Portal,Enterprise,Agent_03,Medium,122.3,9.32,72,False,False,4,Resolved - Workaround
TCK-102289,2024-10-10 20:25:00,Account Setup,Chat,Pro,Agent_09,Critical,1.0,0.1,4,False,False,4,Resolved - Workaround
TCK-100690,2024-10-10 20:43:00,Feature Request,Chat,Free,Agent_10,Medium,9.6,6.71,72,False,False,4,Resolved
TCK-103384,2024-10-11 00:00:00,Bug/Error,Portal,Basic,Agent_11,High,87.1,3.09,24,False,True,3,Resolved - Escalated
TCK-100204,2024-10-11 02:00:00,Bug/Error,Chat,Basic,Agent_09,Critical,1.0,5.7,4,True,False,3,Resolved
TCK-100925,2024-10-11 06:19:00,Performance/Slowness,Chat,Basic,Agent_06,Medium,8.0,1.18,72,False,False,3,Resolved - Workaround
TCK-102944,2024-10-11 07:03:00,Performance/Slowness,Email,Free,Agent_10,Critical,1.0,3.33,4,False,False,4,Resolved
TCK-103300,2024-10-11 07:55:00,Bug/Error,Email,Pro,Agent_10,High,3.0,10.8,24,False,False,4,Resolved - Workaround
TCK-103281,2024-10-11 10:49:00,Performance/Slowness,Phone,Free,Agent_01,High,1.0,5.73,24,False,False,5,Resolved - Workaround
TCK-102842,2024-10-11 11:57:00,Login/Authentication,Portal,Basic,Agent_03,Critical,22.8,1.55,4,False,False,5,Resolved
TCK-103242,2024-10-11 16:50:00,Performance/Slowness,Chat,Pro,Agent_09,Critical,1.8,8.4,4,True,False,4,Resolved
TCK-101337,2024-10-11 17:52:00,Data Export/Import,Email,Basic,Agent_04,High,85.9,0.2,24,False,False,3,Resolved
TCK-101635,2024-10-12 00:20:00,Data Export/Import,Email,Pro,Agent_11,High,1.0,2.91,24,False,False,4,Resolved
TCK-100426,2024-10-12 04:43:00,Bug/Error,Chat,Free,Agent_06,Medium,1.5,3.79,72,False,False,4,Resolved
TCK-101377,2024-10-12 12:30:00,Billing/Invoicing,Chat,Enterprise,Agent_02,Medium,1.0,4.38,72,False,False,4,Resolved
TCK-103312,2024-10-12 14:59:00,Bug/Error,Email,Pro,Agent_07,High,42.5,0.91,24,False,False,3,Resolved
TCK-100399,2024-10-12 17:21:00,Login/Authentication,Portal,Basic,Agent_04,High,1.0,0.96,24,False,True,3,Resolved - Escalated
TCK-100643,2024-10-12 18:40:00,Bug/Error,Chat,Pro,Agent_01,Medium,1.0,7.91,72,False,False,4,Resolved
TCK-102330,2024-10-12 20:20:00,Billing/Invoicing,Email,Free,Agent_08,Medium,75.4,8.1,72,False,False,4,Resolved - Workaround
TCK-102226,2024-10-13 06:48:00,Account Setup,Email,Pro,Agent_04,High,3.7,2.02,24,False,False,4,Resolved
TCK-102679,2024-10-13 07:13:00,Login/Authentication,Email,Basic,Agent_10,High,9.2,0.74,24,False,False,4,Resolved
TCK-103174,2024-10-13 09:53:00,Integration/API,Email,Free,Agent_06,Medium,91.6,11.68,72,False,False,5,Resolved
TCK-100916,2024-10-13 13:49:00,Account Setup,Chat,Basic,Agent_09,Medium,24.2,4.07,72,False,False,5,Resolved
TCK-101012,2024-10-13 17:21:00,Integration/API,Email,Enterprise,Agent_06,Medium,9.4,16.11,72,False,False,3,Resolved
TCK-102588,2024-10-13 21:19:00,Billing/Invoicing,Chat,Free,Agent_08,Low,7.5,2.34,120,False,False,5,Resolved
TCK-103593,2024-10-14 00:00:00,Integration/API,Phone,Enterprise,Agent_09,High,1.0,1.7,24,False,False,3,Resolved
TCK-103666,2024-10-14 00:00:00,Billing/Invoicing,Phone,Free,Agent_12,Medium,1.4,5.19,72,False,False,4,Resolved
TCK-103956,2024-10-14 00:00:00,Login/Authentication,Email,Free,Agent_04,High,30.7,3.46,24,False,False,2,Resolved
TCK-103969,2024-10-14 00:00:00,Billing/Invoicing,Phone,Pro,Agent_09,High,1.2,1.9,24,False,False,4,Resolved
TCK-103761,2024-10-14 00:00:00,Performance/Slowness,Phone,Free,Agent_04,High,1.0,1.54,24,False,False,4,Resolved
TCK-101058,2024-10-14 00:32:00,Bug/Error,Email,Pro,Agent_09,Medium,48.2,15.67,72,False,True,2,Unresolved - Pending Engineering
TCK-102508,2024-10-14 01:46:00,Login/Authentication,Chat,Enterprise,Agent_07,High,1.5,0.25,24,False,False,4,Resolved
TCK-102238,2024-10-14 02:52:00,Bug/Error,Phone,Basic,Agent_12,Medium,1.3,8.55,72,False,False,3,Resolved
TCK-102307,2024-10-14 06:09:00,Bug/Error,Chat,Basic,Agent_02,Low,31.0,8.03,120,False,False,4,Resolved
TCK-102975,2024-10-14 08:48:00,Login/Authentication,Email,Free,Agent_08,Medium,16.1,1.49,72,False,False,4,Resolved
TCK-100216,2024-10-14 09:48:00,Feature Request,Email,Basic,Agent_11,Low,69.2,6.75,120,False,False,5,Resolved - Workaround
TCK-100107,2024-10-14 10:01:00,Login/Authentication,Phone,Basic,Agent_03,High,1.6,1.06,24,False,False,5,Resolved
TCK-100950,2024-10-14 19:18:00,Billing/Invoicing,Phone,Basic,Agent_05,Low,3.7,25.93,120,False,False,5,Resolved - Workaround
TCK-100894,2024-10-14 22:33:00,Bug/Error,Email,Basic,Agent_12,Critical,1.0,2.18,4,False,False,3,Resolved
TCK-100159,2024-10-14 22:59:00,Login/Authentication,Chat,Free,Agent_08,High,1.1,2.2,24,False,False,4,Resolved
TCK-103942,2024-10-15 00:00:00,Account Setup,Email,Free,Agent_02,Medium,150.4,1.39,72,False,False,4,Resolved
TCK-100146,2024-10-15 00:17:00,Account Setup,Phone,Basic,Agent_09,High,1.0,1.18,24,False,False,4,Resolved
TCK-100367,2024-10-15 07:45:00,Data Export/Import,Email,Free,Agent_02,Low,70.4,84.32,120,False,False,4,Resolved
TCK-102370,2024-10-15 12:03:00,Bug/Error,Phone,Free,Agent_03,High,1.0,0.91,24,False,True,3,Resolved - Escalated
TCK-100027,2024-10-15 13:51:00,Login/Authentication,Chat,Pro,Agent_11,Low,8.9,0.4,120,False,False,4,Resolved
TCK-102045,2024-10-15 14:59:00,Bug/Error,Chat,Free,Agent_12,Critical,1.0,2.78,4,False,True,3,Resolved - Escalated
TCK-101793,2024-10-15 19:19:00,Login/Authentication,Chat,Free,Agent_04,Medium,5.9,1.17,72,False,False,4,Resolved
TCK-102179,2024-10-15 23:37:00,Login/Authentication,Chat,Free,Agent_04,Critical,1.2,0.57,4,False,False,4,Resolved
TCK-103640,2024-10-16 00:00:00,Account Setup,Phone,Free,Agent_03,Low,1.2,4.25,120,False,False,4,Resolved
TCK-103520,2024-10-16 00:00:00,Billing/Invoicing,Email,Free,Agent_02,Medium,38.3,4.1,72,False,False,4,Resolved
TCK-102116,2024-10-16 01:41:00,Bug/Error,Email,Pro,Agent_03,Low,127.0,16.15,120,False,False,4,Resolved
TCK-102736,2024-10-16 05:35:00,Login/Authentication,Chat,Pro,Agent_12,High,12.9,3.63,24,False,False,5,Resolved
TCK-100954,2024-10-16 05:39:00,Billing/Invoicing,Email,Basic,Agent_07,Medium,44.5,0.86,72,False,False,4,Resolved - Workaround
TCK-100257,2024-10-16 15:52:00,Account Setup,Email,Pro,Agent_02,Critical,6.5,0.71,4,False,False,4,Resolved
TCK-102066,2024-10-16 20:51:00,Performance/Slowness,Chat,Free,Agent_08,Low,7.0,31.01,120,False,False,4,Resolved
TCK-103918,2024-10-17 00:00:00,Integration/API,Phone,Basic,Agent_08,Low,8.9,7.83,120,False,True,3,Resolved - Escalated
TCK-103968,2024-10-17 00:00:00,Bug/Error,Portal,Basic,Agent_11,High,79.6,13.15,24,False,False,5,Resolved
TCK-103697,2024-10-17 00:00:00,Integration/API,Portal,Basic,Agent_05,Low,7.5,28.51,120,False,False,4,Resolved
TCK-100298,2024-10-17 02:01:00,Feature Request,Email,Enterprise,Agent_12,Medium,25.7,52.32,72,False,False,3,Resolved
TCK-101489,2024-10-17 04:32:00,Integration/API,Chat,Pro,Agent_03,High,16.7,4.88,24,False,True,2,Resolved - Escalated
TCK-101331,2024-10-17 04:46:00,Integration/API,Chat,Pro,Agent_01,Low,32.9,6.4,120,False,False,5,Resolved
TCK-102319,2024-10-17 05:41:00,Bug/Error,Chat,Basic,Agent_09,High,8.1,2.67,24,False,False,4,Resolved
TCK-101197,2024-10-17 07:32:00,Data Export/Import,Chat,Basic,Agent_01,Medium,9.7,0.69,72,False,False,4,Resolved
TCK-102000,2024-10-17 08:36:00,Integration/API,Email,Pro,Agent_08,Low,117.8,33.36,120,False,False,3,Resolved
TCK-102321,2024-10-17 09:03:00,Feature Request,Email,Basic,Agent_08,Low,29.0,26.78,120,False,False,4,Resolved
TCK-103322,2024-10-17 09:41:00,Login/Authentication,Chat,Basic,Agent_10,Medium,36.6,1.74,72,False,False,5,Resolved
TCK-100150,2024-10-17 11:28:00,Bug/Error,Phone,Basic,Agent_10,Medium,1.0,6.01,72,False,False,2,Resolved
TCK-102965,2024-10-17 13:57:00,Account Setup,Chat,Free,Agent_06,Medium,13.3,1.92,72,False,False,4,Resolved - Workaround
TCK-100903,2024-10-17 15:08:00,Performance/Slowness,Email,Basic,Agent_11,High,20.2,9.44,24,False,True,2,Resolved - Escalated
TCK-101589,2024-10-17 17:48:00,Data Export/Import,Email,Basic,Agent_07,High,43.5,7.61,24,False,False,5,Resolved
TCK-102531,2024-10-17 21:08:00,Feature Request,Email,Pro,Agent_08,High,59.1,51.72,24,True,False,3,Resolved
TCK-103380,2024-10-18 00:00:00,Data Export/Import,Email,Basic,Agent_11,Low,55.3,2.15,120,False,False,4,Resolved
TCK-103920,2024-10-18 00:00:00,Billing/Invoicing,Email,Free,Agent_01,Medium,77.5,5.88,72,False,False,5,Resolved
TCK-103504,2024-10-18 00:00:00,Login/Authentication,Phone,Free,Agent_07,High,2.3,1.22,24,False,False,4,Resolved
TCK-103940,2024-10-18 00:00:00,Integration/API,Email,Pro,Agent_03,Medium,64.1,14.83,72,False,True,2,Resolved - Escalated
TCK-102117,2024-10-18 00:05:00,Bug/Error,Chat,Free,Agent_07,High,21.9,2.5,24,False,False,5,Resolved
TCK-102886,2024-10-18 02:54:00,Bug/Error,Chat,Free,Agent_02,High,1.0,2.45,24,False,False,4,Resolved
TCK-102737,2024-10-18 06:07:00,Bug/Error,Portal,Basic,Agent_10,High,86.2,0.66,24,False,False,4,Resolved
TCK-101283,2024-10-18 06:32:00,Data Export/Import,Portal,Basic,Agent_08,Medium,1.0,9.18,72,False,False,4,Resolved
TCK-100805,2024-10-18 06:34:00,Login/Authentication,Phone,Free,Agent_03,Medium,1.3,1.08,72,False,False,4,Resolved
TCK-102811,2024-10-18 09:47:00,Bug/Error,Chat,Free,Agent_05,Low,19.7,21.17,120,False,True,4,Resolved - Escalated
TCK-101721,2024-10-18 10:25:00,Login/Authentication,Portal,Enterprise,Agent_07,High,17.9,1.26,24,False,False,4,Resolved - Workaround
TCK-102505,2024-10-18 11:20:00,Account Setup,Portal,Enterprise,Agent_12,Medium,20.0,0.8,72,False,False,4,Resolved - Workaround
TCK-100904,2024-10-18 14:02:00,Performance/Slowness,Chat,Basic,Agent_07,Medium,16.3,146.55,72,True,False,3,Resolved
TCK-100581,2024-10-18 15:37:00,Bug/Error,Phone,Pro,Agent_12,High,4.5,15.0,24,False,False,5,Resolved
TCK-101698,2024-10-18 15:45:00,Account Setup,Chat,Free,Agent_10,Medium,2.2,0.35,72,False,False,3,Resolved
TCK-102844,2024-10-18 18:29:00,Bug/Error,Email,Free,Agent_04,Medium,31.3,97.11,72,True,False,3,Resolved
TCK-100200,2024-10-19 03:06:00,Login/Authentication,Chat,Pro,Agent_08,High,1.0,1.38,24,False,False,4,Resolved
TCK-101193,2024-10-19 03:44:00,Performance/Slowness,Email,Pro,Agent_03,Low,183.4,19.01,120,False,False,2,Resolved
TCK-102227,2024-10-19 04:11:00,Account Setup,Portal,Basic,Agent_10,Medium,7.2,0.31,72,False,False,4,Resolved
TCK-102024,2024-10-19 07:18:00,Login/Authentication,Email,Basic,Agent_05,High,2.6,3.7,24,False,False,5,Resolved
TCK-101175,2024-10-19 09:12:00,Feature Request,Email,Basic,Agent_11,Medium,26.4,15.56,72,False,False,3,Resolved
TCK-100083,2024-10-19 14:28:00,Performance/Slowness,Phone,Free,Agent_07,Low,4.7,150.35,120,True,False,4,Resolved
TCK-100968,2024-10-19 14:46:00,Account Setup,Chat,Pro,Agent_04,Medium,7.5,0.81,72,False,False,5,Resolved
TCK-102731,2024-10-19 17:37:00,Billing/Invoicing,Portal,Free,Agent_09,Medium,183.7,3.89,72,False,True,4,Resolved - Escalated
TCK-101713,2024-10-19 22:40:00,Billing/Invoicing,Portal,Enterprise,Agent_08,High,6.8,1.97,24,False,False,5,Resolved
TCK-100060,2024-10-19 23:29:00,Billing/Invoicing,Chat,Basic,Agent_07,Medium,9.6,1.84,72,False,False,4,Resolved
TCK-102060,2024-10-20 09:31:00,Performance/Slowness,Chat,Basic,Agent_03,Medium,5.9,1.19,72,False,False,5,Resolved
TCK-101009,2024-10-20 11:43:00,Performance/Slowness,Chat,Pro,Agent_04,High,7.6,12.92,24,False,True,3,Resolved - Escalated
TCK-102140,2024-10-20 16:05:00,Feature Request,Chat,Pro,Agent_05,High,7.1,7.37,24,False,True,3,Resolved - Escalated
TCK-103779,2024-10-21 00:00:00,Data Export/Import,Email,Pro,Agent_11,Medium,94.2,21.66,72,False,False,4,Resolved - Workaround
TCK-102660,2024-10-21 03:48:00,Feature Request,Phone,Free,Agent_10,Low,1.0,18.66,120,False,True,4,Resolved - Escalated
TCK-101228,2024-10-21 09:53:00,Bug/Error,Portal,Basic,Agent_11,Critical,23.8,11.66,4,True,True,3,Resolved - Escalated
TCK-102304,2024-10-21 09:53:00,Billing/Invoicing,Portal,Free,Agent_02,Medium,43.1,3.69,72,False,False,4,Resolved
TCK-102515,2024-10-21 10:05:00,Login/Authentication,Email,Enterprise,Agent_02,High,22.3,0.58,24,False,False,4,Resolved
TCK-101164,2024-10-21 11:16:00,Integration/API,Portal,Pro,Agent_01,Low,20.2,17.61,120,False,False,3,Resolved
TCK-101479,2024-10-21 13:41:00,Login/Authentication,Portal,Pro,Agent_03,High,30.1,0.86,24,False,False,4,Resolved
TCK-102875,2024-10-21 22:17:00,Integration/API,Portal,Basic,Agent_12,Low,167.5,37.22,120,False,False,4,Resolved - Workaround
TCK-101477,2024-10-21 22:42:00,Performance/Slowness,Email,Basic,Agent_11,Low,13.1,3.09,120,False,False,3,Resolved
TCK-103731,2024-10-22 00:00:00,Bug/Error,Phone,Basic,Agent_07,Low,2.9,0.57,120,False,False,5,Resolved
TCK-102444,2024-10-22 00:37:00,Login/Authentication,Phone,Pro,Agent_10,Critical,1.0,1.3,4,False,True,2,Unresolved - Pending Engineering
TCK-101705,2024-10-22 01:03:00,Bug/Error,Chat,Free,Agent_08,High,19.6,8.16,24,False,False,5,Resolved - Workaround
TCK-100698,2024-10-22 01:34:00,Feature Request,Portal,Enterprise,Agent_07,Medium,461.6,97.98,72,True,True,2,Resolved - Escalated
TCK-102248,2024-10-22 04:20:00,Performance/Slowness,Email,Basic,Agent_08,Medium,27.9,33.12,72,False,True,3,Resolved - Escalated
TCK-103114,2024-10-22 07:30:00,Bug/Error,Email,Free,Agent_10,Critical,3.6,1.82,4,False,False,5,Resolved
TCK-100322,2024-10-22 07:59:00,Bug/Error,Chat,Basic,Agent_06,Critical,4.4,2.75,4,False,False,3,Resolved
TCK-100840,2024-10-22 08:44:00,Bug/Error,Email,Enterprise,Agent_11,Medium,42.7,7.25,72,False,False,3,Resolved
TCK-101013,2024-10-22 12:36:00,Bug/Error,Email,Basic,Agent_05,Medium,85.4,21.78,72,False,True,3,Resolved - Escalated
TCK-101944,2024-10-22 13:20:00,Login/Authentication,Chat,Basic,Agent_07,Critical,6.6,16.33,4,True,False,3,Resolved - Workaround
TCK-100148,2024-10-22 13:55:00,Account Setup,Phone,Free,Agent_02,Medium,2.0,0.21,72,False,False,5,Resolved
TCK-100063,2024-10-22 15:03:00,Integration/API,Chat,Enterprise,Agent_07,Medium,5.0,13.45,72,False,False,2,Resolved - Workaround
TCK-102257,2024-10-22 16:49:00,Bug/Error,Chat,Pro,Agent_12,Critical,2.2,10.44,4,True,False,4,Resolved
TCK-100003,2024-10-22 18:06:00,Login/Authentication,Chat,Pro,Agent_11,Low,1.0,35.36,120,False,False,4,Resolved
TCK-102581,2024-10-22 19:36:00,Performance/Slowness,Chat,Pro,Agent_08,Medium,2.7,0.68,72,False,False,3,Resolved - Workaround
TCK-103820,2024-10-23 00:00:00,Performance/Slowness,Phone,Free,Agent_10,Critical,1.9,11.19,4,True,False,4,Resolved
TCK-103512,2024-10-23 00:00:00,Billing/Invoicing,Email,Pro,Agent_05,Medium,13.9,3.34,72,False,False,3,Resolved
TCK-100335,2024-10-23 05:16:00,Bug/Error,Chat,Basic,Agent_04,Medium,9.6,1.11,72,False,False,3,Resolved - Workaround
TCK-102050,2024-10-23 08:41:00,Bug/Error,Email,Free,Agent_07,Medium,34.0,74.71,72,True,False,3,Resolved
TCK-100420,2024-10-23 10:27:00,Performance/Slowness,Chat,Free,Agent_05,High,1.6,7.51,24,False,True,3,Resolved - Escalated
TCK-103260,2024-10-23 10:34:00,Bug/Error,Phone,Free,Agent_10,Low,1.0,16.35,120,False,False,5,Resolved
TCK-102080,2024-10-23 12:55:00,Performance/Slowness,Email,Pro,Agent_05,Critical,1.0,3.54,4,False,False,4,Resolved
TCK-102252,2024-10-23 15:46:00,Bug/Error,Portal,Basic,Agent_08,Medium,45.6,27.42,72,False,True,4,Resolved - Escalated
TCK-100553,2024-10-23 16:29:00,Billing/Invoicing,Email,Free,Agent_08,High,13.2,3.88,24,False,False,4,Resolved
TCK-102081,2024-10-23 16:50:00,Integration/API,Email,Free,Agent_08,Low,128.2,8.2,120,False,False,4,Resolved
TCK-100591,2024-10-23 17:52:00,Account Setup,Chat,Pro,Agent_06,High,2.3,0.54,24,False,False,4,Resolved
TCK-100902,2024-10-23 23:47:00,Performance/Slowness,Email,Free,Agent_05,High,3.0,5.62,24,False,True,2,Unresolved - Pending Engineering
TCK-103767,2024-10-24 00:00:00,Integration/API,Portal,Pro,Agent_11,Low,35.2,17.03,120,False,False,4,Resolved
TCK-103570,2024-10-24 00:00:00,Integration/API,Email,Enterprise,Agent_05,Medium,17.7,30.21,72,False,False,4,Resolved
TCK-103439,2024-10-24 00:00:00,Account Setup,Phone,Pro,Agent_01,Critical,1.0,0.56,4,False,False,5,Resolved - Workaround
TCK-101834,2024-10-24 00:47:00,Bug/Error,Phone,Free,Agent_06,Critical,1.0,16.92,4,True,False,5,Resolved
TCK-101160,2024-10-24 02:39:00,Bug/Error,Phone,Basic,Agent_04,Medium,1.0,8.78,72,False,False,5,Resolved - Workaround
TCK-102155,2024-10-24 05:42:00,Bug/Error,Email,Basic,Agent_04,High,16.5,8.37,24,False,False,4,Resolved
TCK-102233,2024-10-24 07:11:00,Billing/Invoicing,Email,Pro,Agent_06,Low,96.2,4.17,120,False,False,4,Resolved - Workaround
TCK-100016,2024-10-24 07:56:00,Data Export/Import,Email,Enterprise,Agent_04,High,8.1,6.76,24,False,False,3,Resolved
TCK-100377,2024-10-24 09:49:00,Login/Authentication,Portal,Basic,Agent_07,Critical,19.5,0.55,4,False,False,5,Resolved
TCK-101103,2024-10-24 11:22:00,Login/Authentication,Phone,Free,Agent_07,Medium,2.4,2.7,72,False,False,4,Resolved
TCK-100789,2024-10-24 13:00:00,Billing/Invoicing,Portal,Pro,Agent_08,High,62.1,1.0,24,False,True,3,Resolved - Escalated
TCK-102786,2024-10-24 13:09:00,Login/Authentication,Phone,Pro,Agent_05,Low,1.0,10.63,120,False,True,3,Resolved - Escalated
TCK-101003,2024-10-24 18:43:00,Login/Authentication,Chat,Basic,Agent_02,High,6.8,3.05,24,False,False,4,Resolved
TCK-103205,2024-10-24 22:40:00,Login/Authentication,Chat,Pro,Agent_09,Critical,6.1,0.11,4,False,False,5,Resolved
TCK-103594,2024-10-25 00:00:00,Account Setup,Phone,Basic,Agent_03,High,1.0,1.54,24,False,False,4,Resolved
TCK-101633,2024-10-25 00:25:00,Billing/Invoicing,Chat,Free,Agent_05,Low,4.9,6.97,120,False,True,5,Resolved - Escalated
TCK-101324,2024-10-25 02:45:00,Bug/Error,Email,Free,Agent_02,High,1.0,3.48,24,False,True,4,Resolved - Escalated
TCK-103070,2024-10-25 03:09:00,Login/Authentication,Phone,Basic,Agent_11,Medium,1.0,2.3,72,False,False,4,Resolved
TCK-101959,2024-10-25 03:12:00,Login/Authentication,Email,Enterprise,Agent_05,High,12.1,1.8,24,False,True,2,Resolved - Escalated
TCK-103236,2024-10-25 05:16:00,Performance/Slowness,Portal,Enterprise,Agent_08,High,1.0,3.08,24,False,False,4,Resolved - Workaround
TCK-103177,2024-10-25 08:10:00,Data Export/Import,Email,Basic,Agent_01,High,16.6,3.19,24,False,False,4,Resolved
TCK-101508,2024-10-25 09:55:00,Billing/Invoicing,Phone,Pro,Agent_06,High,1.0,2.13,24,False,False,5,Resolved
TCK-100312,2024-10-25 16:30:00,Performance/Slowness,Chat,Pro,Agent_08,High,21.1,4.54,24,False,True,2,Resolved - Escalated
TCK-102501,2024-10-25 17:02:00,Account Setup,Chat,Pro,Agent_06,Medium,8.1,1.06,72,False,False,4,Resolved
TCK-100368,2024-10-25 20:13:00,Integration/API,Portal,Free,Agent_01,High,55.6,3.4,24,False,False,5,Resolved
TCK-100176,2024-10-25 22:30:00,Feature Request,Chat,Enterprise,Agent_08,Medium,1.0,11.31,72,False,False,5,Resolved
TCK-101845,2024-10-25 23:18:00,Data Export/Import,Chat,Basic,Agent_05,Low,26.7,1.5,120,False,False,5,Resolved
TCK-100929,2024-10-26 12:01:00,Bug/Error,Chat,Pro,Agent_03,Critical,3.4,2.01,4,False,False,4,Resolved
TCK-101741,2024-10-26 13:51:00,Login/Authentication,Portal,Pro,Agent_11,Low,122.9,4.08,120,False,False,5,Resolved
TCK-101075,2024-10-26 16:04:00,Feature Request,Chat,Basic,Agent_04,High,2.5,4.67,24,False,False,4,Resolved
TCK-101762,2024-10-26 18:57:00,Performance/Slowness,Chat,Free,Agent_07,Critical,1.0,2.6,4,False,False,5,Resolved
TCK-102903,2024-10-26 20:10:00,Login/Authentication,Chat,Free,Agent_06,High,1.0,0.91,24,False,False,4,Resolved - Workaround
TCK-103055,2024-10-27 01:03:00,Feature Request,Email,Free,Agent_09,Low,57.3,9.46,120,False,False,3,Resolved - Workaround
TCK-100809,2024-10-27 01:35:00,Account Setup,Email,Free,Agent_09,High,15.1,1.95,24,False,False,4,Resolved
TCK-100386,2024-10-27 20:42:00,Login/Authentication,Email,Free,Agent_07,Low,139.9,5.83,120,False,False,5,Resolved
TCK-103514,2024-10-28 00:00:00,Feature Request,Portal,Pro,Agent_09,Low,8.8,12.35,120,False,False,4,Resolved
TCK-103573,2024-10-28 00:00:00,Bug/Error,Portal,Basic,Agent_07,Medium,150.2,3.54,72,False,False,3,Resolved
TCK-103668,2024-10-28 00:00:00,Performance/Slowness,Chat,Free,Agent_08,High,1.2,5.86,24,False,True,2,Resolved - Escalated
TCK-102021,2024-10-28 01:36:00,Login/Authentication,Phone,Pro,Agent_12,High,1.0,2.0,24,False,False,5,Resolved
TCK-102385,2024-10-28 03:36:00,Bug/Error,Email,Free,Agent_05,High,1.0,5.33,24,False,False,3,Resolved
TCK-102079,2024-10-28 04:08:00,Performance/Slowness,Email,Basic,Agent_01,High,31.5,5.52,24,False,False,4,Resolved
TCK-102247,2024-10-28 08:23:00,Account Setup,Email,Free,Agent_10,Critical,1.3,0.81,4,False,False,5,Resolved - Workaround
TCK-102457,2024-10-28 08:42:00,Bug/Error,Chat,Free,Agent_02,Medium,8.0,17.6,72,False,False,5,Resolved
TCK-103061,2024-10-28 09:45:00,Feature Request,Email,Basic,Agent_06,Medium,20.9,27.52,72,False,False,4,Resolved - Workaround
TCK-101056,2024-10-28 10:15:00,Performance/Slowness,Email,Pro,Agent_03,Medium,5.7,10.24,72,False,True,2,Resolved - Escalated
TCK-100419,2024-10-28 11:22:00,Feature Request,Chat,Pro,Agent_11,Medium,24.6,24.02,72,False,False,5,Resolved
TCK-102506,2024-10-28 12:09:00,Integration/API,Chat,Free,Agent_05,Low,4.6,14.51,120,False,False,5,Resolved
TCK-101437,2024-10-28 12:19:00,Data Export/Import,Portal,Free,Agent_04,Low,101.4,10.45,120,False,False,4,Resolved
TCK-102327,2024-10-28 13:20:00,Login/Authentication,Chat,Pro,Agent_09,Medium,3.6,4.79,72,False,False,5,Resolved
TCK-100900,2024-10-28 16:08:00,Bug/Error,Portal,Basic,Agent_03,Low,110.8,4.72,120,False,False,5,Resolved
TCK-101792,2024-10-28 17:41:00,Billing/Invoicing,Email,Free,Agent_04,High,37.0,2.17,24,False,True,2,Resolved - Escalated
TCK-103112,2024-10-28 18:55:00,Feature Request,Chat,Pro,Agent_02,Medium,13.1,14.26,72,False,False,5,Resolved
TCK-101666,2024-10-28 22:25:00,Performance/Slowness,Phone,Free,Agent_04,Critical,2.1,1.62,4,False,False,5,Resolved - Workaround
TCK-103986,2024-10-29 00:00:00,Bug/Error,Email,Basic,Agent_01,High,25.8,14.25,24,False,False,3,Resolved
TCK-103387,2024-10-29 00:00:00,Feature Request,Chat,Pro,Agent_02,High,3.1,26.56,24,True,False,5,Resolved
TCK-103936,2024-10-29 00:00:00,Bug/Error,Portal,Pro,Agent_06,Medium,33.3,7.68,72,False,False,4,Resolved
TCK-103375,2024-10-29 00:00:00,Login/Authentication,Phone,Free,Agent_05,Medium,10.3,0.56,72,False,False,5,Resolved
TCK-103442,2024-10-29 00:00:00,Billing/Invoicing,Chat,Basic,Agent_06,High,18.3,2.4,24,False,False,4,Resolved
TCK-102402,2024-10-29 00:31:00,Billing/Invoicing,Chat,Pro,Agent_03,Medium,1.0,3.27,72,False,False,4,Resolved - Workaround
TCK-103012,2024-10-29 02:06:00,Bug/Error,Portal,Free,Agent_03,High,63.1,2.82,24,False,False,4,Resolved
TCK-102331,2024-10-29 03:50:00,Performance/Slowness,Email,Free,Agent_11,Low,70.0,4.51,120,False,False,4,Resolved
TCK-100038,2024-10-29 03:54:00,Performance/Slowness,Chat,Basic,Agent_08,Medium,7.5,44.37,72,False,False,5,Resolved
TCK-102578,2024-10-29 05:19:00,Account Setup,Chat,Basic,Agent_12,Low,56.7,6.22,120,False,False,4,Resolved
TCK-101062,2024-10-29 06:50:00,Login/Authentication,Chat,Basic,Agent_02,Medium,12.8,1.92,72,False,False,4,Resolved
TCK-100211,2024-10-29 07:04:00,Billing/Invoicing,Chat,Pro,Agent_04,Medium,31.2,2.49,72,False,False,4,Resolved
TCK-101710,2024-10-29 09:39:00,Feature Request,Phone,Free,Agent_08,Medium,1.1,9.28,72,False,True,3,Resolved - Escalated
TCK-101133,2024-10-29 09:53:00,Performance/Slowness,Chat,Enterprise,Agent_09,Medium,1.0,1.79,72,False,False,4,Resolved
TCK-103341,2024-10-29 17:40:00,Bug/Error,Chat,Pro,Agent_04,High,6.2,2.58,24,False,False,4,Resolved
TCK-102732,2024-10-29 21:42:00,Account Setup,Chat,Pro,Agent_04,High,3.4,0.82,24,False,False,3,Resolved
TCK-101536,2024-10-29 22:02:00,Bug/Error,Phone,Free,Agent_05,High,1.0,11.22,24,False,True,3,Unresolved - Pending Engineering
TCK-101980,2024-10-29 23:48:00,Feature Request,Email,Free,Agent_09,Medium,46.9,5.86,72,False,False,3,Resolved - Workaround
TCK-103852,2024-10-30 00:00:00,Billing/Invoicing,Portal,Pro,Agent_06,Low,360.1,47.44,120,False,False,4,Resolved
TCK-103492,2024-10-30 00:00:00,Account Setup,Portal,Basic,Agent_06,Low,232.2,3.07,120,False,False,5,Resolved - Workaround
TCK-103858,2024-10-30 00:00:00,Performance/Slowness,Email,Enterprise,Agent_09,Medium,39.7,59.05,72,False,False,4,Resolved
TCK-103515,2024-10-30 00:00:00,Integration/API,Portal,Basic,Agent_04,High,1.0,11.72,24,False,False,5,Resolved
TCK-101446,2024-10-30 01:26:00,Billing/Invoicing,Email,Free,Agent_12,Low,7.8,22.59,120,False,False,3,Resolved
TCK-101641,2024-10-30 01:37:00,Login/Authentication,Portal,Pro,Agent_11,Medium,62.8,4.36,72,False,False,4,Resolved
TCK-101301,2024-10-30 04:47:00,Billing/Invoicing,Phone,Pro,Agent_06,Low,1.3,6.68,120,False,False,5,Resolved
TCK-102899,2024-10-30 05:56:00,Billing/Invoicing,Chat,Pro,Agent_02,High,5.1,1.66,24,False,False,5,Resolved
TCK-101943,2024-10-30 07:16:00,Performance/Slowness,Portal,Pro,Agent_09,Critical,1.0,1.08,4,False,True,2,Unresolved - Pending Engineering
TCK-101240,2024-10-30 07:52:00,Data Export/Import,Email,Free,Agent_03,High,4.7,1.01,24,False,False,4,Resolved
TCK-101382,2024-10-30 09:02:00,Billing/Invoicing,Email,Enterprise,Agent_01,Medium,9.6,1.48,72,False,False,3,Resolved
TCK-103333,2024-10-30 12:04:00,Data Export/Import,Chat,Pro,Agent_10,Low,4.0,7.47,120,False,False,4,Resolved
TCK-102814,2024-10-30 13:44:00,Bug/Error,Portal,Free,Agent_09,High,3.7,6.35,24,False,True,3,Resolved - Escalated
TCK-101217,2024-10-30 14:14:00,Data Export/Import,Email,Enterprise,Agent_03,Medium,23.1,2.05,72,False,False,3,Resolved
TCK-102458,2024-10-30 17:15:00,Data Export/Import,Chat,Free,Agent_05,Medium,6.9,0.32,72,False,False,4,Resolved
TCK-100140,2024-10-30 18:04:00,Bug/Error,Phone,Pro,Agent_10,Medium,1.1,60.92,72,False,False,5,Resolved
TCK-100667,2024-10-30 22:26:00,Login/Authentication,Email,Pro,Agent_10,Low,10.2,7.59,120,False,True,3,Unresolved - Pending Engineering
TCK-102788,2024-10-30 23:05:00,Data Export/Import,Chat,Basic,Agent_08,Medium,1.0,10.26,72,False,False,4,Resolved - Workaround
TCK-103674,2024-10-31 00:00:00,Login/Authentication,Chat,Pro,Agent_04,Medium,13.6,0.65,72,False,False,4,Resolved
TCK-103582,2024-10-31 00:00:00,Billing/Invoicing,Email,Pro,Agent_06,Medium,30.0,0.53,72,False,False,5,Resolved
TCK-100882,2024-10-31 07:37:00,Account Setup,Portal,Free,Agent_12,Medium,58.7,1.39,72,False,True,4,Resolved - Escalated
TCK-103246,2024-10-31 15:38:00,Bug/Error,Chat,Free,Agent_01,Medium,3.1,1.31,72,False,False,4,Resolved
TCK-100537,2024-10-31 19:33:00,Login/Authentication,Chat,Free,Agent_10,High,2.0,1.26,24,False,False,5,Resolved
TCK-100457,2024-10-31 20:24:00,Bug/Error,Phone,Free,Agent_04,High,1.0,1.31,24,False,False,4,Resolved
TCK-100510,2024-10-31 20:37:00,Data Export/Import,Phone,Pro,Agent_12,Medium,2.4,10.57,72,False,False,4,Resolved
TCK-103009,2024-10-31 20:51:00,Billing/Invoicing,Email,Free,Agent_10,Medium,65.8,1.97,72,False,False,4,Resolved
TCK-103086,2024-10-31 21:27:00,Performance/Slowness,Portal,Basic,Agent_01,Low,63.3,3.51,120,False,False,4,Resolved
TCK-100548,2024-10-31 22:17:00,Bug/Error,Email,Free,Agent_05,Critical,1.0,3.13,4,False,False,4,Resolved
TCK-100767,2024-10-31 22:19:00,Data Export/Import,Email,Pro,Agent_02,Low,42.2,8.35,120,False,False,4,Resolved
TCK-103011,2024-10-31 23:52:00,Billing/Invoicing,Email,Pro,Agent_07,Medium,41.7,7.62,72,False,False,3,Resolved
TCK-100325,2024-11-01 02:27:00,Bug/Error,Portal,Free,Agent_07,Low,15.0,6.33,120,False,False,4,Resolved
TCK-103049,2024-11-01 05:14:00,Billing/Invoicing,Phone,Free,Agent_05,Medium,1.0,18.42,72,False,False,5,Resolved
TCK-100217,2024-11-01 06:04:00,Login/Authentication,Portal,Basic,Agent_01,Medium,56.7,2.33,72,False,False,5,Resolved
TCK-101055,2024-11-01 09:14:00,Account Setup,Email,Free,Agent_12,Medium,33.7,5.21,72,False,False,4,Resolved - Workaround
TCK-100136,2024-11-01 11:04:00,Bug/Error,Email,Pro,Agent_04,Medium,89.0,2.41,72,False,False,3,Resolved
TCK-101771,2024-11-01 12:07:00,Bug/Error,Chat,Pro,Agent_08,Medium,4.5,3.3,72,False,True,3,Resolved - Escalated
TCK-100741,2024-11-01 15:53:00,Performance/Slowness,Portal,Basic,Agent_04,Medium,56.8,0.95,72,False,False,4,Resolved
TCK-100214,2024-11-01 16:37:00,Integration/API,Email,Pro,Agent_11,High,29.9,2.73,24,False,False,5,Resolved
TCK-100489,2024-11-01 22:04:00,Feature Request,Email,Free,Agent_12,High,19.9,11.39,24,False,False,4,Resolved
TCK-103190,2024-11-02 12:20:00,Data Export/Import,Portal,Free,Agent_11,Low,149.0,13.92,120,False,False,4,Resolved
TCK-101116,2024-11-02 17:00:00,Bug/Error,Phone,Free,Agent_09,Critical,1.0,4.08,4,True,True,1,Resolved - Escalated
TCK-100575,2024-11-02 19:23:00,Bug/Error,Email,Pro,Agent_09,Low,94.2,7.27,120,False,False,5,Resolved
TCK-100834,2024-11-02 22:45:00,Billing/Invoicing,Chat,Pro,Agent_11,Medium,5.4,1.07,72,False,False,4,Resolved
TCK-101219,2024-11-03 00:26:00,Integration/API,Chat,Basic,Agent_02,High,3.7,3.95,24,False,True,3,Resolved - Escalated
TCK-100144,2024-11-03 02:41:00,Bug/Error,Chat,Basic,Agent_02,Medium,10.8,0.62,72,False,False,4,Resolved
TCK-101835,2024-11-03 04:44:00,Bug/Error,Portal,Basic,Agent_03,High,32.8,7.51,24,False,False,4,Resolved
TCK-102922,2024-11-03 10:04:00,Bug/Error,Chat,Free,Agent_07,Critical,1.0,2.11,4,False,False,5,Resolved
TCK-103359,2024-11-03 13:38:00,Bug/Error,Phone,Free,Agent_01,High,3.0,3.45,24,False,False,4,Resolved - Workaround
TCK-101673,2024-11-03 15:53:00,Billing/Invoicing,Email,Free,Agent_01,Medium,13.8,1.63,72,False,False,4,Resolved - Workaround
TCK-103450,2024-11-04 00:00:00,Billing/Invoicing,Chat,Free,Agent_10,Low,5.6,6.46,120,False,True,3,Unresolved - Pending Engineering
TCK-103735,2024-11-04 00:00:00,Login/Authentication,Email,Pro,Agent_05,Medium,19.1,4.09,72,False,False,4,Resolved
TCK-103983,2024-11-04 00:00:00,Billing/Invoicing,Chat,Free,Agent_09,Medium,2.9,5.42,72,False,False,4,Resolved
TCK-101275,2024-11-04 00:37:00,Data Export/Import,Chat,Pro,Agent_05,Low,9.7,12.88,120,False,False,5,Resolved
TCK-100612,2024-11-04 03:37:00,Performance/Slowness,Chat,Basic,Agent_04,High,1.0,11.08,24,False,False,3,Resolved
TCK-101695,2024-11-04 08:47:00,Bug/Error,Email,Pro,Agent_05,Critical,2.2,3.85,4,False,False,4,Resolved
TCK-100234,2024-11-04 09:59:00,Login/Authentication,Email,Basic,Agent_06,High,11.0,0.5,24,False,False,3,Resolved
TCK-103186,2024-11-04 10:42:00,Integration/API,Email,Basic,Agent_12,Medium,54.3,0.63,72,False,False,3,Resolved
TCK-102352,2024-11-04 13:35:00,Integration/API,Chat,Free,Agent_12,Low,7.7,17.82,120,False,False,5,Resolved
TCK-100073,2024-11-04 15:15:00,Login/Authentication,Email,Free,Agent_02,Medium,16.9,3.55,72,False,False,3,Resolved
TCK-101725,2024-11-04 15:32:00,Integration/API,Chat,Basic,Agent_03,Medium,5.9,29.04,72,False,True,2,Resolved - Escalated
TCK-101545,2024-11-04 16:46:00,Login/Authentication,Phone,Pro,Agent_02,High,2.3,2.71,24,False,False,3,Resolved
TCK-100705,2024-11-04 17:59:00,Feature Request,Email,Basic,Agent_09,Low,152.4,30.33,120,False,False,4,Resolved
TCK-101387,2024-11-04 18:56:00,Data Export/Import,Chat,Basic,Agent_10,High,1.9,0.41,24,False,False,5,Resolved - Workaround
TCK-101684,2024-11-04 20:16:00,Performance/Slowness,Chat,Pro,Agent_03,Critical,1.0,0.13,4,False,False,4,Resolved
TCK-103311,2024-11-04 22:58:00,Account Setup,Phone,Pro,Agent_11,High,1.0,1.11,24,False,False,5,Resolved
TCK-101617,2024-11-04 23:56:00,Performance/Slowness,Email,Pro,Agent_03,Medium,3.9,5.17,72,False,True,2,Resolved - Escalated
TCK-103834,2024-11-05 00:00:00,Bug/Error,Email,Pro,Agent_04,Critical,13.7,0.1,4,False,True,3,Resolved - Escalated
TCK-103568,2024-11-05 00:00:00,Integration/API,Email,Pro,Agent_05,Low,27.3,23.63,120,False,False,4,Resolved
TCK-103402,2024-11-05 00:00:00,Bug/Error,Portal,Pro,Agent_05,Critical,11.5,3.38,4,False,False,4,Resolved
TCK-102363,2024-11-05 00:58:00,Data Export/Import,Phone,Free,Agent_02,Medium,3.1,6.01,72,False,False,3,Resolved - Workaround
TCK-102150,2024-11-05 01:19:00,Data Export/Import,Chat,Free,Agent_10,Medium,7.4,6.92,72,False,False,5,Resolved
TCK-101134,2024-11-05 02:12:00,Login/Authentication,Portal,Free,Agent_12,Critical,4.8,0.21,4,False,False,4,Resolved
TCK-102693,2024-11-05 05:28:00,Bug/Error,Portal,Basic,Agent_10,Medium,25.5,31.19,72,False,False,5,Resolved
TCK-100692,2024-11-05 07:37:00,Performance/Slowness,Chat,Free,Agent_04,High,2.7,1.99,24,False,False,4,Resolved - Workaround
TCK-102181,2024-11-05 07:48:00,Performance/Slowness,Chat,Free,Agent_04,High,1.0,1.2,24,False,False,3,Resolved
TCK-101972,2024-11-05 14:16:00,Feature Request,Chat,Basic,Agent_01,Low,4.9,18.23,120,False,False,4,Resolved
TCK-102945,2024-11-05 15:13:00,Bug/Error,Phone,Basic,Agent_09,Medium,1.0,29.27,72,False,False,3,Resolved
TCK-100051,2024-11-05 17:35:00,Feature Request,Email,Basic,Agent_05,Low,171.8,55.61,120,False,False,4,Resolved
TCK-100411,2024-11-05 17:48:00,Bug/Error,Chat,Free,Agent_06,Medium,1.0,1.96,72,False,True,3,Resolved - Escalated
TCK-102437,2024-11-05 18:32:00,Billing/Invoicing,Chat,Free,Agent_04,High,5.5,4.73,24,False,True,3,Resolved - Escalated
TCK-103122,2024-11-05 19:41:00,Billing/Invoicing,Chat,Pro,Agent_06,Low,2.9,8.5,120,False,False,4,Resolved
TCK-103889,2024-11-06 00:00:00,Login/Authentication,Portal,Pro,Agent_04,Critical,34.1,0.89,4,False,False,5,Resolved
TCK-103163,2024-11-06 00:12:00,Bug/Error,Portal,Basic,Agent_08,Medium,1.7,4.48,72,False,True,3,Unresolved - Pending Engineering
TCK-102107,2024-11-06 00:52:00,Integration/API,Email,Free,Agent_01,Medium,125.1,7.75,72,False,False,5,Resolved
TCK-100093,2024-11-06 07:01:00,Login/Authentication,Phone,Free,Agent_10,Medium,1.0,2.31,72,False,False,4,Resolved - Workaround
TCK-102336,2024-11-06 09:17:00,Performance/Slowness,Portal,Basic,Agent_10,Critical,9.5,6.09,4,True,False,2,Resolved
TCK-101960,2024-11-06 10:41:00,Billing/Invoicing,Chat,Pro,Agent_06,Low,22.0,24.37,120,False,True,3,Unresolved - Pending Engineering
TCK-102520,2024-11-06 13:52:00,Performance/Slowness,Email,Free,Agent_07,High,16.7,38.79,24,True,True,2,Resolved - Escalated
TCK-102585,2024-11-06 14:34:00,Feature Request,Portal,Free,Agent_02,High,20.7,7.27,24,False,False,4,Resolved
TCK-102537,2024-11-06 16:27:00,Billing/Invoicing,Chat,Pro,Agent_02,Medium,1.6,32.9,72,False,False,5,Resolved
TCK-101645,2024-11-06 19:29:00,Login/Authentication,Chat,Free,Agent_03,Medium,2.7,0.25,72,False,False,4,Resolved
TCK-103907,2024-11-07 00:00:00,Login/Authentication,Email,Free,Agent_01,High,48.9,5.06,24,False,False,4,Resolved
TCK-103414,2024-11-07 00:00:00,Performance/Slowness,Chat,Free,Agent_02,Critical,1.2,7.18,4,True,True,3,Resolved - Escalated
TCK-103524,2024-11-07 00:00:00,Bug/Error,Phone,Basic,Agent_05,Medium,1.0,22.86,72,False,False,4,Resolved
TCK-102617,2024-11-07 01:29:00,Login/Authentication,Email,Pro,Agent_04,Medium,7.4,0.31,72,False,True,2,Resolved - Escalated
TCK-100130,2024-11-07 01:49:00,Performance/Slowness,Email,Enterprise,Agent_12,Low,60.6,16.21,120,False,False,5,Resolved
TCK-101407,2024-11-07 01:52:00,Performance/Slowness,Chat,Free,Agent_07,Medium,17.7,3.29,72,False,False,5,Resolved - Workaround
TCK-102946,2024-11-07 13:52:00,Account Setup,Email,Basic,Agent_07,Critical,25.4,0.99,4,False,False,4,Resolved
TCK-102649,2024-11-07 15:03:00,Integration/API,Phone,Basic,Agent_12,Low,3.2,13.49,120,False,False,5,Resolved
TCK-102519,2024-11-07 16:08:00,Performance/Slowness,Portal,Basic,Agent_02,Critical,16.4,13.17,4,True,False,4,Resolved
TCK-100660,2024-11-07 16:59:00,Billing/Invoicing,Chat,Free,Agent_07,Medium,9.3,3.94,72,False,False,4,Resolved - Workaround
TCK-103152,2024-11-07 18:22:00,Billing/Invoicing,Chat,Basic,Agent_03,Low,5.6,1.76,120,False,False,4,Resolved
TCK-101259,2024-11-07 23:48:00,Integration/API,Phone,Pro,Agent_04,Low,3.5,11.46,120,False,False,4,Resolved - Workaround
TCK-103887,2024-11-08 00:00:00,Performance/Slowness,Chat,Pro,Agent_09,Medium,15.5,5.54,72,False,False,4,Resolved
TCK-103429,2024-11-08 00:00:00,Bug/Error,Chat,Free,Agent_05,High,1.4,3.82,24,False,False,5,Resolved - Workaround
TCK-103738,2024-11-08 00:00:00,Integration/API,Chat,Enterprise,Agent_12,Medium,9.1,11.5,72,False,True,4,Resolved - Escalated
TCK-101118,2024-11-08 00:25:00,Login/Authentication,Portal,Free,Agent_01,Critical,13.4,0.65,4,False,False,4,Resolved
TCK-100487,2024-11-08 01:54:00,Account Setup,Portal,Enterprise,Agent_02,Critical,1.0,0.5,4,False,False,4,Resolved
TCK-102384,2024-11-08 03:05:00,Feature Request,Email,Pro,Agent_02,High,8.9,4.03,24,False,True,3,Resolved - Escalated
TCK-101524,2024-11-08 03:58:00,Login/Authentication,Portal,Free,Agent_10,Medium,262.9,7.18,72,False,False,4,Resolved
TCK-101290,2024-11-08 05:04:00,Integration/API,Email,Basic,Agent_11,Low,34.2,43.69,120,False,False,5,Resolved
TCK-101041,2024-11-08 07:12:00,Login/Authentication,Email,Free,Agent_02,High,22.1,2.73,24,False,False,4,Resolved
TCK-100930,2024-11-08 09:16:00,Data Export/Import,Chat,Pro,Agent_04,Medium,10.5,1.71,72,False,False,5,Resolved
TCK-101063,2024-11-08 15:44:00,Performance/Slowness,Chat,Enterprise,Agent_07,High,2.6,5.55,24,False,False,5,Resolved
TCK-102468,2024-11-08 17:40:00,Account Setup,Phone,Basic,Agent_08,Low,1.0,0.69,120,False,False,4,Resolved
TCK-102007,2024-11-09 07:02:00,Bug/Error,Chat,Basic,Agent_02,High,1.0,15.08,24,False,False,4,Resolved
TCK-100375,2024-11-09 18:17:00,Account Setup,Email,Pro,Agent_05,Medium,21.3,3.15,72,False,False,5,Resolved - Workaround
TCK-100390,2024-11-09 18:20:00,Performance/Slowness,Portal,Basic,Agent_08,High,8.1,2.57,24,False,False,4,Resolved
TCK-101937,2024-11-09 20:51:00,Billing/Invoicing,Portal,Free,Agent_05,High,1.0,2.2,24,False,False,4,Resolved
TCK-101139,2024-11-09 22:58:00,Login/Authentication,Portal,Free,Agent_08,High,34.9,2.49,24,False,False,5,Resolved
TCK-101417,2024-11-10 01:03:00,Billing/Invoicing,Portal,Pro,Agent_12,Low,25.4,3.12,120,False,False,4,Resolved - Workaround
TCK-101786,2024-11-10 02:13:00,Login/Authentication,Chat,Free,Agent_03,High,1.5,0.1,24,False,False,4,Resolved
TCK-100502,2024-11-10 09:22:00,Billing/Invoicing,Portal,Pro,Agent_01,Critical,1.0,0.24,4,False,False,5,Resolved - Workaround
TCK-100109,2024-11-10 19:20:00,Feature Request,Chat,Pro,Agent_07,Low,17.0,8.86,120,False,False,4,Resolved
TCK-102392,2024-11-10 19:35:00,Bug/Error,Email,Pro,Agent_12,Critical,9.4,2.0,4,False,True,2,Unresolved - Pending Engineering
TCK-103870,2024-11-11 00:00:00,Login/Authentication,Email,Basic,Agent_01,High,18.8,0.67,24,False,False,4,Resolved
TCK-101828,2024-11-11 03:44:00,Billing/Invoicing,Chat,Basic,Agent_06,High,2.8,2.03,24,False,False,3,Resolved
TCK-101971,2024-11-11 06:33:00,Login/Authentication,Chat,Free,Agent_02,High,6.2,0.96,24,False,True,3,Unresolved - Pending Engineering
TCK-100790,2024-11-11 07:06:00,Bug/Error,Chat,Pro,Agent_02,Medium,6.3,9.34,72,False,False,4,Resolved
TCK-100029,2024-11-11 07:18:00,Bug/Error,Portal,Basic,Agent_08,Medium,68.7,2.58,72,False,False,5,Resolved
TCK-101060,2024-11-11 09:11:00,Billing/Invoicing,Portal,Free,Agent_12,High,9.9,2.41,24,False,False,5,Resolved
TCK-100407,2024-11-11 09:49:00,Bug/Error,Chat,Pro,Agent_12,Low,1.0,31.98,120,False,True,3,Resolved - Escalated
TCK-101880,2024-11-11 14:53:00,Login/Authentication,Email,Pro,Agent_02,Critical,1.0,0.71,4,False,True,2,Unresolved - Pending Engineering
TCK-100283,2024-11-11 19:36:00,Billing/Invoicing,Portal,Basic,Agent_01,Medium,102.6,2.8,72,False,False,4,Resolved
TCK-103073,2024-11-11 23:00:00,Account Setup,Phone,Pro,Agent_02,Medium,1.0,2.76,72,False,False,5,Resolved
TCK-100247,2024-11-11 23:38:00,Login/Authentication,Chat,Free,Agent_05,Medium,10.7,5.52,72,False,False,5,Resolved
TCK-103744,2024-11-12 00:00:00,Billing/Invoicing,Email,Free,Agent_09,High,39.3,4.99,24,False,False,4,Resolved
TCK-101629,2024-11-12 03:43:00,Login/Authentication,Email,Basic,Agent_04,Medium,51.5,2.06,72,False,False,4,Resolved
TCK-100514,2024-11-12 06:01:00,Performance/Slowness,Email,Free,Agent_09,High,3.9,2.3,24,False,True,2,Resolved - Escalated
TCK-100041,2024-11-12 07:26:00,Login/Authentication,Phone,Pro,Agent_08,Low,1.0,6.12,120,False,False,5,Resolved
TCK-102606,2024-11-12 10:12:00,Login/Authentication,Portal,Pro,Agent_02,High,78.8,1.61,24,False,False,4,Resolved
TCK-102832,2024-11-12 16:50:00,Billing/Invoicing,Chat,Pro,Agent_02,Critical,2.3,2.02,4,False,False,4,Resolved - Workaround
TCK-102098,2024-11-12 17:56:00,Login/Authentication,Phone,Basic,Agent_04,Medium,11.0,0.56,72,False,False,4,Resolved
TCK-102038,2024-11-12 22:03:00,Account Setup,Chat,Basic,Agent_01,Low,32.8,21.16,120,False,False,5,Resolved
TCK-102940,2024-11-12 23:17:00,Account Setup,Phone,Free,Agent_03,Medium,1.0,2.91,72,False,False,4,Resolved
TCK-103910,2024-11-13 00:00:00,Login/Authentication,Portal,Free,Agent_04,Low,10.7,1.9,120,False,False,4,Resolved
TCK-100523,2024-11-13 03:46:00,Login/Authentication,Chat,Pro,Agent_05,Medium,9.5,3.47,72,False,False,5,Resolved - Workaround
TCK-102052,2024-11-13 03:55:00,Login/Authentication,Email,Free,Agent_01,Critical,5.3,1.97,4,False,False,4,Resolved
TCK-100755,2024-11-13 05:03:00,Billing/Invoicing,Phone,Pro,Agent_07,Low,1.0,0.1,120,False,False,4,Resolved
TCK-100062,2024-11-13 07:06:00,Bug/Error,Email,Enterprise,Agent_12,Medium,69.6,9.35,72,False,False,3,Resolved
TCK-100491,2024-11-13 08:02:00,Bug/Error,Email,Free,Agent_05,Low,106.5,205.41,120,True,False,4,Resolved
TCK-100996,2024-11-13 14:37:00,Login/Authentication,Chat,Basic,Agent_09,High,1.7,0.53,24,False,True,3,Resolved - Escalated
TCK-103138,2024-11-13 17:48:00,Bug/Error,Portal,Basic,Agent_06,High,37.6,0.25,24,False,True,3,Unresolved - Pending Engineering
TCK-102456,2024-11-13 21:59:00,Performance/Slowness,Chat,Free,Agent_05,Medium,2.5,0.6,72,False,False,4,Resolved
TCK-101544,2024-11-13 23:49:00,Bug/Error,Portal,Free,Agent_12,Low,57.0,4.49,120,False,False,5,Resolved
TCK-103794,2024-11-14 00:00:00,Login/Authentication,Email,Basic,Agent_02,High,22.6,0.78,24,False,False,4,Resolved
TCK-103939,2024-11-14 00:00:00,Account Setup,Chat,Enterprise,Agent_03,Low,18.0,3.33,120,False,False,4,Resolved
TCK-103217,2024-11-14 02:22:00,Billing/Invoicing,Phone,Free,Agent_06,Low,2.9,1.69,120,False,False,4,Resolved
TCK-101182,2024-11-14 07:28:00,Login/Authentication,Email,Pro,Agent_02,High,1.0,1.59,24,False,False,4,Resolved
TCK-102523,2024-11-14 08:25:00,Feature Request,Portal,Free,Agent_11,Medium,80.9,31.19,72,False,False,4,Resolved - Workaround
TCK-103231,2024-11-14 10:48:00,Billing/Invoicing,Chat,Free,Agent_04,Medium,7.6,3.43,72,False,False,5,Resolved
TCK-102697,2024-11-14 14:44:00,Integration/API,Chat,Pro,Agent_12,High,1.0,86.85,24,True,False,5,Resolved
TCK-100137,2024-11-14 17:48:00,Integration/API,Chat,Enterprise,Agent_09,Low,19.9,0.25,120,False,False,5,Resolved
TCK-101421,2024-11-14 19:35:00,Billing/Invoicing,Portal,Basic,Agent_05,Medium,26.9,0.65,72,False,False,4,Resolved
TCK-102559,2024-11-14 20:11:00,Account Setup,Email,Pro,Agent_07,High,47.5,0.1,24,False,True,2,Unresolved - Pending Engineering
TCK-103432,2024-11-15 00:00:00,Data Export/Import,Phone,Pro,Agent_10,Medium,1.0,0.57,72,False,False,4,Resolved - Workaround
TCK-103673,2024-11-15 00:00:00,Performance/Slowness,Chat,Pro,Agent_10,Critical,1.0,3.61,4,False,True,4,Resolved - Escalated
TCK-103891,2024-11-15 00:00:00,Data Export/Import,Email,Pro,Agent_04,Low,82.6,8.24,120,False,True,2,Resolved - Escalated
TCK-102624,2024-11-15 01:39:00,Integration/API,Email,Basic,Agent_10,High,21.7,2.15,24,False,False,4,Resolved - Workaround
TCK-101313,2024-11-15 07:29:00,Bug/Error,Email,Basic,Agent_10,Low,24.4,11.04,120,False,False,3,Resolved
TCK-101413,2024-11-15 10:30:00,Billing/Invoicing,Chat,Basic,Agent_08,Medium,1.0,5.37,72,False,False,4,Resolved
TCK-101291,2024-11-15 10:30:00,Bug/Error,Portal,Free,Agent_12,Medium,106.4,16.06,72,False,False,5,Resolved - Workaround
TCK-100702,2024-11-15 11:09:00,Bug/Error,Chat,Pro,Agent_08,Medium,1.2,13.4,72,False,False,4,Resolved
TCK-100619,2024-11-15 15:54:00,Billing/Invoicing,Portal,Enterprise,Agent_10,Medium,30.5,4.22,72,False,True,4,Unresolved - Pending Engineering
TCK-100025,2024-11-15 18:18:00,Bug/Error,Chat,Free,Agent_12,Low,3.6,3.25,120,False,False,4,Resolved
TCK-100094,2024-11-15 19:24:00,Account Setup,Email,Enterprise,Agent_11,Critical,12.2,0.33,4,False,False,5,Resolved
TCK-100105,2024-11-16 03:18:00,Login/Authentication,Chat,Pro,Agent_10,Medium,3.0,2.57,72,False,False,4,Resolved
TCK-102435,2024-11-16 09:00:00,Bug/Error,Chat,Free,Agent_06,Medium,3.8,3.62,72,False,False,4,Resolved
TCK-100896,2024-11-16 09:21:00,Bug/Error,Chat,Basic,Agent_02,Low,11.0,0.91,120,False,False,5,Resolved
TCK-100158,2024-11-16 14:03:00,Billing/Invoicing,Phone,Pro,Agent_05,Medium,1.4,3.89,72,False,False,4,Resolved - Workaround
TCK-101985,2024-11-16 16:16:00,Login/Authentication,Chat,Pro,Agent_11,Critical,1.0,2.25,4,False,False,3,Resolved
TCK-103079,2024-11-16 20:42:00,Login/Authentication,Phone,Free,Agent_05,High,1.0,0.47,24,False,False,2,Resolved
TCK-101831,2024-11-17 13:58:00,Account Setup,Chat,Enterprise,Agent_10,High,6.2,8.59,24,False,False,4,Resolved
TCK-101576,2024-11-17 16:21:00,Performance/Slowness,Portal,Basic,Agent_03,Medium,26.6,12.16,72,False,False,5,Resolved
TCK-100182,2024-11-17 18:26:00,Login/Authentication,Email,Basic,Agent_04,Critical,11.1,0.57,4,False,False,4,Resolved - Workaround
TCK-103949,2024-11-18 00:00:00,Data Export/Import,Email,Free,Agent_06,Low,44.5,4.3,120,False,False,5,Resolved - Workaround
TCK-102872,2024-11-18 00:26:00,Bug/Error,Email,Pro,Agent_05,Medium,37.2,1.74,72,False,False,5,Resolved
TCK-100585,2024-11-18 01:16:00,Data Export/Import,Chat,Free,Agent_11,Medium,12.3,1.41,72,False,False,5,Resolved
TCK-102764,2024-11-18 03:34:00,Login/Authentication,Phone,Free,Agent_02,High,2.1,2.61,24,False,True,3,Unresolved - Pending Engineering
TCK-102973,2024-11-18 03:40:00,Bug/Error,Email,Basic,Agent_08,Critical,5.0,6.09,4,True,True,1,Resolved - Escalated
TCK-101735,2024-11-18 05:59:00,Bug/Error,Portal,Pro,Agent_07,High,1.0,1.57,24,False,True,3,Resolved - Escalated
TCK-102969,2024-11-18 08:46:00,Bug/Error,Email,Pro,Agent_04,Low,28.7,52.72,120,False,False,4,Resolved
TCK-102208,2024-11-18 09:55:00,Bug/Error,Email,Pro,Agent_10,High,67.2,0.36,24,False,False,4,Resolved
TCK-101527,2024-11-18 10:23:00,Billing/Invoicing,Portal,Free,Agent_01,Critical,4.8,1.71,4,False,False,4,Resolved
TCK-100099,2024-11-18 13:17:00,Feature Request,Portal,Basic,Agent_01,Low,6.8,51.23,120,False,True,2,Resolved - Escalated
TCK-102372,2024-11-18 22:21:00,Feature Request,Chat,Free,Agent_06,High,3.4,14.56,24,False,False,4,Resolved
TCK-101442,2024-11-19 04:55:00,Integration/API,Portal,Basic,Agent_12,Medium,38.4,1.98,72,False,False,4,Resolved
TCK-102610,2024-11-19 08:35:00,Billing/Invoicing,Phone,Pro,Agent_02,Low,1.4,6.56,120,False,False,4,Resolved
TCK-100494,2024-11-19 09:58:00,Account Setup,Phone,Pro,Agent_07,Medium,5.5,0.84,72,False,False,5,Resolved
TCK-100395,2024-11-19 14:18:00,Feature Request,Email,Pro,Agent_08,Medium,93.2,2.49,72,False,False,5,Resolved
TCK-100547,2024-11-19 14:42:00,Login/Authentication,Portal,Pro,Agent_10,High,1.0,2.59,24,False,False,4,Resolved
TCK-100588,2024-11-19 16:47:00,Account Setup,Email,Free,Agent_06,High,21.0,0.83,24,False,False,4,Resolved - Workaround
TCK-101927,2024-11-19 18:10:00,Account Setup,Phone,Free,Agent_08,Medium,1.6,5.08,72,False,False,5,Resolved
TCK-103606,2024-11-20 00:00:00,Login/Authentication,Phone,Basic,Agent_02,High,1.1,0.31,24,False,False,4,Resolved
TCK-103785,2024-11-20 00:00:00,Bug/Error,Phone,Pro,Agent_03,Medium,1.0,11.27,72,False,False,5,Resolved
TCK-103444,2024-11-20 00:00:00,Account Setup,Chat,Pro,Agent_08,Medium,24.0,0.11,72,False,False,3,Resolved
TCK-103014,2024-11-20 03:03:00,Integration/API,Email,Pro,Agent_04,Medium,43.5,28.05,72,False,False,4,Resolved
TCK-103361,2024-11-20 10:46:00,Billing/Invoicing,Portal,Free,Agent_11,Medium,112.5,0.81,72,False,False,4,Resolved
TCK-103022,2024-11-20 13:26:00,Billing/Invoicing,Chat,Free,Agent_03,High,6.9,3.8,24,False,False,4,Resolved
TCK-101910,2024-11-20 13:41:00,Performance/Slowness,Portal,Pro,Agent_07,High,55.5,14.37,24,False,False,5,Resolved
TCK-100012,2024-11-20 16:42:00,Integration/API,Email,Free,Agent_01,Medium,80.9,81.04,72,True,True,2,Resolved - Escalated
TCK-100050,2024-11-20 19:11:00,Bug/Error,Phone,Free,Agent_03,High,2.6,11.34,24,False,False,5,Resolved
TCK-101530,2024-11-20 19:52:00,Integration/API,Portal,Free,Agent_11,High,25.7,4.65,24,False,False,4,Resolved
TCK-101757,2024-11-20 20:29:00,Login/Authentication,Chat,Free,Agent_02,Low,22.4,7.3,120,False,False,3,Resolved
TCK-101862,2024-11-20 23:06:00,Login/Authentication,Email,Basic,Agent_03,High,41.8,1.81,24,False,False,5,Resolved
TCK-103610,2024-11-21 00:00:00,Billing/Invoicing,Email,Basic,Agent_05,Low,129.6,7.87,120,False,False,4,Resolved - Workaround
TCK-103965,2024-11-21 00:00:00,Performance/Slowness,Chat,Basic,Agent_10,Low,4.6,8.63,120,False,False,4,Resolved
TCK-103428,2024-11-21 00:00:00,Bug/Error,Email,Basic,Agent_09,Critical,11.8,3.68,4,False,False,5,Resolved - Workaround
TCK-102498,2024-11-21 00:53:00,Login/Authentication,Chat,Basic,Agent_04,High,5.0,3.68,24,False,False,2,Resolved
TCK-100837,2024-11-21 00:58:00,Billing/Invoicing,Chat,Free,Agent_08,Medium,4.6,2.85,72,False,False,4,Resolved
TCK-100102,2024-11-21 04:37:00,Login/Authentication,Portal,Enterprise,Agent_03,High,56.2,3.57,24,False,False,4,Resolved
TCK-101942,2024-11-21 11:58:00,Billing/Invoicing,Email,Free,Agent_02,Low,14.2,6.5,120,False,True,3,Unresolved - Pending Engineering
TCK-102997,2024-11-21 12:01:00,Bug/Error,Portal,Basic,Agent_08,Critical,3.5,3.31,4,False,True,3,Resolved - Escalated
TCK-100126,2024-11-21 12:07:00,Account Setup,Chat,Basic,Agent_12,Medium,6.1,0.62,72,False,False,4,Resolved
TCK-102047,2024-11-21 13:00:00,Bug/Error,Chat,Free,Agent_07,High,4.1,6.28,24,False,False,4,Resolved
TCK-102947,2024-11-21 15:54:00,Bug/Error,Chat,Basic,Agent_11,High,1.9,5.31,24,False,False,4,Resolved
TCK-101181,2024-11-21 16:16:00,Bug/Error,Email,Pro,Agent_02,Medium,32.5,1.41,72,False,True,3,Resolved - Escalated
TCK-102863,2024-11-21 16:39:00,Login/Authentication,Chat,Pro,Agent_01,High,7.4,2.27,24,False,False,4,Resolved
TCK-103149,2024-11-21 18:57:00,Performance/Slowness,Chat,Pro,Agent_02,Medium,11.4,1.34,72,False,False,4,Resolved
TCK-102416,2024-11-21 22:27:00,Bug/Error,Chat,Basic,Agent_05,Medium,3.8,3.64,72,False,False,4,Resolved
TCK-103990,2024-11-22 00:00:00,Login/Authentication,Email,Free,Agent_11,Medium,55.7,0.12,72,False,False,2,Resolved
TCK-103614,2024-11-22 00:00:00,Login/Authentication,Chat,Free,Agent_06,Critical,2.6,1.24,4,False,False,5,Resolved
TCK-101158,2024-11-22 02:00:00,Data Export/Import,Email,Basic,Agent_05,Low,63.4,13.01,120,False,False,4,Resolved
TCK-102454,2024-11-22 07:44:00,Data Export/Import,Portal,Free,Agent_03,Low,162.1,5.46,120,False,False,4,Resolved
TCK-101434,2024-11-22 10:28:00,Feature Request,Portal,Enterprise,Agent_02,Medium,59.0,13.76,72,False,False,4,Resolved
TCK-100090,2024-11-22 17:54:00,Account Setup,Chat,Basic,Agent_12,Low,1.3,3.21,120,False,False,5,Resolved - Workaround
TCK-101981,2024-11-23 00:44:00,Login/Authentication,Portal,Enterprise,Agent_12,Medium,49.6,6.52,72,False,False,5,Resolved
TCK-102301,2024-11-23 11:27:00,Billing/Invoicing,Portal,Basic,Agent_07,High,4.6,4.11,24,False,False,5,Resolved
TCK-102568,2024-11-23 14:15:00,Feature Request,Email,Basic,Agent_01,Critical,30.4,32.23,4,True,False,3,Resolved
TCK-102220,2024-11-23 17:53:00,Integration/API,Email,Free,Agent_12,Low,234.3,63.93,120,False,False,3,Resolved
TCK-100242,2024-11-24 07:02:00,Bug/Error,Portal,Free,Agent_12,High,93.4,5.97,24,False,True,3,Unresolved - Pending Engineering
TCK-100466,2024-11-24 08:28:00,Bug/Error,Email,Pro,Agent_09,Low,41.3,6.44,120,False,False,4,Resolved
TCK-100664,2024-11-24 08:29:00,Login/Authentication,Email,Pro,Agent_04,High,30.8,1.28,24,False,False,5,Resolved
TCK-102492,2024-11-24 09:34:00,Login/Authentication,Chat,Basic,Agent_09,High,18.4,1.31,24,False,False,4,Resolved - Workaround
TCK-103746,2024-11-25 00:00:00,Performance/Slowness,Chat,Free,Agent_10,Medium,13.0,6.86,72,False,False,4,Resolved
TCK-103619,2024-11-25 00:00:00,Performance/Slowness,Chat,Pro,Agent_10,Medium,22.5,2.73,72,False,False,5,Resolved
TCK-102718,2024-11-25 00:36:00,Performance/Slowness,Email,Basic,Agent_06,High,13.7,3.33,24,False,False,4,Resolved
TCK-100262,2024-11-25 05:57:00,Login/Authentication,Chat,Enterprise,Agent_09,Medium,9.6,2.98,72,False,False,4,Resolved
TCK-100726,2024-11-25 06:09:00,Account Setup,Email,Basic,Agent_06,Low,4.4,5.21,120,False,False,5,Resolved
TCK-100836,2024-11-25 06:53:00,Login/Authentication,Email,Pro,Agent_11,Critical,3.6,0.78,4,False,False,4,Resolved
TCK-102191,2024-11-25 09:20:00,Data Export/Import,Portal,Free,Agent_12,Medium,73.2,14.59,72,False,False,4,Resolved
TCK-100746,2024-11-25 10:03:00,Login/Authentication,Chat,Basic,Agent_12,High,4.3,0.49,24,False,False,5,Resolved
TCK-100215,2024-11-25 12:49:00,Login/Authentication,Portal,Pro,Agent_08,High,43.5,0.3,24,False,False,5,Resolved - Workaround
TCK-103269,2024-11-25 17:18:00,Account Setup,Email,Pro,Agent_10,High,128.9,4.34,24,False,False,3,Resolved
TCK-101493,2024-11-25 19:27:00,Performance/Slowness,Phone,Pro,Agent_09,Critical,1.2,1.11,4,False,True,4,Resolved - Escalated
TCK-102615,2024-11-25 20:03:00,Account Setup,Portal,Pro,Agent_02,Low,130.0,13.93,120,False,False,4,Resolved
TCK-100139,2024-11-25 23:47:00,Billing/Invoicing,Portal,Enterprise,Agent_03,Medium,136.4,5.8,72,False,False,4,Resolved
TCK-103517,2024-11-26 00:00:00,Integration/API,Chat,Basic,Agent_09,Low,1.0,28.54,120,False,False,5,Resolved
TCK-103567,2024-11-26 00:00:00,Bug/Error,Chat,Enterprise,Agent_09,High,1.4,30.71,24,True,False,2,Resolved
TCK-103405,2024-11-26 00:00:00,Bug/Error,Portal,Free,Agent_11,High,73.1,19.44,24,False,True,4,Resolved - Escalated
TCK-100665,2024-11-26 01:53:00,Account Setup,Email,Free,Agent_08,Medium,1.2,1.25,72,False,False,4,Resolved
TCK-101066,2024-11-26 02:31:00,Bug/Error,Email,Pro,Agent_04,Medium,26.3,20.39,72,False,False,5,Resolved
TCK-100685,2024-11-26 04:25:00,Performance/Slowness,Portal,Free,Agent_09,High,6.0,5.27,24,False,False,5,Resolved
TCK-102769,2024-11-26 10:41:00,Performance/Slowness,Phone,Enterprise,Agent_06,Medium,3.2,6.67,72,False,False,4,Resolved
TCK-102629,2024-11-26 11:07:00,Billing/Invoicing,Portal,Basic,Agent_11,Low,181.5,30.68,120,False,False,4,Resolved
TCK-102231,2024-11-26 11:25:00,Feature Request,Chat,Free,Agent_08,High,12.1,8.47,24,False,False,4,Resolved
TCK-101558,2024-11-26 11:50:00,Feature Request,Email,Basic,Agent_04,Medium,18.0,27.04,72,False,False,5,Resolved
TCK-102735,2024-11-26 14:46:00,Billing/Invoicing,Portal,Basic,Agent_07,Low,94.6,3.68,120,False,False,3,Resolved - Workaround
TCK-101761,2024-11-26 17:36:00,Billing/Invoicing,Email,Free,Agent_12,Medium,1.0,4.07,72,False,True,3,Resolved - Escalated
TCK-101514,2024-11-26 20:54:00,Feature Request,Portal,Basic,Agent_01,Medium,43.5,4.59,72,False,False,4,Resolved - Workaround
TCK-103140,2024-11-26 21:34:00,Integration/API,Chat,Free,Agent_06,Medium,3.3,6.96,72,False,False,5,Resolved
TCK-100309,2024-11-26 22:19:00,Performance/Slowness,Phone,Basic,Agent_08,High,1.8,0.49,24,False,True,3,Resolved - Escalated
TCK-103766,2024-11-27 00:00:00,Account Setup,Portal,Free,Agent_12,Medium,39.6,4.98,72,False,True,2,Resolved - Escalated
TCK-103803,2024-11-27 00:00:00,Login/Authentication,Chat,Free,Agent_09,Medium,1.1,7.11,72,False,False,4,Resolved
TCK-103862,2024-11-27 00:00:00,Bug/Error,Email,Free,Agent_02,Medium,55.8,20.77,72,False,False,4,Resolved
TCK-103902,2024-11-27 00:00:00,Account Setup,Email,Basic,Agent_09,High,63.2,0.54,24,False,False,3,Resolved
TCK-103636,2024-11-27 00:00:00,Performance/Slowness,Phone,Free,Agent_06,Medium,3.7,1.81,72,False,True,4,Unresolved - Pending Engineering
TCK-103737,2024-11-27 00:00:00,Integration/API,Chat,Pro,Agent_04,Low,1.0,19.56,120,False,False,4,Resolved
TCK-102767,2024-11-27 00:17:00,Login/Authentication,Email,Free,Agent_09,Low,6.8,0.45,120,False,False,4,Resolved
TCK-102448,2024-11-27 06:41:00,Login/Authentication,Chat,Basic,Agent_02,High,8.3,1.15,24,False,False,4,Resolved
TCK-100425,2024-11-27 08:15:00,Bug/Error,Chat,Basic,Agent_09,Medium,14.9,22.32,72,False,False,4,Resolved
TCK-103146,2024-11-27 14:18:00,Feature Request,Email,Enterprise,Agent_05,Critical,17.7,4.58,4,True,False,4,Resolved
TCK-103301,2024-11-27 15:02:00,Performance/Slowness,Portal,Enterprise,Agent_12,Medium,18.6,29.43,72,False,False,5,Resolved
TCK-101583,2024-11-27 15:13:00,Bug/Error,Email,Basic,Agent_11,Medium,64.2,6.54,72,False,False,4,Resolved
TCK-102835,2024-11-27 18:13:00,Feature Request,Portal,Free,Agent_02,Low,7.5,8.56,120,False,False,4,Resolved - Workaround
TCK-101399,2024-11-27 19:33:00,Bug/Error,Chat,Pro,Agent_07,Medium,4.0,13.01,72,False,False,4,Resolved
TCK-103798,2024-11-28 00:00:00,Data Export/Import,Portal,Basic,Agent_05,High,64.3,0.44,24,False,False,5,Resolved
TCK-103431,2024-11-28 00:00:00,Performance/Slowness,Chat,Basic,Agent_06,Medium,13.0,8.94,72,False,True,3,Resolved - Escalated
TCK-103695,2024-11-28 00:00:00,Data Export/Import,Portal,Free,Agent_02,High,64.2,0.66,24,False,False,4,Resolved
TCK-101364,2024-11-28 02:08:00,Login/Authentication,Chat,Free,Agent_03,Medium,8.4,5.2,72,False,False,5,Resolved
TCK-100719,2024-11-28 03:24:00,Data Export/Import,Email,Pro,Agent_08,Medium,8.2,9.16,72,False,False,4,Resolved
TCK-101445,2024-11-28 04:53:00,Billing/Invoicing,Chat,Free,Agent_05,Medium,12.6,6.7,72,False,False,4,Resolved - Workaround
TCK-100443,2024-11-28 05:32:00,Integration/API,Email,Free,Agent_04,Medium,128.1,25.65,72,False,False,4,Resolved
TCK-101928,2024-11-28 11:15:00,Performance/Slowness,Email,Enterprise,Agent_10,High,32.6,1.23,24,False,False,4,Resolved
TCK-101567,2024-11-28 13:01:00,Login/Authentication,Portal,Free,Agent_11,High,20.8,4.05,24,False,False,4,Resolved
TCK-102879,2024-11-28 13:57:00,Bug/Error,Chat,Free,Agent_08,Critical,2.9,2.24,4,False,False,4,Resolved
TCK-100010,2024-11-28 14:43:00,Performance/Slowness,Portal,Pro,Agent_07,Medium,63.1,11.35,72,False,True,3,Resolved - Escalated
TCK-100570,2024-11-28 17:06:00,Data Export/Import,Email,Enterprise,Agent_02,Medium,6.8,13.12,72,False,False,3,Resolved
TCK-102418,2024-11-28 17:47:00,Integration/API,Email,Pro,Agent_02,Medium,28.0,0.52,72,False,False,3,Resolved - Workaround
TCK-102529,2024-11-28 19:20:00,Bug/Error,Email,Enterprise,Agent_05,High,19.8,9.26,24,False,True,2,Resolved - Escalated
TCK-101587,2024-11-28 21:42:00,Billing/Invoicing,Email,Basic,Agent_08,High,8.6,4.72,24,False,False,4,Resolved
TCK-103745,2024-11-29 00:00:00,Login/Authentication,Chat,Enterprise,Agent_06,Critical,1.0,1.1,4,False,False,5,Resolved
TCK-103577,2024-11-29 00:00:00,Bug/Error,Email,Basic,Agent_11,Medium,21.0,0.95,72,False,False,4,Resolved - Workaround
TCK-103901,2024-11-29 00:00:00,Integration/API,Portal,Free,Agent_08,Medium,16.2,5.66,72,False,False,4,Resolved - Workaround
TCK-103612,2024-11-29 00:00:00,Bug/Error,Chat,Enterprise,Agent_10,Critical,1.1,1.21,4,False,False,4,Resolved
TCK-103856,2024-11-29 00:00:00,Login/Authentication,Chat,Free,Agent_03,Critical,1.0,0.45,4,False,False,4,Resolved
TCK-102768,2024-11-29 00:14:00,Login/Authentication,Portal,Pro,Agent_01,Critical,36.2,1.66,4,False,False,4,Resolved
TCK-102806,2024-11-29 01:43:00,Data Export/Import,Email,Basic,Agent_07,Critical,15.4,1.71,4,False,True,3,Unresolved - Pending Engineering
TCK-101350,2024-11-29 02:10:00,Feature Request,Email,Pro,Agent_05,Medium,9.4,15.63,72,False,False,4,Resolved
TCK-100493,2024-11-29 02:48:00,Bug/Error,Portal,Free,Agent_09,Critical,2.4,27.54,4,True,True,2,Resolved - Escalated
TCK-101529,2024-11-29 04:07:00,Login/Authentication,Chat,Enterprise,Agent_08,Medium,8.6,10.02,72,False,False,5,Resolved
TCK-100023,2024-11-29 09:49:00,Data Export/Import,Chat,Basic,Agent_01,High,10.2,8.63,24,False,False,5,Resolved
TCK-102011,2024-11-29 09:57:00,Billing/Invoicing,Portal,Free,Agent_08,Low,230.6,7.24,120,False,False,4,Resolved
TCK-100976,2024-11-29 11:22:00,Performance/Slowness,Portal,Free,Agent_08,Low,61.5,10.88,120,False,False,3,Resolved
TCK-102234,2024-11-29 13:48:00,Billing/Invoicing,Phone,Basic,Agent_03,Medium,3.2,2.47,72,False,False,4,Resolved
TCK-102541,2024-11-29 14:46:00,Integration/API,Chat,Free,Agent_07,Low,15.4,22.01,120,False,False,5,Resolved
TCK-102911,2024-11-29 19:48:00,Integration/API,Chat,Basic,Agent_08,Medium,1.8,6.37,72,False,False,4,Resolved - Workaround
TCK-101220,2024-11-30 01:06:00,Bug/Error,Email,Basic,Agent_12,High,10.5,2.33,24,False,False,3,Resolved
TCK-101552,2024-11-30 06:14:00,Bug/Error,Email,Free,Agent_04,Medium,52.3,22.47,72,False,False,4,Resolved
TCK-103062,2024-11-30 07:49:00,Login/Authentication,Email,Basic,Agent_11,High,59.8,1.17,24,False,False,4,Resolved
TCK-101638,2024-11-30 18:55:00,Bug/Error,Phone,Basic,Agent_11,Low,1.0,37.55,120,False,True,2,Resolved - Escalated
TCK-103314,2024-12-01 01:05:00,Bug/Error,Email,Free,Agent_10,High,9.1,9.05,24,False,False,4,Resolved
TCK-101355,2024-12-01 10:37:00,Data Export/Import,Portal,Free,Agent_01,Low,100.4,11.85,120,False,False,4,Resolved
TCK-102547,2024-12-01 11:35:00,Integration/API,Email,Pro,Agent_02,Low,25.3,18.26,120,False,False,4,Resolved - Workaround
TCK-101311,2024-12-01 20:49:00,Login/Authentication,Chat,Free,Agent_05,High,3.8,4.34,24,False,False,5,Resolved
TCK-103754,2024-12-02 00:00:00,Performance/Slowness,Email,Basic,Agent_07,High,19.3,3.71,24,False,False,4,Resolved
TCK-103689,2024-12-02 00:00:00,Login/Authentication,Portal,Basic,Agent_08,Medium,71.6,1.72,72,False,True,3,Resolved - Escalated
TCK-103409,2024-12-02 00:00:00,Login/Authentication,Email,Free,Agent_05,High,4.2,0.8,24,False,False,4,Resolved
TCK-103557,2024-12-02 00:00:00,Login/Authentication,Chat,Enterprise,Agent_03,Medium,2.0,6.74,72,False,False,4,Resolved
TCK-102707,2024-12-02 02:14:00,Performance/Slowness,Phone,Pro,Agent_08,High,2.0,2.3,24,False,False,5,Resolved
TCK-102576,2024-12-02 05:50:00,Data Export/Import,Portal,Pro,Agent_07,High,61.7,3.54,24,False,False,4,Resolved
TCK-100383,2024-12-02 09:16:00,Feature Request,Email,Pro,Agent_01,Medium,127.8,15.11,72,False,False,3,Resolved
TCK-103292,2024-12-02 11:20:00,Integration/API,Chat,Basic,Agent_12,Medium,4.0,16.74,72,False,False,4,Resolved
TCK-101425,2024-12-02 12:12:00,Performance/Slowness,Email,Pro,Agent_05,High,32.4,4.59,24,False,False,4,Resolved
TCK-100653,2024-12-02 13:02:00,Login/Authentication,Chat,Pro,Agent_06,High,3.8,2.87,24,False,False,5,Resolved
TCK-103284,2024-12-02 14:03:00,Login/Authentication,Portal,Basic,Agent_11,Medium,24.5,0.66,72,False,False,4,Resolved
TCK-102287,2024-12-02 14:48:00,Login/Authentication,Email,Free,Agent_10,Critical,21.0,1.49,4,False,False,4,Resolved
TCK-101593,2024-12-02 15:17:00,Data Export/Import,Portal,Free,Agent_09,Medium,84.5,5.61,72,False,False,4,Resolved
TCK-100269,2024-12-02 15:42:00,Bug/Error,Portal,Enterprise,Agent_07,Medium,30.9,14.75,72,False,False,4,Resolved
TCK-102285,2024-12-02 17:28:00,Data Export/Import,Portal,Free,Agent_10,Medium,169.3,4.26,72,False,False,4,Resolved
TCK-100957,2024-12-02 17:30:00,Integration/API,Chat,Pro,Agent_08,Low,3.0,16.2,120,False,False,4,Resolved - Workaround
TCK-100521,2024-12-02 17:52:00,Bug/Error,Chat,Pro,Agent_08,Critical,1.2,3.0,4,False,False,5,Resolved
TCK-101456,2024-12-02 19:43:00,Data Export/Import,Portal,Free,Agent_09,Low,176.6,7.8,120,False,False,4,Resolved
TCK-100498,2024-12-02 20:30:00,Login/Authentication,Portal,Basic,Agent_08,Critical,14.8,2.12,4,False,True,4,Unresolved - Pending Engineering
TCK-102062,2024-12-02 21:38:00,Integration/API,Chat,Free,Agent_03,Medium,2.5,15.49,72,False,True,3,Unresolved - Pending Engineering
TCK-103740,2024-12-03 00:00:00,Integration/API,Email,Free,Agent_09,High,24.6,0.93,24,False,False,4,Resolved
TCK-103378,2024-12-03 00:00:00,Login/Authentication,Portal,Pro,Agent_11,High,23.9,1.93,24,False,False,3,Resolved
TCK-102504,2024-12-03 00:25:00,Login/Authentication,Email,Enterprise,Agent_07,Low,282.1,10.96,120,False,False,4,Resolved
TCK-103172,2024-12-03 00:51:00,Billing/Invoicing,Email,Free,Agent_03,Low,129.9,0.1,120,False,False,5,Resolved - Workaround
TCK-102753,2024-12-03 00:57:00,Login/Authentication,Email,Basic,Agent_11,High,4.0,0.6,24,False,False,5,Resolved - Workaround
TCK-100132,2024-12-03 02:53:00,Performance/Slowness,Email,Free,Agent_02,Medium,51.9,8.88,72,False,False,4,Resolved
TCK-102976,2024-12-03 04:33:00,Bug/Error,Chat,Free,Agent_01,Medium,5.1,1.35,72,False,False,3,Resolved
TCK-101867,2024-12-03 05:01:00,Login/Authentication,Portal,Basic,Agent_05,Critical,42.4,0.44,4,False,False,5,Resolved
TCK-101432,2024-12-03 06:30:00,Login/Authentication,Phone,Enterprise,Agent_11,Medium,1.0,0.75,72,False,False,5,Resolved
TCK-101293,2024-12-03 06:55:00,Account Setup,Portal,Free,Agent_10,Low,65.3,0.73,120,False,True,3,Resolved - Escalated
TCK-100586,2024-12-03 11:30:00,Integration/API,Portal,Free,Agent_07,Low,52.6,61.81,120,False,False,4,Resolved
TCK-101253,2024-12-03 13:16:00,Bug/Error,Portal,Basic,Agent_02,Low,240.3,12.88,120,False,False,4,Resolved - Workaround
TCK-100475,2024-12-03 14:00:00,Bug/Error,Phone,Pro,Agent_08,High,1.3,34.47,24,True,False,3,Resolved
TCK-102625,2024-12-03 17:03:00,Performance/Slowness,Email,Pro,Agent_01,High,10.0,2.26,24,False,False,4,Resolved
TCK-100376,2024-12-03 17:54:00,Login/Authentication,Email,Free,Agent_09,Critical,29.1,0.1,4,False,False,4,Resolved
TCK-103219,2024-12-03 20:56:00,Account Setup,Chat,Basic,Agent_05,High,13.5,0.51,24,False,False,5,Resolved
TCK-100577,2024-12-03 23:22:00,Bug/Error,Portal,Pro,Agent_08,High,1.0,1.26,24,False,False,4,Resolved
TCK-103748,2024-12-04 00:00:00,Login/Authentication,Email,Basic,Agent_07,High,57.5,1.92,24,False,False,4,Resolved
TCK-103851,2024-12-04 00:00:00,Performance/Slowness,Email,Pro,Agent_10,High,13.3,7.12,24,False,True,3,Resolved - Escalated
TCK-103692,2024-12-04 00:00:00,Login/Authentication,Chat,Enterprise,Agent_01,High,4.2,1.78,24,False,False,4,Resolved
TCK-102085,2024-12-04 01:16:00,Account Setup,Email,Enterprise,Agent_10,Medium,15.5,2.5,72,False,False,4,Resolved
TCK-101620,2024-12-04 04:25:00,Login/Authentication,Email,Enterprise,Agent_11,Medium,14.9,1.78,72,False,False,3,Resolved
TCK-100571,2024-12-04 06:22:00,Performance/Slowness,Email,Free,Agent_02,Low,9.5,0.91,120,False,False,3,Resolved
TCK-102828,2024-12-04 08:13:00,Feature Request,Phone,Basic,Agent_03,Low,3.6,16.24,120,False,False,5,Resolved
TCK-102398,2024-12-04 08:31:00,Integration/API,Portal,Pro,Agent_11,High,10.2,2.88,24,False,False,4,Resolved
TCK-102881,2024-12-04 09:05:00,Bug/Error,Email,Pro,Agent_12,Critical,36.3,4.29,4,True,False,3,Resolved
TCK-102077,2024-12-04 10:25:00,Feature Request,Phone,Free,Agent_10,Medium,7.3,26.42,72,False,False,5,Resolved - Workaround
TCK-100079,2024-12-04 13:04:00,Login/Authentication,Chat,Basic,Agent_07,High,7.6,4.75,24,False,True,3,Resolved - Escalated
TCK-101277,2024-12-04 13:24:00,Bug/Error,Email,Enterprise,Agent_10,Medium,179.9,2.26,72,False,False,4,Resolved - Workaround
TCK-102762,2024-12-04 14:24:00,Bug/Error,Phone,Free,Agent_11,High,1.4,8.18,24,False,True,3,Unresolved - Pending Engineering
TCK-103249,2024-12-04 14:43:00,Integration/API,Email,Free,Agent_03,Low,30.7,32.23,120,False,False,4,Resolved
TCK-101734,2024-12-04 14:55:00,Data Export/Import,Chat,Free,Agent_09,Medium,1.4,6.74,72,False,False,4,Resolved
TCK-103037,2024-12-04 16:34:00,Login/Authentication,Portal,Free,Agent_02,Critical,5.2,1.39,4,False,False,5,Resolved - Workaround
TCK-102156,2024-12-04 17:44:00,Billing/Invoicing,Portal,Free,Agent_08,Low,56.3,0.35,120,False,False,4,Resolved
TCK-101444,2024-12-04 20:25:00,Integration/API,Email,Enterprise,Agent_01,Medium,56.7,47.66,72,False,False,5,Resolved
TCK-100964,2024-12-04 21:16:00,Data Export/Import,Email,Basic,Agent_04,Medium,13.0,0.79,72,False,False,4,Resolved
TCK-103107,2024-12-04 22:04:00,Login/Authentication,Portal,Pro,Agent_09,Medium,37.8,1.91,72,False,False,4,Resolved
TCK-103765,2024-12-05 00:00:00,Bug/Error,Email,Free,Agent_10,Medium,1.0,1.49,72,False,True,3,Unresolved - Pending Engineering
TCK-103238,2024-12-05 02:58:00,Performance/Slowness,Email,Basic,Agent_06,High,73.7,10.7,24,False,False,4,Resolved
TCK-102261,2024-12-05 03:34:00,Account Setup,Email,Free,Agent_09,Medium,31.3,1.04,72,False,False,4,Resolved - Workaround
TCK-101652,2024-12-05 07:49:00,Data Export/Import,Email,Free,Agent_10,Medium,27.1,3.01,72,False,False,4,Resolved
TCK-101464,2024-12-05 07:50:00,Account Setup,Email,Pro,Agent_12,Medium,42.6,2.23,72,False,False,4,Resolved
TCK-101709,2024-12-05 09:23:00,Login/Authentication,Portal,Pro,Agent_10,High,6.9,0.4,24,False,True,2,Unresolved - Pending Engineering
TCK-100853,2024-12-05 09:24:00,Performance/Slowness,Email,Pro,Agent_02,High,19.5,8.29,24,False,True,2,Resolved - Escalated
TCK-101769,2024-12-05 11:20:00,Feature Request,Chat,Free,Agent_06,Low,6.5,13.99,120,False,False,5,Resolved
TCK-100952,2024-12-05 12:51:00,Account Setup,Portal,Basic,Agent_09,Low,86.0,0.96,120,False,False,4,Resolved
TCK-100641,2024-12-05 13:30:00,Billing/Invoicing,Chat,Basic,Agent_03,Medium,1.0,3.28,72,False,False,5,Resolved
TCK-100814,2024-12-05 14:54:00,Performance/Slowness,Chat,Free,Agent_10,Medium,1.9,0.79,72,False,True,3,Resolved - Escalated
TCK-100583,2024-12-05 20:47:00,Bug/Error,Email,Free,Agent_02,High,51.4,4.16,24,False,False,4,Resolved
TCK-101104,2024-12-05 22:20:00,Account Setup,Email,Free,Agent_01,Medium,26.1,2.11,72,False,True,3,Resolved - Escalated
TCK-101111,2024-12-05 22:33:00,Bug/Error,Phone,Pro,Agent_08,Medium,1.1,9.37,72,False,False,4,Resolved
TCK-103489,2024-12-06 00:00:00,Integration/API,Email,Free,Agent_01,Low,58.7,25.2,120,False,True,3,Resolved - Escalated
TCK-101775,2024-12-06 01:23:00,Integration/API,Chat,Enterprise,Agent_01,Medium,1.5,44.64,72,False,False,4,Resolved
TCK-101717,2024-12-06 03:39:00,Feature Request,Email,Pro,Agent_03,Low,30.2,16.53,120,False,False,4,Resolved
TCK-103076,2024-12-06 04:54:00,Billing/Invoicing,Email,Basic,Agent_05,Medium,3.2,1.08,72,False,False,5,Resolved
TCK-100568,2024-12-06 05:57:00,Login/Authentication,Email,Free,Agent_04,High,1.0,1.22,24,False,False,4,Resolved
TCK-100620,2024-12-06 11:52:00,Bug/Error,Chat,Free,Agent_08,Low,2.6,27.72,120,False,True,2,Resolved - Escalated
TCK-102065,2024-12-06 13:35:00,Billing/Invoicing,Portal,Basic,Agent_12,High,47.8,2.46,24,False,False,4,Resolved
TCK-103250,2024-12-06 16:54:00,Performance/Slowness,Portal,Basic,Agent_04,High,9.6,13.03,24,False,True,3,Unresolved - Pending Engineering
TCK-101124,2024-12-06 20:54:00,Data Export/Import,Chat,Basic,Agent_02,Medium,5.6,4.37,72,False,False,5,Resolved
TCK-100778,2024-12-06 23:16:00,Data Export/Import,Phone,Enterprise,Agent_07,Medium,1.0,0.46,72,False,False,4,Resolved - Workaround
TCK-101019,2024-12-07 01:50:00,Login/Authentication,Email,Basic,Agent_11,Low,62.2,2.45,120,False,True,3,Resolved - Escalated
TCK-102149,2024-12-07 03:05:00,Performance/Slowness,Phone,Free,Agent_11,Medium,2.0,0.73,72,False,True,3,Resolved - Escalated
TCK-100188,2024-12-07 04:49:00,Data Export/Import,Email,Enterprise,Agent_06,Medium,130.8,17.31,72,False,True,2,Resolved - Escalated
TCK-102895,2024-12-07 20:20:00,Login/Authentication,Phone,Free,Agent_01,High,1.2,2.43,24,False,False,4,Resolved - Workaround
TCK-102582,2024-12-08 00:41:00,Integration/API,Chat,Basic,Agent_09,Medium,33.5,29.78,72,False,False,5,Resolved
TCK-101722,2024-12-08 07:32:00,Data Export/Import,Portal,Pro,Agent_08,Low,57.1,2.69,120,False,False,4,Resolved
TCK-101612,2024-12-08 10:24:00,Integration/API,Chat,Basic,Agent_06,Medium,3.2,11.94,72,False,False,5,Resolved
TCK-100732,2024-12-08 14:32:00,Login/Authentication,Phone,Free,Agent_01,Low,9.6,2.31,120,False,False,5,Resolved
TCK-101454,2024-12-08 14:55:00,Bug/Error,Email,Basic,Agent_10,Medium,37.8,0.67,72,False,False,4,Resolved
TCK-103427,2024-12-09 00:00:00,Login/Authentication,Email,Free,Agent_04,High,52.4,2.26,24,False,False,4,Resolved
TCK-103698,2024-12-09 00:00:00,Data Export/Import,Portal,Pro,Agent_04,Low,199.3,4.98,120,False,False,3,Resolved
TCK-103059,2024-12-09 04:28:00,Feature Request,Portal,Free,Agent_10,Medium,36.8,14.89,72,False,False,5,Resolved
TCK-101588,2024-12-09 06:52:00,Feature Request,Chat,Free,Agent_07,Medium,11.9,2.31,72,False,True,4,Unresolved - Pending Engineering
TCK-103218,2024-12-09 10:46:00,Performance/Slowness,Portal,Free,Agent_10,Medium,148.6,25.2,72,False,True,4,Resolved - Escalated
TCK-103047,2024-12-09 14:52:00,Bug/Error,Email,Free,Agent_01,Medium,11.0,25.09,72,False,False,4,Resolved
TCK-100534,2024-12-09 17:00:00,Data Export/Import,Email,Basic,Agent_10,Low,60.3,2.93,120,False,False,4,Resolved
TCK-101661,2024-12-09 17:46:00,Account Setup,Phone,Basic,Agent_02,Low,11.2,1.63,120,False,False,4,Resolved
TCK-100255,2024-12-09 21:26:00,Bug/Error,Portal,Free,Agent_06,Medium,96.8,3.32,72,False,True,3,Resolved - Escalated
TCK-103413,2024-12-10 00:00:00,Bug/Error,Portal,Basic,Agent_06,Low,145.1,1.83,120,False,False,4,Resolved - Workaround
TCK-103712,2024-12-10 00:00:00,Bug/Error,Email,Pro,Agent_12,Medium,49.6,14.29,72,False,False,5,Resolved
TCK-103476,2024-12-10 00:00:00,Login/Authentication,Portal,Free,Agent_01,High,38.8,12.34,24,False,True,3,Resolved - Escalated
TCK-103372,2024-12-10 00:08:00,Login/Authentication,Portal,Basic,Agent_06,Medium,27.5,3.6,72,False,False,5,Resolved
TCK-100256,2024-12-10 01:24:00,Bug/Error,Chat,Basic,Agent_11,High,8.2,7.1,24,False,False,4,Resolved
TCK-100674,2024-12-10 11:33:00,Bug/Error,Portal,Free,Agent_10,Critical,12.7,3.7,4,False,True,3,Unresolved - Pending Engineering
TCK-100402,2024-12-10 22:46:00,Bug/Error,Email,Pro,Agent_11,Critical,22.2,11.04,4,True,False,3,Resolved
TCK-103601,2024-12-11 00:00:00,Billing/Invoicing,Chat,Free,Agent_09,Critical,1.5,2.54,4,False,False,4,Resolved
TCK-103635,2024-12-11 00:00:00,Performance/Slowness,Portal,Basic,Agent_10,High,31.9,1.41,24,False,False,5,Resolved
TCK-100559,2024-12-11 02:05:00,Billing/Invoicing,Phone,Free,Agent_08,Medium,1.2,4.41,72,False,False,5,Resolved
TCK-100017,2024-12-11 05:38:00,Account Setup,Portal,Basic,Agent_01,Medium,47.0,1.5,72,False,False,5,Resolved
TCK-102031,2024-12-11 06:28:00,Billing/Invoicing,Phone,Free,Agent_06,Low,5.4,4.86,120,False,False,5,Resolved
TCK-101935,2024-12-11 08:49:00,Integration/API,Portal,Pro,Agent_10,Critical,25.0,5.66,4,True,True,3,Unresolved - Pending Engineering
TCK-100429,2024-12-11 11:15:00,Bug/Error,Phone,Free,Agent_06,Medium,2.0,2.4,72,False,True,3,Resolved - Escalated
TCK-100820,2024-12-11 12:50:00,Login/Authentication,Portal,Enterprise,Agent_08,Critical,1.0,3.33,4,False,False,4,Resolved - Workaround
TCK-102744,2024-12-11 15:23:00,Bug/Error,Chat,Free,Agent_09,High,2.0,4.49,24,False,False,4,Resolved
TCK-102587,2024-12-11 16:20:00,Billing/Invoicing,Chat,Enterprise,Agent_11,Medium,3.1,1.58,72,False,False,4,Resolved
TCK-103057,2024-12-11 22:43:00,Login/Authentication,Chat,Pro,Agent_10,Critical,1.0,1.8,4,False,False,4,Resolved
TCK-103768,2024-12-12 00:00:00,Login/Authentication,Email,Basic,Agent_05,Low,14.2,0.28,120,False,False,4,Resolved
TCK-103605,2024-12-12 00:00:00,Data Export/Import,Portal,Free,Agent_09,Medium,91.8,23.34,72,False,False,4,Resolved
TCK-103884,2024-12-12 00:00:00,Bug/Error,Email,Basic,Agent_01,High,5.9,14.69,24,False,False,2,Resolved
TCK-100477,2024-12-12 00:21:00,Billing/Invoicing,Email,Free,Agent_01,Low,14.1,5.52,120,False,True,3,Resolved - Escalated
TCK-102063,2024-12-12 00:34:00,Performance/Slowness,Chat,Basic,Agent_03,Medium,3.3,31.27,72,False,False,4,Resolved - Workaround
TCK-100876,2024-12-12 01:49:00,Bug/Error,Email,Enterprise,Agent_12,Medium,33.8,8.39,72,False,False,4,Resolved
TCK-100191,2024-12-12 03:59:00,Login/Authentication,Chat,Pro,Agent_04,Critical,1.0,1.33,4,False,False,5,Resolved
TCK-101844,2024-12-12 05:24:00,Integration/API,Email,Pro,Agent_07,High,12.4,77.05,24,True,True,1,Resolved - Escalated
TCK-101328,2024-12-12 05:37:00,Bug/Error,Chat,Basic,Agent_03,Low,1.0,11.58,120,False,False,3,Resolved - Workaround
TCK-101664,2024-12-12 08:23:00,Feature Request,Chat,Free,Agent_02,Low,2.6,57.47,120,False,False,5,Resolved
TCK-101218,2024-12-12 12:39:00,Login/Authentication,Phone,Pro,Agent_06,High,3.4,8.84,24,False,False,4,Resolved
TCK-101363,2024-12-12 13:33:00,Billing/Invoicing,Chat,Pro,Agent_11,Medium,7.6,2.47,72,False,True,4,Unresolved - Pending Engineering
TCK-101615,2024-12-12 18:10:00,Billing/Invoicing,Email,Basic,Agent_10,Medium,8.2,1.65,72,False,False,5,Resolved
TCK-101400,2024-12-12 20:49:00,Account Setup,Email,Enterprise,Agent_05,Medium,35.6,1.57,72,False,False,3,Resolved
TCK-101016,2024-12-12 22:01:00,Billing/Invoicing,Chat,Free,Agent_10,Medium,6.7,7.75,72,False,False,4,Resolved
TCK-102407,2024-12-12 22:25:00,Bug/Error,Phone,Free,Agent_10,Medium,1.3,9.08,72,False,False,5,Resolved
TCK-103826,2024-12-13 00:00:00,Bug/Error,Email,Pro,Agent_02,Low,23.1,10.59,120,False,False,4,Resolved
TCK-103883,2024-12-13 00:00:00,Login/Authentication,Chat,Enterprise,Agent_12,Critical,1.0,0.3,4,False,False,5,Resolved
TCK-103919,2024-12-13 00:00:00,Login/Authentication,Email,Pro,Agent_06,Low,40.8,2.41,120,False,True,2,Unresolved - Pending Engineering
TCK-100613,2024-12-13 03:22:00,Data Export/Import,Email,Free,Agent_12,Low,227.8,12.35,120,False,False,4,Resolved - Workaround
TCK-101329,2024-12-13 04:08:00,Bug/Error,Email,Free,Agent_09,High,9.1,6.81,24,False,False,4,Resolved - Workaround
TCK-103071,2024-12-13 08:02:00,Login/Authentication,Phone,Basic,Agent_09,Critical,1.3,0.47,4,False,True,3,Resolved - Escalated
TCK-101808,2024-12-13 10:19:00,Account Setup,Chat,Free,Agent_08,High,12.9,3.17,24,False,False,5,Resolved
TCK-102240,2024-12-13 11:48:00,Billing/Invoicing,Phone,Pro,Agent_10,Low,3.3,2.42,120,False,False,5,Resolved
TCK-103327,2024-12-13 17:03:00,Login/Authentication,Chat,Basic,Agent_06,Medium,19.5,2.76,72,False,False,4,Resolved
TCK-101523,2024-12-13 19:15:00,Billing/Invoicing,Chat,Pro,Agent_06,Medium,10.8,9.92,72,False,False,4,Resolved - Workaround
TCK-101189,2024-12-13 23:54:00,Bug/Error,Email,Basic,Agent_03,Medium,17.7,15.01,72,False,False,3,Resolved
TCK-100327,2024-12-14 00:12:00,Performance/Slowness,Email,Enterprise,Agent_09,High,35.9,56.45,24,True,False,3,Resolved
TCK-102990,2024-12-14 17:34:00,Login/Authentication,Email,Free,Agent_09,High,84.3,1.79,24,False,True,3,Resolved - Escalated
TCK-103354,2024-12-15 00:20:00,Performance/Slowness,Chat,Pro,Agent_03,Low,2.3,10.14,120,False,False,4,Resolved
TCK-101110,2024-12-15 00:54:00,Data Export/Import,Email,Basic,Agent_07,Medium,26.6,5.64,72,False,False,4,Resolved
TCK-100303,2024-12-15 05:20:00,Integration/API,Email,Free,Agent_04,High,31.8,2.4,24,False,False,4,Resolved - Workaround
TCK-102001,2024-12-15 10:36:00,Login/Authentication,Chat,Basic,Agent_06,High,1.0,0.55,24,False,False,5,Resolved - Workaround
TCK-101161,2024-12-15 11:27:00,Bug/Error,Phone,Pro,Agent_08,Low,3.2,13.21,120,False,False,4,Resolved
TCK-101870,2024-12-15 14:13:00,Bug/Error,Chat,Basic,Agent_11,Medium,11.1,117.45,72,True,True,3,Resolved - Escalated
TCK-100346,2024-12-15 14:18:00,Billing/Invoicing,Portal,Free,Agent_06,Low,86.0,2.27,120,False,False,5,Resolved - Workaround
TCK-100125,2024-12-15 15:06:00,Login/Authentication,Chat,Free,Agent_07,High,9.5,1.79,24,False,False,4,Resolved
TCK-103453,2024-12-16 00:00:00,Bug/Error,Chat,Enterprise,Agent_11,High,11.5,1.22,24,False,True,3,Resolved - Escalated
TCK-102970,2024-12-16 03:11:00,Login/Authentication,Phone,Free,Agent_05,High,2.4,0.68,24,False,True,3,Unresolved - Pending Engineering
TCK-102010,2024-12-16 06:13:00,Billing/Invoicing,Email,Free,Agent_04,Medium,42.0,3.91,72,False,False,4,Resolved
TCK-102451,2024-12-16 08:47:00,Feature Request,Email,Pro,Agent_01,Medium,40.1,1.42,72,False,False,4,Resolved
TCK-101203,2024-12-16 11:50:00,Account Setup,Email,Pro,Agent_10,High,20.1,1.53,24,False,False,5,Resolved
TCK-102190,2024-12-16 14:54:00,Login/Authentication,Portal,Free,Agent_11,High,10.5,0.5,24,False,False,4,Resolved
TCK-100110,2024-12-16 15:24:00,Feature Request,Chat,Free,Agent_09,Medium,5.0,63.31,72,False,False,4,Resolved
TCK-101368,2024-12-16 18:54:00,Integration/API,Chat,Basic,Agent_01,Low,3.5,9.95,120,False,False,4,Resolved
TCK-100116,2024-12-16 21:33:00,Bug/Error,Chat,Free,Agent_12,High,4.4,3.65,24,False,False,5,Resolved
TCK-103669,2024-12-17 00:00:00,Login/Authentication,Chat,Basic,Agent_06,High,3.0,3.99,24,False,False,4,Resolved
TCK-101738,2024-12-17 00:11:00,Bug/Error,Email,Free,Agent_06,Medium,6.4,100.8,72,True,False,3,Resolved - Workaround
TCK-102246,2024-12-17 02:36:00,Billing/Invoicing,Chat,Basic,Agent_01,High,2.0,4.53,24,False,False,3,Resolved
TCK-101006,2024-12-17 02:43:00,Integration/API,Email,Free,Agent_05,Low,4.9,25.87,120,False,False,5,Resolved
TCK-101874,2024-12-17 06:09:00,Data Export/Import,Phone,Free,Agent_10,Medium,2.6,6.48,72,False,False,4,Resolved
TCK-101292,2024-12-17 11:15:00,Performance/Slowness,Email,Free,Agent_05,High,4.0,1.55,24,False,False,4,Resolved
TCK-101008,2024-12-17 13:41:00,Bug/Error,Phone,Free,Agent_02,Critical,1.0,1.65,4,False,False,5,Resolved
TCK-101570,2024-12-17 13:43:00,Performance/Slowness,Email,Enterprise,Agent_08,High,28.7,6.57,24,False,False,4,Resolved
TCK-103741,2024-12-18 00:00:00,Data Export/Import,Chat,Free,Agent_01,Medium,1.0,4.22,72,False,False,3,Resolved
TCK-100825,2024-12-18 00:10:00,Bug/Error,Phone,Basic,Agent_06,High,1.0,4.93,24,False,False,4,Resolved
TCK-102236,2024-12-18 01:42:00,Account Setup,Portal,Enterprise,Agent_10,High,84.9,1.31,24,False,False,5,Resolved
TCK-103330,2024-12-18 02:59:00,Performance/Slowness,Email,Enterprise,Agent_04,Critical,1.0,1.46,4,False,False,5,Resolved
TCK-101086,2024-12-18 05:40:00,Data Export/Import,Email,Basic,Agent_09,Medium,38.3,7.7,72,False,True,1,Unresolved - Pending Engineering
TCK-102413,2024-12-18 05:57:00,Integration/API,Email,Pro,Agent_06,Low,56.5,2.18,120,False,False,5,Resolved
TCK-101805,2024-12-18 08:18:00,Billing/Invoicing,Portal,Pro,Agent_02,Low,334.8,31.4,120,False,False,5,Resolved - Workaround
TCK-101179,2024-12-18 13:54:00,Billing/Invoicing,Chat,Pro,Agent_12,Medium,4.3,0.98,72,False,False,5,Resolved
TCK-102358,2024-12-18 15:57:00,Login/Authentication,Chat,Basic,Agent_10,Medium,2.4,2.6,72,False,False,5,Resolved
TCK-100401,2024-12-18 19:22:00,Bug/Error,Portal,Basic,Agent_10,Low,46.2,3.1,120,False,False,4,Resolved - Workaround
TCK-102955,2024-12-18 22:39:00,Billing/Invoicing,Chat,Free,Agent_04,Low,5.4,2.44,120,False,False,4,Resolved
TCK-102470,2024-12-18 23:26:00,Performance/Slowness,Chat,Free,Agent_06,High,1.2,3.54,24,False,False,5,Resolved
TCK-100517,2024-12-19 00:20:00,Performance/Slowness,Email,Pro,Agent_05,Medium,63.0,1.54,72,False,False,5,Resolved
TCK-102146,2024-12-19 01:38:00,Integration/API,Chat,Free,Agent_09,High,4.6,5.99,24,False,True,3,Resolved - Escalated
TCK-100228,2024-12-19 04:16:00,Performance/Slowness,Email,Free,Agent_06,High,7.5,13.66,24,False,False,3,Resolved - Workaround
TCK-101978,2024-12-19 04:18:00,Account Setup,Chat,Basic,Agent_01,Low,1.0,0.81,120,False,False,4,Resolved - Workaround
TCK-102607,2024-12-19 04:43:00,Performance/Slowness,Phone,Free,Agent_11,Medium,1.3,8.15,72,False,False,4,Resolved
TCK-102262,2024-12-19 06:32:00,Bug/Error,Email,Enterprise,Agent_11,Medium,29.7,2.28,72,False,False,4,Resolved
TCK-100500,2024-12-19 09:17:00,Billing/Invoicing,Phone,Pro,Agent_06,Medium,1.0,3.48,72,False,False,4,Resolved
TCK-100821,2024-12-19 10:37:00,Data Export/Import,Email,Basic,Agent_03,Low,120.7,4.01,120,False,False,5,Resolved
TCK-101584,2024-12-19 17:13:00,Integration/API,Email,Free,Agent_08,Medium,54.7,37.22,72,False,False,3,Resolved
TCK-102090,2024-12-19 20:16:00,Integration/API,Email,Basic,Agent_06,High,74.1,19.29,24,False,False,5,Resolved
TCK-101168,2024-12-19 21:36:00,Account Setup,Portal,Pro,Agent_01,Medium,178.9,3.1,72,False,False,4,Resolved - Workaround
TCK-101004,2024-12-19 21:42:00,Account Setup,Phone,Basic,Agent_08,Low,3.4,1.82,120,False,False,5,Resolved - Workaround
TCK-101936,2024-12-19 23:01:00,Login/Authentication,Email,Basic,Agent_11,High,72.3,0.47,24,False,False,4,Resolved
TCK-103655,2024-12-20 00:00:00,Billing/Invoicing,Email,Pro,Agent_05,Medium,28.7,13.5,72,False,False,3,Resolved - Workaround
TCK-103513,2024-12-20 00:00:00,Login/Authentication,Email,Basic,Agent_01,High,1.0,1.31,24,False,False,3,Resolved
TCK-101974,2024-12-20 01:04:00,Feature Request,Chat,Basic,Agent_02,Medium,1.0,3.91,72,False,False,5,Resolved
TCK-101572,2024-12-20 01:24:00,Feature Request,Email,Free,Agent_07,Low,86.2,37.74,120,False,False,5,Resolved
TCK-102980,2024-12-20 03:17:00,Feature Request,Portal,Free,Agent_05,Low,304.6,83.25,120,False,False,4,Resolved
TCK-101351,2024-12-20 12:35:00,Bug/Error,Chat,Basic,Agent_06,High,1.5,2.19,24,False,False,5,Resolved
TCK-103256,2024-12-20 13:51:00,Data Export/Import,Phone,Basic,Agent_01,Low,2.4,2.91,120,False,False,4,Resolved
TCK-102436,2024-12-20 16:43:00,Login/Authentication,Chat,Pro,Agent_08,Low,1.9,0.8,120,False,False,3,Resolved
TCK-101675,2024-12-20 16:58:00,Data Export/Import,Email,Pro,Agent_08,Low,90.0,0.48,120,False,False,4,Resolved
TCK-101140,2024-12-20 17:06:00,Integration/API,Email,Pro,Agent_04,Low,23.6,18.27,120,False,True,2,Unresolved - Pending Engineering
TCK-101745,2024-12-20 20:23:00,Login/Authentication,Chat,Free,Agent_05,Medium,2.9,0.23,72,False,False,5,Resolved - Workaround
TCK-100859,2024-12-20 20:45:00,Login/Authentication,Chat,Basic,Agent_03,High,1.0,0.1,24,False,False,5,Resolved
TCK-101474,2024-12-20 23:21:00,Integration/API,Email,Free,Agent_07,Low,181.2,7.22,120,False,False,3,Resolved
TCK-100054,2024-12-21 05:49:00,Billing/Invoicing,Phone,Basic,Agent_02,Medium,2.9,0.64,72,False,False,3,Resolved
TCK-100169,2024-12-21 17:34:00,Login/Authentication,Phone,Free,Agent_11,Low,2.4,0.71,120,False,False,5,Resolved
TCK-102109,2024-12-21 20:33:00,Login/Authentication,Email,Enterprise,Agent_09,High,28.5,0.64,24,False,False,4,Resolved
TCK-102766,2024-12-21 22:45:00,Billing/Invoicing,Email,Basic,Agent_04,Medium,6.6,4.67,72,False,False,5,Resolved
TCK-101818,2024-12-21 23:43:00,Performance/Slowness,Portal,Basic,Agent_09,Medium,22.9,21.65,72,False,False,5,Resolved
TCK-100735,2024-12-22 17:47:00,Billing/Invoicing,Email,Basic,Agent_03,Medium,17.8,2.08,72,False,False,5,Resolved
TCK-101416,2024-12-22 22:47:00,Integration/API,Email,Basic,Agent_08,Medium,73.2,16.04,72,False,False,4,Resolved
TCK-102072,2024-12-22 23:06:00,Billing/Invoicing,Portal,Enterprise,Agent_11,Low,2.6,8.34,120,False,False,3,Resolved
TCK-103481,2024-12-23 00:00:00,Performance/Slowness,Portal,Basic,Agent_10,Medium,7.8,4.28,72,False,False,5,Resolved
TCK-102536,2024-12-23 00:28:00,Performance/Slowness,Phone,Free,Agent_06,Low,1.0,14.14,120,False,False,4,Resolved
TCK-102147,2024-12-23 00:57:00,Performance/Slowness,Email,Pro,Agent_02,High,14.7,13.33,24,False,False,4,Resolved
TCK-102892,2024-12-23 04:36:00,Billing/Invoicing,Chat,Free,Agent_08,Low,1.0,1.93,120,False,False,5,Resolved
TCK-103060,2024-12-23 05:09:00,Bug/Error,Chat,Free,Agent_07,High,3.1,6.11,24,False,True,3,Resolved - Escalated
TCK-100226,2024-12-23 05:59:00,Login/Authentication,Chat,Free,Agent_07,High,1.0,0.59,24,False,False,4,Resolved - Workaround
TCK-101410,2024-12-23 06:30:00,Bug/Error,Phone,Pro,Agent_09,High,1.0,12.43,24,False,False,4,Resolved
TCK-101714,2024-12-23 07:50:00,Bug/Error,Portal,Free,Agent_11,Medium,63.6,2.43,72,False,False,5,Resolved
TCK-102184,2024-12-23 09:24:00,Integration/API,Chat,Basic,Agent_03,Medium,1.0,32.0,72,False,False,4,Resolved
TCK-101391,2024-12-23 09:48:00,Integration/API,Chat,Enterprise,Agent_01,Medium,1.0,5.23,72,False,False,5,Resolved
TCK-101147,2024-12-23 10:19:00,Bug/Error,Phone,Free,Agent_06,Low,1.3,22.7,120,False,False,4,Resolved - Workaround
TCK-100085,2024-12-23 11:36:00,Integration/API,Portal,Pro,Agent_03,Medium,57.9,7.45,72,False,False,5,Resolved
TCK-103364,2024-12-23 13:26:00,Data Export/Import,Portal,Pro,Agent_05,High,7.7,0.6,24,False,False,3,Resolved
TCK-101367,2024-12-23 13:33:00,Bug/Error,Email,Basic,Agent_11,High,4.2,4.8,24,False,False,4,Resolved
TCK-100167,2024-12-23 14:18:00,Bug/Error,Email,Free,Agent_12,Low,97.9,5.71,120,False,True,3,Resolved - Escalated
TCK-100028,2024-12-23 16:13:00,Login/Authentication,Email,Basic,Agent_07,High,26.6,0.81,24,False,False,3,Resolved
TCK-100531,2024-12-23 17:32:00,Login/Authentication,Email,Enterprise,Agent_06,Critical,1.0,0.45,4,False,False,4,Resolved
TCK-101191,2024-12-23 20:55:00,Bug/Error,Phone,Basic,Agent_12,Medium,5.7,3.71,72,False,False,5,Resolved
TCK-102689,2024-12-23 21:47:00,Account Setup,Email,Basic,Agent_02,Medium,43.5,2.08,72,False,False,4,Resolved
TCK-103966,2024-12-24 00:00:00,Billing/Invoicing,Chat,Free,Agent_09,Medium,1.0,0.95,72,False,False,4,Resolved - Workaround
TCK-103646,2024-12-24 00:00:00,Login/Authentication,Phone,Free,Agent_06,High,1.0,0.26,24,False,False,5,Resolved
TCK-102562,2024-12-24 09:39:00,Integration/API,Email,Basic,Agent_02,High,11.4,5.4,24,False,False,4,Resolved
TCK-101557,2024-12-24 13:24:00,Bug/Error,Phone,Basic,Agent_03,Low,1.1,1.17,120,False,False,4,Resolved
TCK-100993,2024-12-24 17:07:00,Account Setup,Email,Free,Agent_08,Low,64.3,4.18,120,False,False,4,Resolved
TCK-101986,2024-12-24 19:39:00,Account Setup,Portal,Basic,Agent_02,Medium,7.7,19.29,72,False,False,5,Resolved
TCK-103995,2024-12-25 00:00:00,Bug/Error,Chat,Free,Agent_09,Low,19.2,12.18,120,False,False,3,Resolved
TCK-102143,2024-12-25 00:24:00,Login/Authentication,Portal,Basic,Agent_03,Medium,10.2,1.76,72,False,False,5,Resolved
TCK-103282,2024-12-25 03:40:00,Billing/Invoicing,Chat,Free,Agent_11,Low,4.0,5.3,120,False,False,4,Resolved
TCK-101519,2024-12-25 05:34:00,Performance/Slowness,Phone,Free,Agent_12,Medium,3.8,8.86,72,False,True,3,Resolved - Escalated
TCK-100800,2024-12-25 06:20:00,Bug/Error,Phone,Free,Agent_05,Medium,1.0,12.43,72,False,True,3,Resolved - Escalated
TCK-102827,2024-12-25 06:59:00,Bug/Error,Chat,Basic,Agent_08,High,2.7,2.17,24,False,True,4,Resolved - Escalated
TCK-100867,2024-12-25 08:11:00,Bug/Error,Chat,Pro,Agent_03,High,1.0,1.32,24,False,False,4,Resolved
TCK-101616,2024-12-25 11:56:00,Login/Authentication,Phone,Pro,Agent_07,Medium,9.7,0.35,72,False,False,4,Resolved
TCK-103178,2024-12-25 14:30:00,Performance/Slowness,Email,Free,Agent_07,Medium,45.2,10.01,72,False,False,4,Resolved
TCK-100306,2024-12-25 22:18:00,Login/Authentication,Chat,Enterprise,Agent_04,Medium,4.5,7.9,72,False,False,4,Resolved
TCK-103985,2024-12-26 00:00:00,Login/Authentication,Chat,Basic,Agent_03,High,4.3,3.98,24,False,False,4,Resolved
TCK-101945,2024-12-26 00:48:00,Login/Authentication,Email,Basic,Agent_06,Medium,18.1,0.75,72,False,False,3,Resolved
TCK-101900,2024-12-26 01:17:00,Bug/Error,Chat,Enterprise,Agent_12,Medium,9.1,0.93,72,False,False,4,Resolved
TCK-102393,2024-12-26 03:40:00,Integration/API,Chat,Basic,Agent_08,Critical,5.9,5.13,4,True,True,2,Resolved - Escalated
TCK-102978,2024-12-26 03:56:00,Performance/Slowness,Email,Free,Agent_02,High,50.2,10.17,24,False,True,3,Resolved - Escalated
TCK-100743,2024-12-26 06:52:00,Login/Authentication,Phone,Free,Agent_02,High,1.0,5.07,24,False,False,5,Resolved
TCK-100492,2024-12-26 08:00:00,Login/Authentication,Portal,Basic,Agent_02,High,25.9,2.99,24,False,False,4,Resolved
TCK-101503,2024-12-26 08:46:00,Feature Request,Chat,Basic,Agent_03,Low,8.3,171.3,120,True,False,5,Resolved
TCK-103119,2024-12-26 13:04:00,Login/Authentication,Email,Pro,Agent_04,High,2.3,4.05,24,False,False,3,Resolved
TCK-103006,2024-12-26 14:51:00,Billing/Invoicing,Portal,Basic,Agent_11,Medium,25.4,0.1,72,False,False,4,Resolved
TCK-100649,2024-12-26 21:51:00,Bug/Error,Portal,Free,Agent_04,Low,23.7,18.82,120,False,False,4,Resolved
TCK-100299,2024-12-26 22:29:00,Login/Authentication,Email,Pro,Agent_04,High,8.6,1.32,24,False,True,3,Resolved - Escalated
TCK-103201,2024-12-26 23:14:00,Billing/Invoicing,Email,Free,Agent_07,Medium,14.1,5.11,72,False,False,4,Resolved
TCK-103511,2024-12-27 00:00:00,Bug/Error,Email,Enterprise,Agent_05,Low,69.5,0.82,120,False,False,4,Resolved
TCK-103638,2024-12-27 00:00:00,Bug/Error,Email,Basic,Agent_10,Low,47.0,10.52,120,False,False,5,Resolved
TCK-102132,2024-12-27 01:59:00,Login/Authentication,Email,Free,Agent_05,Low,314.5,5.02,120,False,False,4,Resolved
TCK-103180,2024-12-27 03:00:00,Integration/API,Phone,Free,Agent_07,High,1.0,173.98,24,True,False,3,Resolved - Workaround
TCK-101322,2024-12-27 03:45:00,Bug/Error,Phone,Basic,Agent_04,Medium,2.9,9.74,72,False,False,5,Resolved
TCK-102033,2024-12-27 08:54:00,Login/Authentication,Chat,Enterprise,Agent_04,High,1.0,4.33,24,False,False,4,Resolved
TCK-100847,2024-12-27 10:34:00,Login/Authentication,Email,Basic,Agent_08,High,14.4,4.34,24,False,False,4,Resolved - Workaround
TCK-101258,2024-12-27 13:05:00,Bug/Error,Email,Enterprise,Agent_08,Critical,1.0,1.46,4,False,False,3,Resolved
TCK-101702,2024-12-27 14:07:00,Performance/Slowness,Portal,Free,Agent_06,Critical,11.5,2.82,4,False,False,5,Resolved
TCK-103154,2024-12-27 15:07:00,Account Setup,Portal,Enterprise,Agent_05,Medium,44.6,18.48,72,False,False,4,Resolved
TCK-100720,2024-12-27 15:20:00,Bug/Error,Email,Free,Agent_07,Low,150.1,6.89,120,False,True,3,Resolved - Escalated
TCK-101863,2024-12-27 16:00:00,Billing/Invoicing,Email,Pro,Agent_11,High,57.3,0.22,24,False,False,4,Resolved
TCK-102928,2024-12-27 19:28:00,Feature Request,Portal,Pro,Agent_08,Low,124.9,6.46,120,False,False,5,Resolved
TCK-100208,2024-12-27 21:10:00,Performance/Slowness,Email,Basic,Agent_03,High,1.0,3.43,24,False,False,4,Resolved
TCK-102596,2024-12-27 23:29:00,Login/Authentication,Phone,Enterprise,Agent_01,High,1.2,1.77,24,False,False,4,Resolved - Workaround
TCK-100149,2024-12-28 00:44:00,Account Setup,Email,Pro,Agent_07,Medium,72.4,0.76,72,False,False,4,Resolved
TCK-102951,2024-12-28 01:31:00,Feature Request,Phone,Free,Agent_11,Medium,1.0,20.49,72,False,False,4,Resolved
TCK-102466,2024-12-28 02:45:00,Bug/Error,Phone,Enterprise,Agent_01,Critical,1.0,2.98,4,False,False,5,Resolved
TCK-100145,2024-12-28 03:40:00,Data Export/Import,Portal,Basic,Agent_01,Medium,47.7,2.5,72,False,False,4,Resolved
TCK-103255,2024-12-28 14:58:00,Bug/Error,Chat,Pro,Agent_07,Medium,1.0,20.85,72,False,False,4,Resolved
TCK-102749,2024-12-28 15:55:00,Feature Request,Phone,Basic,Agent_07,Low,2.1,1.28,120,False,False,4,Resolved
TCK-102323,2024-12-28 18:26:00,Login/Authentication,Email,Free,Agent_11,High,1.0,1.69,24,False,False,4,Resolved
TCK-100121,2024-12-28 21:13:00,Billing/Invoicing,Email,Basic,Agent_05,High,5.8,1.51,24,False,True,3,Unresolved - Pending Engineering
TCK-100190,2024-12-28 21:26:00,Data Export/Import,Portal,Free,Agent_09,Medium,72.0,3.41,72,False,False,4,Resolved
TCK-102471,2024-12-29 02:55:00,Data Export/Import,Phone,Basic,Agent_04,Medium,2.6,2.97,72,False,True,2,Resolved - Escalated
TCK-101903,2024-12-29 03:32:00,Bug/Error,Chat,Enterprise,Agent_11,Medium,14.6,17.01,72,False,False,5,Resolved
TCK-100273,2024-12-29 05:39:00,Bug/Error,Chat,Basic,Agent_01,Critical,1.0,1.85,4,False,False,3,Resolved - Workaround
TCK-101914,2024-12-29 06:26:00,Feature Request,Chat,Free,Agent_02,Critical,1.3,4.26,4,True,False,3,Resolved
TCK-100506,2024-12-29 15:19:00,Bug/Error,Chat,Basic,Agent_07,High,1.0,16.59,24,False,False,4,Resolved
TCK-101354,2024-12-29 20:00:00,Account Setup,Phone,Pro,Agent_10,Critical,1.0,1.16,4,False,False,5,Resolved
TCK-103972,2024-12-30 00:00:00,Billing/Invoicing,Chat,Free,Agent_02,Low,18.7,3.19,120,False,False,4,Resolved - Workaround
TCK-103844,2024-12-30 00:00:00,Account Setup,Portal,Free,Agent_09,Medium,44.2,1.48,72,False,False,5,Resolved
TCK-100833,2024-12-30 04:32:00,Billing/Invoicing,Chat,Basic,Agent_08,Critical,2.7,3.64,4,False,False,4,Resolved
TCK-100858,2024-12-30 04:56:00,Performance/Slowness,Email,Pro,Agent_12,High,1.1,21.36,24,False,False,4,Resolved
TCK-102775,2024-12-30 05:02:00,Bug/Error,Email,Basic,Agent_08,Medium,110.5,2.81,72,False,True,3,Unresolved - Pending Engineering
TCK-102303,2024-12-30 12:35:00,Account Setup,Chat,Basic,Agent_04,Medium,3.8,0.28,72,False,False,4,Resolved - Workaround
TCK-102070,2024-12-30 16:09:00,Integration/API,Chat,Basic,Agent_07,Medium,1.1,13.9,72,False,False,4,Resolved - Workaround
TCK-101917,2024-12-30 17:26:00,Bug/Error,Portal,Free,Agent_07,Medium,60.3,8.3,72,False,True,3,Unresolved - Pending Engineering
TCK-101994,2024-12-30 21:19:00,Bug/Error,Email,Basic,Agent_12,High,141.5,16.84,24,False,False,5,Resolved
TCK-102076,2024-12-30 23:04:00,Bug/Error,Chat,Free,Agent_03,Medium,8.4,2.11,72,False,False,4,Resolved
TCK-100948,2024-12-30 23:05:00,Billing/Invoicing,Chat,Free,Agent_11,Low,1.0,2.24,120,False,False,4,Resolved
TCK-103725,2024-12-31 00:00:00,Feature Request,Chat,Pro,Agent_09,Medium,7.1,8.13,72,False,False,5,Resolved
TCK-103661,2024-12-31 00:00:00,Login/Authentication,Chat,Free,Agent_05,High,1.0,0.34,24,False,False,5,Resolved
TCK-103755,2024-12-31 00:00:00,Login/Authentication,Chat,Pro,Agent_06,High,6.5,0.37,24,False,False,4,Resolved - Workaround
TCK-103417,2024-12-31 00:00:00,Bug/Error,Portal,Basic,Agent_10,Medium,106.1,12.03,72,False,False,5,Resolved
TCK-103825,2024-12-31 00:00:00,Bug/Error,Phone,Pro,Agent_09,Medium,1.0,4.18,72,False,False,5,Resolved
TCK-101799,2024-12-31 01:32:00,Login/Authentication,Email,Basic,Agent_05,High,50.8,0.33,24,False,True,2,Resolved - Escalated
TCK-102984,2024-12-31 04:44:00,Account Setup,Chat,Basic,Agent_11,Medium,10.0,0.54,72,False,False,5,Resolved
TCK-102439,2024-12-31 07:32:00,Billing/Invoicing,Chat,Basic,Agent_04,Low,3.3,13.11,120,False,False,5,Resolved - Workaround
TCK-103321,2024-12-31 09:59:00,Login/Authentication,Email,Basic,Agent_10,Critical,7.1,0.34,4,False,False,4,Resolved
TCK-101067,2024-12-31 12:18:00,Login/Authentication,Chat,Pro,Agent_07,Critical,4.3,0.26,4,False,False,2,Resolved - Workaround
TCK-100189,2024-12-31 13:26:00,Billing/Invoicing,Email,Free,Agent_09,Medium,41.3,6.9,72,False,False,3,Resolved
TCK-101273,2024-12-31 16:39:00,Bug/Error,Email,Enterprise,Agent_12,High,10.4,3.29,24,False,True,2,Resolved - Escalated
TCK-103075,2024-12-31 17:34:00,Billing/Invoicing,Chat,Basic,Agent_02,Medium,4.0,2.76,72,False,False,4,Resolved - Workaround
TCK-100173,2024-12-31 17:38:00,Login/Authentication,Chat,Basic,Agent_03,Medium,30.7,4.44,72,False,True,3,Resolved - Escalated
TCK-103696,2025-01-01 00:00:00,Bug/Error,Email,Enterprise,Agent_12,High,27.0,7.03,24,False,False,3,Resolved
TCK-103847,2025-01-01 00:00:00,Performance/Slowness,Portal,Free,Agent_10,Medium,28.4,13.54,72,False,True,3,Unresolved - Pending Engineering
TCK-103843,2025-01-01 00:00:00,Account Setup,Email,Basic,Agent_01,Medium,11.5,2.39,72,False,True,2,Unresolved - Pending Engineering
TCK-103412,2025-01-01 00:00:00,Billing/Invoicing,Portal,Free,Agent_02,Low,28.6,1.67,120,False,False,5,Resolved
TCK-101973,2025-01-01 01:19:00,Bug/Error,Email,Pro,Agent_04,Medium,142.1,0.72,72,False,False,4,Resolved
TCK-100329,2025-01-01 02:39:00,Login/Authentication,Phone,Basic,Agent_05,Low,7.7,1.84,120,False,False,5,Resolved - Workaround
TCK-101280,2025-01-01 04:36:00,Billing/Invoicing,Chat,Basic,Agent_03,High,1.0,1.16,24,False,False,5,Resolved
TCK-102172,2025-01-01 05:18:00,Bug/Error,Portal,Pro,Agent_05,High,42.3,0.95,24,False,True,3,Resolved - Escalated
TCK-102049,2025-01-01 06:15:00,Billing/Invoicing,Chat,Basic,Agent_01,Critical,3.1,0.61,4,False,False,4,Resolved
TCK-102091,2025-01-01 07:05:00,Feature Request,Phone,Free,Agent_08,High,3.5,2.65,24,False,False,4,Resolved
TCK-100235,2025-01-01 11:48:00,Login/Authentication,Chat,Basic,Agent_05,High,2.4,0.39,24,False,False,4,Resolved
TCK-100622,2025-01-01 23:06:00,Billing/Invoicing,Email,Free,Agent_03,Medium,197.2,4.21,72,False,False,3,Resolved
TCK-102658,2025-01-01 23:21:00,Account Setup,Phone,Free,Agent_05,Low,2.3,4.72,120,False,False,4,Resolved
TCK-103657,2025-01-02 00:00:00,Data Export/Import,Phone,Enterprise,Agent_08,Low,7.0,1.28,120,False,False,4,Resolved
TCK-103494,2025-01-02 00:00:00,Login/Authentication,Portal,Pro,Agent_04,Critical,12.0,1.66,4,False,False,4,Resolved
TCK-103756,2025-01-02 00:00:00,Account Setup,Portal,Pro,Agent_08,High,31.8,3.83,24,False,False,4,Resolved
TCK-103954,2025-01-02 00:00:00,Bug/Error,Portal,Basic,Agent_01,Critical,2.6,1.16,4,False,True,4,Unresolved - Pending Engineering
TCK-103401,2025-01-02 00:00:00,Billing/Invoicing,Phone,Free,Agent_01,Low,1.0,4.15,120,False,False,5,Resolved
TCK-103418,2025-01-02 00:00:00,Performance/Slowness,Chat,Basic,Agent_10,Low,8.6,11.22,120,False,True,2,Resolved - Escalated
TCK-103419,2025-01-02 00:00:00,Integration/API,Portal,Enterprise,Agent_06,Medium,70.6,15.49,72,False,False,4,Resolved - Workaround
TCK-102659,2025-01-02 02:09:00,Login/Authentication,Chat,Pro,Agent_07,Medium,6.8,0.39,72,False,False,3,Resolved
TCK-102586,2025-01-02 02:19:00,Login/Authentication,Email,Free,Agent_08,Medium,53.9,2.99,72,False,False,4,Resolved
TCK-102414,2025-01-02 03:06:00,Bug/Error,Portal,Basic,Agent_06,High,14.9,2.06,24,False,False,5,Resolved - Workaround
TCK-100274,2025-01-02 05:12:00,Billing/Invoicing,Chat,Free,Agent_01,Medium,1.8,18.52,72,False,False,4,Resolved
TCK-102608,2025-01-02 07:13:00,Integration/API,Email,Pro,Agent_12,Medium,4.4,3.1,72,False,False,4,Resolved - Workaround
TCK-102719,2025-01-02 11:34:00,Integration/API,Email,Free,Agent_08,Low,54.3,5.28,120,False,True,3,Resolved - Escalated
TCK-102971,2025-01-02 14:42:00,Login/Authentication,Phone,Pro,Agent_04,High,1.0,10.14,24,False,False,4,Resolved
TCK-101681,2025-01-02 15:38:00,Feature Request,Phone,Basic,Agent_06,Medium,8.2,16.95,72,False,False,4,Resolved
TCK-101347,2025-01-02 17:08:00,Bug/Error,Email,Free,Agent_12,Medium,13.7,186.05,72,True,False,3,Resolved - Workaround
TCK-102960,2025-01-02 18:14:00,Account Setup,Phone,Free,Agent_05,Medium,1.8,0.26,72,False,False,4,Resolved
TCK-103951,2025-01-03 00:00:00,Login/Authentication,Email,Free,Agent_11,Critical,2.0,1.07,4,False,False,4,Resolved
TCK-101209,2025-01-03 00:17:00,Login/Authentication,Chat,Pro,Agent_03,High,1.0,12.15,24,False,True,3,Unresolved - Pending Engineering
TCK-100656,2025-01-03 02:07:00,Login/Authentication,Phone,Pro,Agent_12,High,1.0,1.41,24,False,False,5,Resolved - Workaround
TCK-101794,2025-01-03 02:30:00,Billing/Invoicing,Phone,Free,Agent_12,Medium,5.6,3.16,72,False,False,4,Resolved
TCK-101765,2025-01-03 07:53:00,Bug/Error,Email,Pro,Agent_09,High,1.0,5.9,24,False,True,2,Resolved - Escalated
TCK-100066,2025-01-03 08:41:00,Integration/API,Phone,Free,Agent_09,Low,4.0,23.67,120,False,True,3,Unresolved - Pending Engineering
TCK-100179,2025-01-03 12:42:00,Performance/Slowness,Chat,Free,Agent_01,High,1.3,6.09,24,False,False,4,Resolved
TCK-102199,2025-01-03 14:02:00,Login/Authentication,Portal,Enterprise,Agent_03,Medium,5.4,1.17,72,False,False,5,Resolved
TCK-102641,2025-01-03 15:15:00,Performance/Slowness,Portal,Free,Agent_04,Medium,75.7,3.17,72,False,False,3,Resolved
TCK-102925,2025-01-03 15:41:00,Integration/API,Chat,Free,Agent_05,Critical,1.7,16.01,4,True,False,4,Resolved
TCK-100969,2025-01-03 16:20:00,Performance/Slowness,Chat,Basic,Agent_07,Low,8.3,10.05,120,False,False,5,Resolved
TCK-101303,2025-01-03 21:49:00,Login/Authentication,Email,Basic,Agent_02,High,8.8,1.18,24,False,True,3,Unresolved - Pending Engineering
TCK-101144,2025-01-03 23:30:00,Feature Request,Portal,Free,Agent_09,Medium,10.0,2.74,72,False,False,4,Resolved
TCK-102452,2025-01-04 08:06:00,Feature Request,Email,Basic,Agent_12,Medium,44.0,18.21,72,False,False,4,Resolved
TCK-102645,2025-01-04 20:44:00,Login/Authentication,Email,Free,Agent_05,High,72.9,3.52,24,False,False,3,Resolved - Workaround
TCK-102281,2025-01-05 03:02:00,Bug/Error,Chat,Enterprise,Agent_02,High,3.0,4.34,24,False,False,4,Resolved
TCK-100949,2025-01-05 03:52:00,Feature Request,Portal,Free,Agent_03,Low,105.8,77.68,120,False,False,4,Resolved
TCK-100864,2025-01-05 04:11:00,Login/Authentication,Phone,Basic,Agent_05,Low,1.0,3.25,120,False,False,4,Resolved
TCK-100045,2025-01-05 07:53:00,Bug/Error,Email,Basic,Agent_07,High,70.7,14.9,24,False,False,4,Resolved
TCK-100812,2025-01-05 14:56:00,Bug/Error,Chat,Pro,Agent_09,Low,14.9,9.34,120,False,False,4,Resolved
TCK-102282,2025-01-05 23:16:00,Data Export/Import,Chat,Pro,Agent_11,Low,16.0,19.36,120,False,False,4,Resolved
TCK-101779,2025-01-05 23:39:00,Performance/Slowness,Portal,Free,Agent_02,Medium,99.2,23.48,72,False,False,5,Resolved
TCK-103503,2025-01-06 00:00:00,Billing/Invoicing,Phone,Basic,Agent_05,Medium,5.5,5.61,72,False,True,4,Unresolved - Pending Engineering
TCK-103483,2025-01-06 00:00:00,Data Export/Import,Chat,Basic,Agent_10,Low,26.2,8.93,120,False,False,3,Resolved - Workaround
TCK-103775,2025-01-06 00:00:00,Billing/Invoicing,Email,Free,Agent_11,Medium,53.2,6.0,72,False,False,5,Resolved
TCK-103069,2025-01-06 01:14:00,Integration/API,Email,Basic,Agent_01,Medium,75.9,17.42,72,False,False,4,Resolved - Workaround
TCK-102711,2025-01-06 01:54:00,Integration/API,Email,Free,Agent_12,Low,50.9,8.55,120,False,False,4,Resolved
TCK-101683,2025-01-06 07:01:00,Billing/Invoicing,Email,Pro,Agent_02,Low,81.2,6.44,120,False,True,3,Resolved - Escalated
TCK-102916,2025-01-06 10:14:00,Feature Request,Email,Basic,Agent_08,Medium,35.3,7.5,72,False,False,4,Resolved
TCK-101405,2025-01-06 11:08:00,Data Export/Import,Phone,Pro,Agent_04,Medium,3.0,12.7,72,False,False,4,Resolved
TCK-102219,2025-01-06 12:24:00,Bug/Error,Chat,Pro,Agent_01,Medium,1.5,16.9,72,False,False,4,Resolved
TCK-100043,2025-01-06 13:42:00,Performance/Slowness,Chat,Pro,Agent_11,Medium,1.0,4.91,72,False,False,5,Resolved - Workaround
TCK-102904,2025-01-06 14:34:00,Data Export/Import,Portal,Pro,Agent_10,Medium,1.0,10.34,72,False,False,4,Resolved - Workaround
TCK-100361,2025-01-06 15:28:00,Login/Authentication,Email,Enterprise,Agent_01,Critical,20.4,0.59,4,False,False,4,Resolved
TCK-103336,2025-01-06 15:41:00,Billing/Invoicing,Email,Basic,Agent_12,Medium,117.4,18.6,72,False,False,5,Resolved
TCK-102598,2025-01-06 19:59:00,Performance/Slowness,Chat,Free,Agent_09,Medium,16.5,2.66,72,False,False,5,Resolved
TCK-102201,2025-01-06 22:25:00,Performance/Slowness,Chat,Basic,Agent_10,Critical,1.0,2.27,4,False,False,4,Resolved - Workaround
TCK-103805,2025-01-07 00:00:00,Billing/Invoicing,Email,Free,Agent_05,Low,94.9,2.18,120,False,False,5,Resolved
TCK-100332,2025-01-07 01:28:00,Feature Request,Chat,Basic,Agent_07,Medium,1.2,33.48,72,False,False,5,Resolved
TCK-101072,2025-01-07 02:39:00,Login/Authentication,Email,Free,Agent_10,Critical,1.0,1.13,4,False,False,4,Resolved
TCK-101780,2025-01-07 07:06:00,Performance/Slowness,Portal,Free,Agent_01,Medium,49.1,2.62,72,False,True,3,Resolved - Escalated
TCK-102497,2025-01-07 09:47:00,Account Setup,Portal,Free,Agent_06,Low,5.4,0.93,120,False,False,4,Resolved
TCK-101034,2025-01-07 12:14:00,Performance/Slowness,Email,Free,Agent_08,High,49.9,3.59,24,False,True,3,Resolved - Escalated
TCK-102025,2025-01-07 12:48:00,Integration/API,Portal,Free,Agent_08,Critical,10.8,4.07,4,True,True,2,Resolved - Escalated
TCK-102752,2025-01-07 13:19:00,Bug/Error,Email,Free,Agent_11,Medium,78.8,0.66,72,False,False,5,Resolved
TCK-100194,2025-01-07 15:10:00,Data Export/Import,Phone,Enterprise,Agent_02,Medium,1.6,1.89,72,False,False,4,Resolved
TCK-101598,2025-01-07 15:36:00,Data Export/Import,Email,Free,Agent_04,Low,24.2,4.06,120,False,False,4,Resolved
TCK-102230,2025-01-07 16:23:00,Feature Request,Email,Basic,Agent_06,Low,18.5,39.88,120,False,False,4,Resolved
TCK-100608,2025-01-07 23:06:00,Integration/API,Chat,Free,Agent_01,Low,3.0,7.12,120,False,False,5,Resolved - Workaround
TCK-101439,2025-01-08 04:35:00,Bug/Error,Chat,Pro,Agent_07,High,2.2,2.46,24,False,False,5,Resolved - Workaround
TCK-103371,2025-01-08 05:40:00,Billing/Invoicing,Email,Pro,Agent_05,Low,8.9,14.07,120,False,False,4,Resolved
TCK-103175,2025-01-08 09:46:00,Performance/Slowness,Portal,Free,Agent_07,Critical,6.8,3.03,4,False,True,3,Unresolved - Pending Engineering
TCK-102647,2025-01-08 16:47:00,Integration/API,Phone,Enterprise,Agent_02,High,1.1,19.78,24,False,False,4,Resolved
TCK-100907,2025-01-08 22:05:00,Login/Authentication,Email,Free,Agent_09,Low,1.0,1.42,120,False,False,3,Resolved
TCK-100606,2025-01-08 23:27:00,Integration/API,Chat,Pro,Agent_06,Low,6.2,2.66,120,False,False,4,Resolved - Workaround
TCK-103727,2025-01-09 00:00:00,Bug/Error,Phone,Pro,Agent_02,High,2.9,3.38,24,False,False,3,Resolved
TCK-102552,2025-01-09 00:10:00,Billing/Invoicing,Email,Free,Agent_04,Medium,1.0,0.95,72,False,False,3,Resolved
TCK-101843,2025-01-09 00:50:00,Data Export/Import,Chat,Pro,Agent_10,Medium,13.1,14.88,72,False,False,5,Resolved
TCK-101595,2025-01-09 03:54:00,Billing/Invoicing,Chat,Free,Agent_02,High,7.2,1.15,24,False,False,5,Resolved
TCK-100978,2025-01-09 04:09:00,Bug/Error,Email,Pro,Agent_03,Medium,51.3,26.64,72,False,False,4,Resolved
TCK-102320,2025-01-09 04:19:00,Performance/Slowness,Phone,Pro,Agent_07,Medium,1.9,8.96,72,False,False,4,Resolved
TCK-100542,2025-01-09 05:25:00,Account Setup,Email,Free,Agent_11,High,4.9,1.98,24,False,True,3,Resolved - Escalated
TCK-100165,2025-01-09 14:17:00,Billing/Invoicing,Email,Free,Agent_08,Low,96.7,1.97,120,False,False,4,Resolved
TCK-100129,2025-01-09 14:27:00,Login/Authentication,Chat,Basic,Agent_04,Critical,3.4,1.57,4,False,False,4,Resolved - Workaround
TCK-102795,2025-01-09 17:36:00,Login/Authentication,Chat,Pro,Agent_05,Medium,6.1,3.57,72,False,False,5,Resolved
TCK-103654,2025-01-10 00:00:00,Billing/Invoicing,Portal,Pro,Agent_03,Medium,1.0,5.4,72,False,False,5,Resolved
TCK-103716,2025-01-10 00:00:00,Bug/Error,Chat,Basic,Agent_03,High,2.6,2.48,24,False,False,5,Resolved - Workaround
TCK-103604,2025-01-10 00:00:00,Bug/Error,Chat,Basic,Agent_02,High,11.4,11.34,24,False,True,3,Resolved - Escalated
TCK-100911,2025-01-10 01:30:00,Performance/Slowness,Email,Free,Agent_01,Medium,23.2,4.58,72,False,False,3,Resolved
TCK-100278,2025-01-10 02:35:00,Integration/API,Email,Pro,Agent_10,Low,101.3,14.69,120,False,False,4,Resolved
TCK-101886,2025-01-10 03:20:00,Performance/Slowness,Chat,Pro,Agent_11,Low,20.2,8.4,120,False,True,3,Resolved - Escalated
TCK-102499,2025-01-10 04:23:00,Integration/API,Portal,Enterprise,Agent_08,Low,3.7,49.46,120,False,False,5,Resolved
TCK-102196,2025-01-10 05:25:00,Login/Authentication,Chat,Basic,Agent_05,High,1.0,3.71,24,False,False,4,Resolved - Workaround
TCK-101221,2025-01-10 05:46:00,Bug/Error,Portal,Pro,Agent_05,High,2.5,7.66,24,False,True,3,Unresolved - Pending Engineering
TCK-101051,2025-01-10 09:30:00,Bug/Error,Chat,Pro,Agent_11,High,6.5,12.47,24,False,False,4,Resolved
TCK-100483,2025-01-10 13:03:00,Bug/Error,Chat,Pro,Agent_08,Medium,7.0,29.72,72,False,False,4,Resolved
TCK-101236,2025-01-10 15:19:00,Login/Authentication,Chat,Basic,Agent_07,High,1.0,0.78,24,False,False,3,Resolved
TCK-101252,2025-01-10 16:03:00,Data Export/Import,Email,Pro,Agent_11,Medium,172.0,21.95,72,False,False,4,Resolved
TCK-102941,2025-01-10 19:18:00,Feature Request,Email,Free,Agent_11,Medium,19.5,63.92,72,False,True,3,Resolved - Escalated
TCK-102684,2025-01-10 19:33:00,Billing/Invoicing,Chat,Free,Agent_01,Medium,8.7,35.47,72,False,False,4,Resolved
TCK-103103,2025-01-10 21:53:00,Login/Authentication,Phone,Basic,Agent_02,High,2.3,6.68,24,False,False,4,Resolved - Workaround
TCK-101586,2025-01-11 03:43:00,Billing/Invoicing,Chat,Pro,Agent_12,Medium,2.4,1.09,72,False,False,5,Resolved
TCK-102821,2025-01-11 04:03:00,Feature Request,Chat,Free,Agent_03,Medium,7.4,67.82,72,False,False,4,Resolved - Workaround
TCK-100780,2025-01-11 05:26:00,Bug/Error,Portal,Basic,Agent_06,Medium,69.4,51.84,72,False,True,4,Resolved - Escalated
TCK-100663,2025-01-11 12:08:00,Account Setup,Chat,Pro,Agent_03,Low,6.6,4.64,120,False,True,2,Resolved - Escalated
TCK-101401,2025-01-11 12:10:00,Performance/Slowness,Chat,Free,Agent_11,Critical,1.0,4.8,4,True,True,3,Resolved - Escalated
TCK-101314,2025-01-11 14:26:00,Integration/API,Phone,Basic,Agent_07,High,6.0,10.4,24,False,False,4,Resolved
TCK-102836,2025-01-12 05:05:00,Billing/Invoicing,Email,Basic,Agent_02,High,5.2,2.13,24,False,False,5,Resolved
TCK-103328,2025-01-12 13:54:00,Billing/Invoicing,Portal,Basic,Agent_03,Critical,17.3,0.45,4,False,False,4,Resolved
TCK-100516,2025-01-12 14:22:00,Bug/Error,Portal,Free,Agent_02,Critical,70.0,11.46,4,True,False,3,Resolved
TCK-101642,2025-01-12 18:45:00,Bug/Error,Email,Basic,Agent_06,Medium,3.5,1.84,72,False,False,3,Resolved
TCK-103804,2025-01-13 00:00:00,Login/Authentication,Email,Free,Agent_04,High,25.3,3.44,24,False,False,4,Resolved
TCK-103376,2025-01-13 00:00:00,Bug/Error,Email,Pro,Agent_02,Medium,31.2,9.74,72,False,False,4,Resolved
TCK-100196,2025-01-13 02:59:00,Data Export/Import,Email,Pro,Agent_04,Medium,59.5,5.86,72,False,False,4,Resolved
TCK-101640,2025-01-13 05:23:00,Bug/Error,Portal,Pro,Agent_03,Medium,18.4,0.33,72,False,False,5,Resolved
TCK-102953,2025-01-13 05:36:00,Integration/API,Portal,Free,Agent_02,Low,5.1,55.79,120,False,False,4,Resolved
TCK-102913,2025-01-13 06:04:00,Billing/Invoicing,Portal,Free,Agent_06,Medium,12.8,2.51,72,False,False,4,Resolved
TCK-100070,2025-01-13 08:18:00,Performance/Slowness,Chat,Enterprise,Agent_04,Medium,5.3,31.04,72,False,False,5,Resolved
TCK-100447,2025-01-13 11:09:00,Bug/Error,Chat,Basic,Agent_06,Medium,1.3,12.98,72,False,False,4,Resolved
TCK-102611,2025-01-13 11:32:00,Bug/Error,Email,Basic,Agent_04,High,14.3,2.12,24,False,False,5,Resolved
TCK-101159,2025-01-13 20:16:00,Feature Request,Email,Basic,Agent_02,Medium,6.3,61.25,72,False,False,4,Resolved
TCK-100341,2025-01-13 22:16:00,Account Setup,Phone,Free,Agent_11,Low,3.5,2.43,120,False,False,5,Resolved
TCK-100572,2025-01-13 22:31:00,Feature Request,Phone,Free,Agent_11,Medium,3.7,33.99,72,False,False,4,Resolved
TCK-102078,2025-01-14 04:20:00,Feature Request,Phone,Free,Agent_07,Low,1.0,37.55,120,False,False,5,Resolved
TCK-100295,2025-01-14 05:25:00,Data Export/Import,Phone,Basic,Agent_04,Medium,2.3,26.75,72,False,False,5,Resolved - Workaround
TCK-100783,2025-01-14 05:27:00,Integration/API,Email,Basic,Agent_12,High,60.6,10.3,24,False,False,4,Resolved
TCK-102068,2025-01-14 06:11:00,Feature Request,Chat,Free,Agent_05,Low,2.9,42.98,120,False,False,4,Resolved
TCK-102688,2025-01-14 06:40:00,Login/Authentication,Chat,Basic,Agent_08,Low,3.0,0.89,120,False,False,5,Resolved
TCK-100288,2025-01-14 07:53:00,Performance/Slowness,Email,Free,Agent_04,Medium,11.8,6.52,72,False,False,3,Resolved
TCK-102410,2025-01-14 09:26:00,Feature Request,Email,Enterprise,Agent_12,Medium,5.9,28.66,72,False,False,4,Resolved
TCK-102235,2025-01-14 10:44:00,Bug/Error,Email,Free,Agent_04,High,136.6,3.23,24,False,True,3,Resolved - Escalated
TCK-101205,2025-01-14 11:06:00,Bug/Error,Email,Pro,Agent_07,High,15.0,7.71,24,False,False,5,Resolved
TCK-101487,2025-01-14 13:40:00,Billing/Invoicing,Phone,Free,Agent_02,High,1.0,1.2,24,False,True,2,Resolved - Escalated
TCK-100403,2025-01-14 14:12:00,Login/Authentication,Chat,Basic,Agent_05,High,6.9,1.01,24,False,False,5,Resolved
TCK-103516,2025-01-15 00:00:00,Performance/Slowness,Email,Basic,Agent_06,Medium,56.3,10.49,72,False,False,3,Resolved
TCK-103486,2025-01-15 00:00:00,Login/Authentication,Email,Basic,Agent_10,Critical,21.8,0.2,4,False,False,4,Resolved
TCK-103572,2025-01-15 00:00:00,Bug/Error,Email,Pro,Agent_07,Low,81.7,6.39,120,False,False,4,Resolved - Workaround
TCK-101097,2025-01-15 05:00:00,Data Export/Import,Portal,Free,Agent_07,High,42.9,4.13,24,False,True,4,Unresolved - Pending Engineering
TCK-101284,2025-01-15 08:15:00,Bug/Error,Email,Basic,Agent_07,Low,51.5,2.23,120,False,False,4,Resolved - Workaround
TCK-100314,2025-01-15 09:22:00,Integration/API,Email,Basic,Agent_12,Medium,167.0,3.84,72,False,False,4,Resolved
TCK-100221,2025-01-15 09:39:00,Billing/Invoicing,Chat,Enterprise,Agent_02,High,1.7,5.01,24,False,False,4,Resolved
TCK-101830,2025-01-15 15:46:00,Bug/Error,Chat,Basic,Agent_06,Low,2.1,9.18,120,False,False,4,Resolved
TCK-103038,2025-01-15 15:57:00,Login/Authentication,Phone,Basic,Agent_01,Critical,1.0,1.37,4,False,False,4,Resolved
TCK-102277,2025-01-15 16:13:00,Performance/Slowness,Chat,Basic,Agent_01,Medium,2.5,17.81,72,False,False,4,Resolved
TCK-101796,2025-01-15 16:30:00,Bug/Error,Email,Free,Agent_08,Medium,77.6,78.37,72,True,False,4,Resolved
TCK-100087,2025-01-15 17:09:00,Bug/Error,Phone,Free,Agent_03,Medium,5.2,6.58,72,False,False,3,Resolved
TCK-100960,2025-01-15 20:26:00,Data Export/Import,Chat,Pro,Agent_06,Low,1.0,1.98,120,False,False,4,Resolved
TCK-102514,2025-01-15 20:26:00,Bug/Error,Phone,Basic,Agent_08,High,1.0,1.07,24,False,False,5,Resolved
TCK-103816,2025-01-16 00:00:00,Performance/Slowness,Email,Basic,Agent_11,Critical,10.7,1.0,4,False,True,3,Resolved - Escalated
TCK-103678,2025-01-16 00:00:00,Integration/API,Portal,Pro,Agent_02,High,162.4,8.58,24,False,False,5,Resolved
TCK-103729,2025-01-16 00:00:00,Login/Authentication,Chat,Basic,Agent_12,Medium,6.7,0.11,72,False,False,5,Resolved
TCK-103774,2025-01-16 00:00:00,Login/Authentication,Portal,Pro,Agent_01,Low,66.8,26.35,120,False,True,3,Resolved - Escalated
TCK-102742,2025-01-16 00:15:00,Bug/Error,Chat,Pro,Agent_08,High,6.9,1.71,24,False,False,3,Resolved
TCK-100300,2025-01-16 01:53:00,Feature Request,Email,Free,Agent_06,Low,73.4,17.33,120,False,False,4,Resolved
TCK-102491,2025-01-16 07:18:00,Integration/API,Chat,Basic,Agent_10,Medium,8.1,135.53,72,True,False,4,Resolved
TCK-101829,2025-01-16 11:59:00,Bug/Error,Email,Basic,Agent_05,Medium,24.5,6.53,72,False,True,2,Resolved - Escalated
TCK-101065,2025-01-16 16:42:00,Billing/Invoicing,Email,Basic,Agent_05,Low,30.0,1.77,120,False,False,3,Resolved
TCK-101137,2025-01-16 23:01:00,Bug/Error,Email,Pro,Agent_03,Critical,2.2,1.89,4,False,True,3,Resolved - Escalated
TCK-100206,2025-01-16 23:04:00,Bug/Error,Email,Free,Agent_12,Critical,12.7,10.24,4,True,False,3,Resolved
TCK-103541,2025-01-17 00:00:00,Bug/Error,Chat,Basic,Agent_09,Medium,7.2,3.25,72,False,False,5,Resolved
TCK-103670,2025-01-17 00:00:00,Feature Request,Portal,Free,Agent_09,Medium,4.2,2.26,72,False,False,4,Resolved
TCK-103921,2025-01-17 00:00:00,Feature Request,Phone,Basic,Agent_11,High,1.0,18.64,24,False,False,4,Resolved
TCK-100065,2025-01-17 01:42:00,Bug/Error,Email,Basic,Agent_01,Medium,19.6,9.73,72,False,False,4,Resolved
TCK-102998,2025-01-17 06:03:00,Performance/Slowness,Portal,Pro,Agent_03,High,35.0,0.17,24,False,False,4,Resolved
TCK-102273,2025-01-17 12:48:00,Integration/API,Email,Free,Agent_03,Medium,42.0,0.2,72,False,True,3,Resolved - Escalated
TCK-103254,2025-01-17 15:52:00,Performance/Slowness,Email,Pro,Agent_12,Critical,1.3,1.51,4,False,True,2,Resolved - Escalated
TCK-102716,2025-01-17 16:13:00,Billing/Invoicing,Email,Basic,Agent_11,Low,91.8,3.41,120,False,True,2,Resolved - Escalated
TCK-101083,2025-01-17 19:27:00,Account Setup,Portal,Free,Agent_04,Low,38.1,1.89,120,False,False,4,Resolved
TCK-101490,2025-01-18 02:43:00,Billing/Invoicing,Chat,Basic,Agent_11,Medium,28.0,5.2,72,False,False,4,Resolved
TCK-102695,2025-01-18 04:44:00,Login/Authentication,Phone,Free,Agent_07,Low,13.5,10.12,120,False,False,3,Resolved - Workaround
TCK-100651,2025-01-18 09:45:00,Login/Authentication,Chat,Free,Agent_10,High,9.3,3.23,24,False,False,4,Resolved
TCK-100946,2025-01-18 10:55:00,Performance/Slowness,Phone,Basic,Agent_10,High,1.0,39.66,24,True,False,3,Resolved
TCK-100891,2025-01-18 12:50:00,Bug/Error,Email,Free,Agent_07,Critical,17.4,0.13,4,False,False,5,Resolved
TCK-100155,2025-01-18 18:56:00,Integration/API,Email,Basic,Agent_05,Low,247.2,3.73,120,False,False,4,Resolved
TCK-102972,2025-01-18 19:37:00,Integration/API,Chat,Pro,Agent_04,Low,5.6,60.12,120,False,False,5,Resolved
TCK-102930,2025-01-18 22:04:00,Performance/Slowness,Portal,Basic,Agent_07,Critical,23.6,2.23,4,False,True,3,Unresolved - Pending Engineering
TCK-102678,2025-01-18 22:53:00,Performance/Slowness,Chat,Basic,Agent_03,Critical,5.4,4.2,4,True,True,1,Resolved - Escalated
TCK-100296,2025-01-19 08:49:00,Billing/Invoicing,Portal,Free,Agent_07,Medium,2.6,4.62,72,False,False,5,Resolved
TCK-101623,2025-01-19 09:58:00,Account Setup,Email,Pro,Agent_05,High,42.5,0.41,24,False,False,4,Resolved
TCK-100486,2025-01-19 11:09:00,Integration/API,Chat,Basic,Agent_07,Medium,4.3,8.18,72,False,False,5,Resolved
TCK-101101,2025-01-19 11:37:00,Billing/Invoicing,Phone,Free,Agent_10,Low,13.6,1.77,120,False,False,4,Resolved - Workaround
TCK-102705,2025-01-19 12:57:00,Login/Authentication,Chat,Free,Agent_03,High,1.4,0.21,24,False,False,3,Resolved
TCK-102936,2025-01-19 13:08:00,Billing/Invoicing,Email,Free,Agent_11,Medium,191.5,1.37,72,False,False,4,Resolved
TCK-101341,2025-01-19 16:48:00,Feature Request,Chat,Free,Agent_02,Medium,4.5,43.76,72,False,False,4,Resolved
TCK-103609,2025-01-20 00:00:00,Login/Authentication,Chat,Enterprise,Agent_09,High,23.5,6.64,24,False,False,5,Resolved
TCK-103662,2025-01-20 00:00:00,Account Setup,Email,Free,Agent_04,Low,23.9,4.53,120,False,False,4,Resolved
TCK-103462,2025-01-20 00:00:00,Integration/API,Chat,Free,Agent_11,Medium,8.1,3.04,72,False,False,5,Resolved
TCK-103866,2025-01-20 00:00:00,Integration/API,Chat,Free,Agent_04,Medium,11.1,18.64,72,False,True,3,Resolved - Escalated
TCK-103681,2025-01-20 00:00:00,Data Export/Import,Portal,Free,Agent_09,Medium,24.2,4.41,72,False,False,4,Resolved
TCK-103315,2025-01-20 03:08:00,Login/Authentication,Email,Basic,Agent_06,High,14.7,0.1,24,False,False,4,Resolved
TCK-103225,2025-01-20 03:58:00,Billing/Invoicing,Phone,Basic,Agent_05,Medium,1.0,1.12,72,False,False,4,Resolved
TCK-101356,2025-01-20 05:24:00,Account Setup,Phone,Free,Agent_04,Critical,1.0,0.51,4,False,False,4,Resolved
TCK-100114,2025-01-20 06:10:00,Integration/API,Phone,Pro,Agent_12,Critical,1.0,8.16,4,True,False,4,Resolved
TCK-100463,2025-01-20 09:55:00,Login/Authentication,Chat,Free,Agent_12,Low,23.7,3.7,120,False,True,3,Resolved - Escalated
TCK-100369,2025-01-20 10:49:00,Performance/Slowness,Portal,Pro,Agent_10,High,27.3,13.71,24,False,True,3,Resolved - Escalated
TCK-100039,2025-01-20 14:46:00,Login/Authentication,Phone,Pro,Agent_08,Low,4.5,0.87,120,False,False,5,Resolved - Workaround
TCK-102549,2025-01-20 15:11:00,Billing/Invoicing,Email,Enterprise,Agent_05,Medium,62.0,19.67,72,False,False,4,Resolved - Workaround
TCK-101042,2025-01-20 15:51:00,Login/Authentication,Email,Pro,Agent_12,High,43.7,0.68,24,False,False,4,Resolved
TCK-102958,2025-01-20 22:25:00,Data Export/Import,Email,Basic,Agent_11,Low,143.9,10.32,120,False,False,4,Resolved
TCK-101954,2025-01-20 23:24:00,Feature Request,Email,Pro,Agent_04,Low,1.1,58.41,120,False,False,4,Resolved
TCK-103648,2025-01-21 00:00:00,Feature Request,Email,Free,Agent_03,High,27.9,12.79,24,False,False,3,Resolved
TCK-103686,2025-01-21 00:00:00,Billing/Invoicing,Chat,Basic,Agent_03,High,3.2,0.46,24,False,False,4,Resolved
TCK-103707,2025-01-21 00:00:00,Performance/Slowness,Phone,Free,Agent_11,High,1.1,25.71,24,True,False,4,Resolved
TCK-101521,2025-01-21 04:04:00,Bug/Error,Phone,Pro,Agent_07,Low,14.7,90.2,120,False,False,4,Resolved
TCK-101701,2025-01-21 06:06:00,Login/Authentication,Phone,Free,Agent_12,Medium,5.0,3.48,72,False,False,4,Resolved
TCK-101919,2025-01-21 06:40:00,Account Setup,Email,Free,Agent_02,High,30.0,1.53,24,False,False,4,Resolved - Workaround
TCK-102570,2025-01-21 08:35:00,Login/Authentication,Portal,Basic,Agent_12,Medium,56.1,1.29,72,False,False,4,Resolved
TCK-101930,2025-01-21 09:19:00,Login/Authentication,Email,Pro,Agent_09,High,7.3,1.76,24,False,False,5,Resolved - Workaround
TCK-102270,2025-01-21 09:57:00,Feature Request,Phone,Enterprise,Agent_11,Medium,1.8,23.76,72,False,False,4,Resolved
TCK-100505,2025-01-21 11:42:00,Performance/Slowness,Chat,Basic,Agent_02,Critical,1.9,6.16,4,True,False,4,Resolved
TCK-102573,2025-01-21 13:43:00,Integration/API,Email,Pro,Agent_11,Medium,1.0,5.47,72,False,False,4,Resolved
TCK-100253,2025-01-21 16:11:00,Integration/API,Chat,Pro,Agent_07,Low,2.4,12.1,120,False,False,5,Resolved
TCK-102474,2025-01-21 16:11:00,Performance/Slowness,Chat,Basic,Agent_06,High,10.2,4.01,24,False,False,4,Resolved
TCK-102859,2025-01-21 16:24:00,Integration/API,Portal,Pro,Agent_08,High,33.4,0.24,24,False,False,5,Resolved
TCK-101316,2025-01-21 16:24:00,Login/Authentication,Portal,Basic,Agent_06,Medium,67.5,6.15,72,False,False,3,Resolved
TCK-101516,2025-01-21 19:13:00,Account Setup,Chat,Basic,Agent_04,Low,1.0,0.7,120,False,False,5,Resolved
TCK-101947,2025-01-21 22:43:00,Data Export/Import,Email,Free,Agent_03,High,29.6,2.1,24,False,False,4,Resolved
TCK-101997,2025-01-21 23:14:00,Bug/Error,Portal,Pro,Agent_03,Low,25.4,7.64,120,False,False,5,Resolved
TCK-103873,2025-01-22 00:00:00,Billing/Invoicing,Email,Enterprise,Agent_12,Medium,13.7,17.5,72,False,False,4,Resolved - Workaround
TCK-103705,2025-01-22 00:00:00,Bug/Error,Chat,Pro,Agent_10,Low,10.5,4.98,120,False,True,3,Resolved - Escalated
TCK-102009,2025-01-22 03:40:00,Bug/Error,Portal,Free,Agent_01,Medium,62.1,16.15,72,False,True,3,Resolved - Escalated
TCK-101921,2025-01-22 06:59:00,Feature Request,Email,Pro,Agent_12,Low,52.5,82.29,120,False,False,4,Resolved
TCK-102715,2025-01-22 07:19:00,Billing/Invoicing,Email,Pro,Agent_04,High,7.3,0.79,24,False,False,4,Resolved
TCK-103035,2025-01-22 09:33:00,Billing/Invoicing,Chat,Enterprise,Agent_10,Critical,1.0,0.35,4,False,False,4,Resolved
TCK-101605,2025-01-22 12:19:00,Performance/Slowness,Email,Free,Agent_09,High,53.3,1.25,24,False,False,5,Resolved - Workaround
TCK-102642,2025-01-22 13:41:00,Data Export/Import,Email,Pro,Agent_09,Low,12.8,3.66,120,False,False,4,Resolved - Workaround
TCK-101781,2025-01-22 14:26:00,Data Export/Import,Email,Enterprise,Agent_05,Low,13.0,13.33,120,False,False,4,Resolved
TCK-101821,2025-01-22 15:20:00,Integration/API,Email,Free,Agent_06,Low,369.6,12.84,120,False,False,4,Resolved
TCK-101427,2025-01-22 16:44:00,Billing/Invoicing,Email,Pro,Agent_07,Medium,25.0,7.11,72,False,False,4,Resolved
TCK-100106,2025-01-22 17:23:00,Login/Authentication,Phone,Basic,Agent_02,Medium,2.1,2.93,72,False,False,5,Resolved
TCK-102265,2025-01-22 20:52:00,Login/Authentication,Chat,Free,Agent_04,High,1.0,0.45,24,False,False,4,Resolved
TCK-101276,2025-01-22 23:33:00,Bug/Error,Chat,Free,Agent_09,Critical,5.1,1.25,4,False,False,4,Resolved
TCK-103581,2025-01-23 00:00:00,Billing/Invoicing,Portal,Basic,Agent_07,High,32.1,0.58,24,False,False,4,Resolved
TCK-103955,2025-01-23 00:00:00,Bug/Error,Email,Free,Agent_04,High,50.4,24.91,24,True,True,1,Resolved - Escalated
TCK-103720,2025-01-23 00:00:00,Login/Authentication,Email,Basic,Agent_10,High,1.0,1.27,24,False,False,4,Resolved
TCK-103790,2025-01-23 00:00:00,Performance/Slowness,Portal,Free,Agent_10,Critical,8.3,0.7,4,False,True,3,Resolved - Escalated
TCK-103631,2025-01-23 00:00:00,Login/Authentication,Email,Free,Agent_12,Critical,5.2,0.58,4,False,True,3,Unresolved - Pending Engineering
TCK-100123,2025-01-23 00:11:00,Bug/Error,Phone,Free,Agent_01,High,2.8,18.46,24,False,False,4,Resolved
TCK-101658,2025-01-23 02:13:00,Data Export/Import,Chat,Basic,Agent_06,Medium,2.2,1.41,72,False,False,4,Resolved
TCK-102380,2025-01-23 06:54:00,Performance/Slowness,Email,Free,Agent_08,Low,50.7,10.82,120,False,False,4,Resolved
TCK-102144,2025-01-23 07:08:00,Account Setup,Email,Enterprise,Agent_07,Critical,1.3,4.3,4,True,True,1,Resolved - Escalated
TCK-101361,2025-01-23 10:10:00,Feature Request,Phone,Pro,Agent_03,High,1.8,11.4,24,False,False,5,Resolved
TCK-103289,2025-01-23 10:59:00,Performance/Slowness,Email,Pro,Agent_11,High,10.8,3.49,24,False,False,5,Resolved
TCK-102318,2025-01-23 11:00:00,Bug/Error,Portal,Basic,Agent_04,High,37.9,2.62,24,False,True,3,Resolved - Escalated
TCK-103305,2025-01-23 11:35:00,Data Export/Import,Chat,Pro,Agent_03,Low,15.1,6.49,120,False,False,5,Resolved
TCK-100724,2025-01-23 11:39:00,Bug/Error,Chat,Basic,Agent_04,Medium,1.6,3.05,72,False,False,4,Resolved
TCK-103214,2025-01-23 17:05:00,Login/Authentication,Email,Enterprise,Agent_05,High,8.7,14.38,24,False,False,3,Resolved
TCK-101902,2025-01-23 17:11:00,Integration/API,Email,Enterprise,Agent_03,Medium,2.7,11.61,72,False,True,2,Unresolved - Pending Engineering
TCK-102810,2025-01-24 06:47:00,Bug/Error,Chat,Free,Agent_07,Low,13.8,1.19,120,False,False,4,Resolved
TCK-103286,2025-01-24 07:23:00,Integration/API,Chat,Basic,Agent_11,Medium,3.3,24.97,72,False,True,3,Unresolved - Pending Engineering
TCK-101817,2025-01-24 07:52:00,Login/Authentication,Phone,Pro,Agent_01,High,1.0,0.92,24,False,False,5,Resolved
TCK-100243,2025-01-24 08:30:00,Login/Authentication,Chat,Free,Agent_05,Medium,1.7,2.74,72,False,False,5,Resolved - Workaround
TCK-102565,2025-01-24 08:49:00,Billing/Invoicing,Email,Basic,Agent_05,Low,52.1,6.48,120,False,False,5,Resolved
TCK-101177,2025-01-24 12:46:00,Bug/Error,Portal,Pro,Agent_12,Low,51.9,30.99,120,False,False,4,Resolved
TCK-100310,2025-01-24 14:02:00,Bug/Error,Email,Enterprise,Agent_12,Medium,12.9,5.8,72,False,False,4,Resolved - Workaround
TCK-100340,2025-01-24 14:53:00,Billing/Invoicing,Phone,Basic,Agent_07,Low,1.0,6.83,120,False,False,5,Resolved
TCK-101308,2025-01-24 15:34:00,Login/Authentication,Email,Pro,Agent_07,Critical,32.8,0.58,4,False,False,4,Resolved
TCK-101412,2025-01-24 16:09:00,Login/Authentication,Chat,Pro,Agent_08,High,3.2,3.29,24,False,True,3,Unresolved - Pending Engineering
TCK-102605,2025-01-24 18:34:00,Billing/Invoicing,Portal,Pro,Agent_02,Medium,114.6,17.21,72,False,True,3,Resolved - Escalated
TCK-101894,2025-01-24 19:27:00,Billing/Invoicing,Phone,Free,Agent_07,High,1.0,0.93,24,False,False,5,Resolved
TCK-102567,2025-01-24 20:39:00,Performance/Slowness,Chat,Enterprise,Agent_02,Critical,1.3,2.66,4,False,True,2,Resolved - Escalated
TCK-100104,2025-01-24 20:53:00,Billing/Invoicing,Chat,Basic,Agent_05,Medium,6.5,3.55,72,False,False,4,Resolved
TCK-100222,2025-01-24 21:10:00,Login/Authentication,Portal,Free,Agent_10,High,8.1,0.82,24,False,False,4,Resolved
TCK-101484,2025-01-25 00:46:00,Integration/API,Phone,Enterprise,Agent_02,Medium,1.5,1.83,72,False,False,3,Resolved
TCK-101852,2025-01-25 05:49:00,Data Export/Import,Chat,Free,Agent_05,Medium,12.5,9.71,72,False,False,4,Resolved
TCK-101899,2025-01-25 17:55:00,Bug/Error,Chat,Free,Agent_10,Critical,1.0,0.89,4,False,True,2,Resolved - Escalated
TCK-102274,2025-01-25 20:38:00,Bug/Error,Chat,Basic,Agent_01,Medium,4.7,0.2,72,False,True,3,Resolved - Escalated
TCK-100600,2025-01-25 21:25:00,Feature Request,Email,Basic,Agent_06,Low,31.2,10.06,120,False,False,4,Resolved
TCK-100781,2025-01-25 23:53:00,Login/Authentication,Email,Pro,Agent_09,Medium,53.8,1.65,72,False,False,5,Resolved - Workaround
TCK-101167,2025-01-26 05:07:00,Billing/Invoicing,Phone,Pro,Agent_02,Critical,1.0,2.98,4,False,False,3,Resolved - Workaround
TCK-100905,2025-01-26 06:41:00,Login/Authentication,Email,Free,Agent_07,High,46.3,3.27,24,False,True,3,Resolved - Escalated
TCK-101496,2025-01-26 13:44:00,Bug/Error,Portal,Pro,Agent_10,Medium,62.8,20.34,72,False,False,4,Resolved
TCK-100151,2025-01-26 20:02:00,Billing/Invoicing,Chat,Free,Agent_03,Medium,4.3,1.82,72,False,False,5,Resolved
TCK-103722,2025-01-27 00:00:00,Feature Request,Email,Basic,Agent_05,Medium,22.5,21.98,72,False,False,4,Resolved
TCK-103799,2025-01-27 00:00:00,Integration/API,Chat,Enterprise,Agent_06,Medium,5.5,13.2,72,False,False,5,Resolved
TCK-103839,2025-01-27 00:00:00,Data Export/Import,Chat,Free,Agent_05,Low,1.0,23.23,120,False,False,4,Resolved
TCK-103623,2025-01-27 00:00:00,Login/Authentication,Email,Free,Agent_05,High,7.2,0.8,24,False,False,5,Resolved
TCK-103780,2025-01-27 00:00:00,Bug/Error,Chat,Enterprise,Agent_06,Medium,1.0,5.2,72,False,False,4,Resolved
TCK-102258,2025-01-27 05:04:00,Feature Request,Portal,Pro,Agent_01,Medium,81.8,183.08,72,True,False,4,Resolved
TCK-103263,2025-01-27 06:43:00,Bug/Error,Email,Basic,Agent_04,High,43.1,1.65,24,False,False,4,Resolved
TCK-103366,2025-01-27 10:03:00,Bug/Error,Portal,Free,Agent_03,High,26.4,13.03,24,False,False,5,Resolved
TCK-102293,2025-01-27 10:16:00,Integration/API,Email,Pro,Agent_11,Medium,27.7,20.48,72,False,True,3,Resolved - Escalated
TCK-101344,2025-01-27 10:22:00,Bug/Error,Email,Basic,Agent_08,Critical,13.5,10.48,4,True,False,2,Resolved
TCK-101491,2025-01-27 15:09:00,Login/Authentication,Phone,Basic,Agent_03,Critical,1.0,1.76,4,False,True,3,Resolved - Escalated
TCK-101482,2025-01-27 15:59:00,Login/Authentication,Portal,Basic,Agent_02,Medium,20.1,0.49,72,False,False,4,Resolved
TCK-103350,2025-01-27 17:21:00,Billing/Invoicing,Portal,Free,Agent_12,High,153.4,16.42,24,False,False,4,Resolved
TCK-100133,2025-01-27 18:57:00,Integration/API,Email,Free,Agent_05,Low,142.9,9.57,120,False,True,3,Unresolved - Pending Engineering
TCK-100819,2025-01-27 19:58:00,Billing/Invoicing,Email,Free,Agent_05,Medium,112.8,7.2,72,False,False,3,Resolved
TCK-100001,2025-01-27 21:21:00,Bug/Error,Chat,Pro,Agent_07,Low,3.0,30.74,120,False,True,3,Resolved - Escalated
TCK-102354,2025-01-27 22:08:00,Performance/Slowness,Chat,Pro,Agent_12,Low,3.4,16.69,120,False,False,5,Resolved
TCK-100544,2025-01-27 22:21:00,Integration/API,Email,Enterprise,Agent_06,Medium,23.5,1.4,72,False,False,4,Resolved
TCK-102676,2025-01-27 23:15:00,Performance/Slowness,Phone,Pro,Agent_06,Low,5.0,24.12,120,False,False,4,Resolved
TCK-103933,2025-01-28 00:00:00,Account Setup,Email,Pro,Agent_02,Medium,5.1,0.25,72,False,False,5,Resolved
TCK-103730,2025-01-28 00:00:00,Login/Authentication,Email,Enterprise,Agent_07,High,1.0,0.86,24,False,False,4,Resolved
TCK-101689,2025-01-28 01:17:00,Login/Authentication,Portal,Free,Agent_11,High,13.1,2.51,24,False,False,5,Resolved
TCK-102750,2025-01-28 12:30:00,Login/Authentication,Portal,Basic,Agent_12,Medium,230.5,0.55,72,False,False,5,Resolved
TCK-102664,2025-01-28 13:47:00,Login/Authentication,Portal,Pro,Agent_11,Critical,10.4,0.32,4,False,False,5,Resolved - Workaround
TCK-101509,2025-01-28 14:08:00,Login/Authentication,Chat,Basic,Agent_04,Critical,1.0,0.1,4,False,True,3,Unresolved - Pending Engineering
TCK-102118,2025-01-28 14:38:00,Billing/Invoicing,Chat,Pro,Agent_11,Low,8.3,3.49,120,False,False,4,Resolved - Workaround
TCK-102349,2025-01-28 21:25:00,Integration/API,Chat,Free,Agent_06,Medium,5.8,4.73,72,False,False,4,Resolved
TCK-102995,2025-01-28 22:53:00,Data Export/Import,Email,Enterprise,Agent_02,High,94.1,8.8,24,False,False,5,Resolved
TCK-103485,2025-01-29 00:00:00,Login/Authentication,Email,Pro,Agent_04,High,18.6,3.72,24,False,True,4,Resolved - Escalated
TCK-103464,2025-01-29 00:00:00,Performance/Slowness,Phone,Basic,Agent_07,Low,1.0,13.61,120,False,False,4,Resolved
TCK-101411,2025-01-29 00:53:00,Billing/Invoicing,Chat,Free,Agent_04,Medium,30.6,6.36,72,False,True,4,Resolved - Escalated
TCK-102800,2025-01-29 02:22:00,Integration/API,Portal,Pro,Agent_07,Medium,23.8,136.82,72,True,False,4,Resolved
TCK-100512,2025-01-29 04:57:00,Account Setup,Portal,Free,Agent_08,High,22.1,0.41,24,False,False,5,Resolved
TCK-100923,2025-01-29 10:17:00,Data Export/Import,Chat,Basic,Agent_05,High,4.7,3.69,24,False,False,4,Resolved
TCK-100056,2025-01-29 11:01:00,Bug/Error,Email,Enterprise,Agent_04,Medium,82.0,4.85,72,False,False,5,Resolved
TCK-100213,2025-01-29 12:08:00,Integration/API,Email,Free,Agent_08,Medium,55.8,4.21,72,False,False,4,Resolved
TCK-101185,2025-01-29 14:43:00,Login/Authentication,Phone,Free,Agent_04,Medium,2.2,2.01,72,False,False,4,Resolved
TCK-101766,2025-01-29 18:22:00,Bug/Error,Phone,Basic,Agent_12,Medium,1.0,1.7,72,False,False,5,Resolved
TCK-100423,2025-01-29 18:39:00,Billing/Invoicing,Email,Pro,Agent_07,Medium,18.3,6.86,72,False,False,4,Resolved
TCK-102825,2025-01-29 21:42:00,Login/Authentication,Portal,Free,Agent_09,High,22.3,2.11,24,False,False,4,Resolved
TCK-100933,2025-01-29 22:04:00,Bug/Error,Chat,Pro,Agent_03,Medium,4.2,6.81,72,False,False,4,Resolved - Workaround
TCK-103827,2025-01-30 00:00:00,Bug/Error,Email,Free,Agent_12,Medium,101.7,4.12,72,False,True,2,Resolved - Escalated
TCK-103876,2025-01-30 00:00:00,Bug/Error,Phone,Free,Agent_12,High,14.9,13.11,24,False,False,4,Resolved
TCK-103700,2025-01-30 00:00:00,Performance/Slowness,Portal,Pro,Agent_03,Medium,85.4,57.43,72,False,True,4,Unresolved - Pending Engineering
TCK-100988,2025-01-30 02:31:00,Integration/API,Email,Free,Agent_09,Low,153.1,17.81,120,False,True,2,Resolved - Escalated
TCK-102510,2025-01-30 02:58:00,Bug/Error,Chat,Free,Agent_04,High,10.4,3.4,24,False,False,5,Resolved
TCK-103001,2025-01-30 05:28:00,Login/Authentication,Chat,Free,Agent_12,Medium,1.0,0.64,72,False,False,5,Resolved
TCK-101173,2025-01-30 12:56:00,Performance/Slowness,Chat,Free,Agent_09,High,1.2,15.07,24,False,False,5,Resolved
TCK-101395,2025-01-30 15:24:00,Bug/Error,Phone,Free,Agent_11,Medium,6.4,17.72,72,False,False,4,Resolved
TCK-102704,2025-01-30 18:18:00,Login/Authentication,Email,Pro,Agent_02,Medium,16.5,0.62,72,False,False,4,Resolved - Workaround
TCK-101742,2025-01-30 20:49:00,Login/Authentication,Portal,Enterprise,Agent_05,Medium,105.2,4.12,72,False,False,5,Resolved
TCK-100406,2025-01-30 21:46:00,Billing/Invoicing,Phone,Free,Agent_03,Medium,4.3,2.12,72,False,False,4,Resolved
TCK-103728,2025-01-31 00:00:00,Login/Authentication,Portal,Basic,Agent_03,Medium,29.3,2.24,72,False,False,4,Resolved - Workaround
TCK-100582,2025-01-31 00:24:00,Performance/Slowness,Portal,Free,Agent_07,Low,84.3,21.13,120,False,False,5,Resolved - Workaround
TCK-100680,2025-01-31 00:25:00,Billing/Invoicing,Email,Free,Agent_01,Low,45.6,2.86,120,False,False,5,Resolved
TCK-101210,2025-01-31 01:36:00,Billing/Invoicing,Phone,Basic,Agent_09,Medium,3.7,10.9,72,False,False,4,Resolved
TCK-102212,2025-01-31 06:29:00,Login/Authentication,Phone,Basic,Agent_11,Critical,1.0,4.62,4,True,False,3,Resolved
TCK-101162,2025-01-31 10:08:00,Bug/Error,Phone,Pro,Agent_12,High,1.1,4.4,24,False,True,3,Resolved - Escalated
TCK-102602,2025-01-31 11:44:00,Feature Request,Portal,Basic,Agent_04,Medium,35.8,39.27,72,False,False,4,Resolved
TCK-102034,2025-01-31 15:26:00,Bug/Error,Portal,Pro,Agent_05,Low,35.2,11.88,120,False,False,4,Resolved
TCK-103127,2025-01-31 20:19:00,Bug/Error,Chat,Basic,Agent_07,Medium,7.5,3.15,72,False,True,3,Unresolved - Pending Engineering
TCK-102409,2025-02-01 01:18:00,Billing/Invoicing,Chat,Free,Agent_02,High,4.3,2.96,24,False,False,3,Resolved - Workaround
TCK-103083,2025-02-01 02:26:00,Billing/Invoicing,Chat,Pro,Agent_12,Low,1.0,24.93,120,False,False,4,Resolved
TCK-100414,2025-02-01 05:58:00,Login/Authentication,Portal,Pro,Agent_02,Medium,39.3,2.81,72,False,False,5,Resolved
TCK-102026,2025-02-01 12:49:00,Login/Authentication,Email,Free,Agent_05,High,15.4,1.86,24,False,False,4,Resolved
TCK-101901,2025-02-01 16:15:00,Bug/Error,Portal,Pro,Agent_12,High,121.0,5.74,24,False,False,4,Resolved
TCK-100599,2025-02-01 22:22:00,Billing/Invoicing,Email,Basic,Agent_03,Low,114.8,0.69,120,False,False,3,Resolved
TCK-101035,2025-02-01 22:23:00,Billing/Invoicing,Phone,Free,Agent_11,Medium,6.9,3.38,72,False,False,4,Resolved
TCK-100171,2025-02-02 12:57:00,Login/Authentication,Email,Basic,Agent_05,Critical,3.1,1.43,4,False,False,5,Resolved
TCK-102738,2025-02-02 13:01:00,Bug/Error,Portal,Free,Agent_04,High,9.1,26.56,24,True,True,2,Resolved - Escalated
TCK-100018,2025-02-02 16:57:00,Integration/API,Phone,Free,Agent_10,Low,1.0,39.97,120,False,False,4,Resolved
TCK-103110,2025-02-02 20:07:00,Feature Request,Chat,Basic,Agent_07,High,1.6,13.94,24,False,False,5,Resolved
TCK-102375,2025-02-02 21:48:00,Billing/Invoicing,Chat,Free,Agent_02,Critical,1.0,1.77,4,False,False,4,Resolved
TCK-103595,2025-02-03 00:00:00,Login/Authentication,Portal,Free,Agent_11,Medium,24.5,4.81,72,False,False,5,Resolved
TCK-101560,2025-02-03 00:30:00,Data Export/Import,Chat,Basic,Agent_09,Low,35.1,26.76,120,False,False,5,Resolved - Workaround
TCK-102482,2025-02-03 02:35:00,Feature Request,Chat,Pro,Agent_11,Medium,1.0,7.78,72,False,False,5,Resolved
TCK-100397,2025-02-03 04:41:00,Performance/Slowness,Email,Basic,Agent_09,High,1.0,10.47,24,False,True,2,Unresolved - Pending Engineering
TCK-100339,2025-02-03 07:34:00,Bug/Error,Phone,Pro,Agent_10,High,1.0,12.52,24,False,False,4,Resolved
TCK-100227,2025-02-03 10:39:00,Feature Request,Portal,Pro,Agent_06,Critical,3.6,6.88,4,True,False,4,Resolved
TCK-102228,2025-02-03 12:48:00,Data Export/Import,Email,Basic,Agent_07,Medium,17.8,0.8,72,False,False,4,Resolved
TCK-100108,2025-02-03 14:51:00,Data Export/Import,Chat,Enterprise,Agent_06,Medium,1.0,7.1,72,False,False,5,Resolved
TCK-100265,2025-02-03 14:53:00,Billing/Invoicing,Email,Free,Agent_04,Low,30.8,1.26,120,False,False,4,Resolved
TCK-100495,2025-02-03 18:01:00,Performance/Slowness,Phone,Basic,Agent_03,High,1.0,10.28,24,False,False,5,Resolved
TCK-103362,2025-02-03 18:38:00,Bug/Error,Portal,Free,Agent_05,Medium,26.9,11.46,72,False,True,2,Resolved - Escalated
TCK-101121,2025-02-03 19:23:00,Feature Request,Chat,Basic,Agent_02,Low,1.0,2.3,120,False,False,4,Resolved
TCK-101458,2025-02-03 21:57:00,Data Export/Import,Email,Free,Agent_09,Low,35.4,6.12,120,False,False,4,Resolved
TCK-103400,2025-02-04 00:00:00,Integration/API,Email,Basic,Agent_10,High,58.1,27.97,24,True,False,4,Resolved
TCK-103407,2025-02-04 00:00:00,Account Setup,Phone,Pro,Agent_05,Low,2.8,1.3,120,False,False,4,Resolved
TCK-103904,2025-02-04 00:00:00,Login/Authentication,Email,Basic,Agent_10,High,42.1,0.73,24,False,False,5,Resolved - Workaround
TCK-103580,2025-02-04 00:00:00,Data Export/Import,Phone,Basic,Agent_11,High,1.2,2.19,24,False,False,4,Resolved
TCK-103469,2025-02-04 00:00:00,Account Setup,Portal,Free,Agent_09,High,45.2,3.59,24,False,False,4,Resolved
TCK-100579,2025-02-04 03:36:00,Billing/Invoicing,Email,Basic,Agent_06,Critical,15.3,14.49,4,True,True,1,Resolved - Escalated
TCK-100471,2025-02-04 05:50:00,Login/Authentication,Email,Pro,Agent_09,Low,46.5,0.29,120,False,False,4,Resolved
TCK-100713,2025-02-04 07:41:00,Bug/Error,Email,Basic,Agent_12,High,26.7,3.8,24,False,False,4,Resolved
TCK-102006,2025-02-04 08:31:00,Bug/Error,Email,Basic,Agent_03,Low,35.3,1.83,120,False,False,4,Resolved
TCK-100942,2025-02-04 12:22:00,Integration/API,Chat,Free,Agent_01,Low,18.8,8.23,120,False,False,5,Resolved
TCK-100931,2025-02-04 12:24:00,Account Setup,Portal,Pro,Agent_02,Low,93.3,0.99,120,False,False,5,Resolved
TCK-100770,2025-02-04 13:04:00,Integration/API,Phone,Basic,Agent_06,Low,8.1,56.9,120,False,False,4,Resolved
TCK-102626,2025-02-04 16:07:00,Performance/Slowness,Email,Free,Agent_01,High,60.7,4.4,24,False,False,4,Resolved
TCK-101955,2025-02-04 18:14:00,Account Setup,Phone,Free,Agent_11,Medium,1.0,5.51,72,False,False,5,Resolved
TCK-103958,2025-02-05 00:00:00,Account Setup,Phone,Basic,Agent_09,Low,9.2,0.42,120,False,False,3,Resolved
TCK-103502,2025-02-05 00:00:00,Billing/Invoicing,Phone,Pro,Agent_04,High,1.7,1.37,24,False,False,5,Resolved
TCK-102432,2025-02-05 00:06:00,Data Export/Import,Chat,Pro,Agent_08,Low,6.9,11.89,120,False,False,5,Resolved
TCK-102873,2025-02-05 00:31:00,Login/Authentication,Chat,Basic,Agent_01,Critical,2.7,0.16,4,False,False,4,Resolved
TCK-103003,2025-02-05 02:59:00,Account Setup,Email,Basic,Agent_07,Medium,11.2,5.43,72,False,False,4,Resolved
TCK-101537,2025-02-05 03:45:00,Performance/Slowness,Chat,Basic,Agent_05,Medium,10.3,2.08,72,False,False,5,Resolved
TCK-103105,2025-02-05 06:12:00,Bug/Error,Portal,Enterprise,Agent_08,Medium,65.7,5.05,72,False,False,3,Resolved - Workaround
TCK-102102,2025-02-05 06:22:00,Billing/Invoicing,Chat,Free,Agent_02,Low,25.4,22.91,120,False,False,3,Resolved - Workaround
TCK-101699,2025-02-05 12:54:00,Bug/Error,Phone,Basic,Agent_04,Low,3.4,8.28,120,False,False,5,Resolved
TCK-103090,2025-02-05 13:18:00,Login/Authentication,Chat,Pro,Agent_11,Medium,1.0,0.63,72,False,False,4,Resolved
TCK-102556,2025-02-05 14:30:00,Feature Request,Chat,Pro,Agent_05,Critical,1.6,4.92,4,True,False,3,Resolved
TCK-101372,2025-02-05 16:28:00,Billing/Invoicing,Chat,Basic,Agent_08,Low,15.6,20.14,120,False,False,5,Resolved
TCK-102884,2025-02-05 16:58:00,Integration/API,Portal,Pro,Agent_08,Low,27.6,21.46,120,False,False,4,Resolved - Workaround
TCK-101227,2025-02-05 17:01:00,Bug/Error,Email,Free,Agent_03,Medium,112.9,10.86,72,False,False,4,Resolved
TCK-100393,2025-02-05 20:08:00,Data Export/Import,Email,Pro,Agent_09,Low,88.2,3.19,120,False,False,5,Resolved
TCK-100285,2025-02-05 21:44:00,Login/Authentication,Portal,Free,Agent_10,Medium,46.3,1.51,72,False,False,4,Resolved
TCK-103864,2025-02-06 00:00:00,Billing/Invoicing,Chat,Basic,Agent_11,Low,27.2,8.81,120,False,False,4,Resolved
TCK-103587,2025-02-06 00:00:00,Login/Authentication,Email,Pro,Agent_12,Medium,21.4,5.2,72,False,False,5,Resolved
TCK-102778,2025-02-06 03:32:00,Bug/Error,Email,Pro,Agent_02,Medium,2.8,5.89,72,False,True,4,Unresolved - Pending Engineering
TCK-100604,2025-02-06 09:09:00,Data Export/Import,Phone,Pro,Agent_08,Medium,5.2,7.2,72,False,False,4,Resolved
TCK-101662,2025-02-06 09:36:00,Feature Request,Email,Free,Agent_10,Critical,18.9,5.4,4,True,False,2,Resolved
TCK-103072,2025-02-06 14:18:00,Bug/Error,Chat,Free,Agent_11,Medium,3.0,5.73,72,False,False,4,Resolved
TCK-101381,2025-02-06 14:24:00,Bug/Error,Phone,Basic,Agent_08,High,4.2,9.1,24,False,True,3,Resolved - Escalated
TCK-101212,2025-02-06 15:55:00,Account Setup,Email,Pro,Agent_06,Medium,13.1,2.48,72,False,False,4,Resolved - Workaround
TCK-103892,2025-02-07 00:00:00,Billing/Invoicing,Email,Basic,Agent_09,Low,85.4,3.28,120,False,False,3,Resolved
TCK-102204,2025-02-07 00:10:00,Login/Authentication,Email,Free,Agent_10,High,29.5,0.68,24,False,False,4,Resolved
TCK-102518,2025-02-07 00:11:00,Integration/API,Email,Free,Agent_02,Medium,28.9,83.54,72,True,False,3,Resolved
TCK-101855,2025-02-07 02:24:00,Integration/API,Chat,Enterprise,Agent_03,Medium,4.4,19.21,72,False,True,2,Resolved - Escalated
TCK-101466,2025-02-07 04:57:00,Integration/API,Phone,Pro,Agent_04,Medium,2.3,5.3,72,False,False,5,Resolved
TCK-100384,2025-02-07 07:45:00,Login/Authentication,Portal,Enterprise,Agent_07,High,31.5,0.81,24,False,False,5,Resolved
TCK-101538,2025-02-07 08:34:00,Feature Request,Chat,Free,Agent_01,High,2.6,67.19,24,True,False,5,Resolved
TCK-100893,2025-02-07 11:02:00,Performance/Slowness,Portal,Enterprise,Agent_09,Medium,7.4,7.41,72,False,True,2,Unresolved - Pending Engineering
TCK-101021,2025-02-07 13:33:00,Login/Authentication,Email,Pro,Agent_04,High,44.9,2.16,24,False,False,4,Resolved - Workaround
TCK-101033,2025-02-07 14:34:00,Billing/Invoicing,Chat,Basic,Agent_07,High,5.0,2.43,24,False,False,5,Resolved
TCK-102789,2025-02-07 15:49:00,Data Export/Import,Email,Basic,Agent_03,Low,44.1,5.26,120,False,True,4,Unresolved - Pending Engineering
TCK-102245,2025-02-07 16:17:00,Account Setup,Email,Enterprise,Agent_01,Medium,1.7,0.14,72,False,False,4,Resolved
TCK-103191,2025-02-07 20:23:00,Data Export/Import,Phone,Basic,Agent_08,High,2.0,5.84,24,False,False,5,Resolved
TCK-101296,2025-02-07 20:27:00,Performance/Slowness,Email,Pro,Agent_04,Medium,49.4,6.07,72,False,False,4,Resolved
TCK-100360,2025-02-07 20:36:00,Login/Authentication,Chat,Pro,Agent_06,High,7.6,1.86,24,False,False,5,Resolved
TCK-102935,2025-02-07 22:39:00,Integration/API,Email,Pro,Agent_09,Low,120.6,14.93,120,False,False,4,Resolved
TCK-100895,2025-02-08 05:32:00,Account Setup,Chat,Pro,Agent_07,Medium,1.0,0.28,72,False,False,4,Resolved
TCK-101070,2025-02-08 05:36:00,Billing/Invoicing,Email,Basic,Agent_09,Low,16.2,3.73,120,False,False,4,Resolved
TCK-103204,2025-02-08 05:37:00,Billing/Invoicing,Chat,Pro,Agent_01,Low,6.1,1.94,120,False,False,4,Resolved
TCK-101247,2025-02-08 08:17:00,Bug/Error,Chat,Basic,Agent_12,High,16.1,7.63,24,False,True,2,Unresolved - Pending Engineering
TCK-103290,2025-02-08 11:37:00,Integration/API,Chat,Basic,Agent_07,High,6.8,0.52,24,False,False,5,Resolved
TCK-100421,2025-02-08 18:02:00,Performance/Slowness,Portal,Enterprise,Agent_07,Medium,5.9,6.77,72,False,False,5,Resolved
TCK-101467,2025-02-08 21:28:00,Bug/Error,Chat,Basic,Agent_08,High,1.3,4.07,24,False,False,5,Resolved
TCK-102467,2025-02-09 05:21:00,Billing/Invoicing,Email,Basic,Agent_12,Critical,6.3,1.1,4,False,True,3,Resolved - Escalated
TCK-100765,2025-02-09 06:47:00,Performance/Slowness,Portal,Free,Agent_06,High,10.5,8.77,24,False,False,3,Resolved
TCK-102637,2025-02-09 20:18:00,Login/Authentication,Chat,Enterprise,Agent_02,High,2.2,1.13,24,False,True,2,Resolved - Escalated
TCK-101214,2025-02-09 23:44:00,Integration/API,Email,Free,Agent_03,Low,71.9,7.49,120,False,True,3,Resolved - Escalated
TCK-100645,2025-02-10 05:29:00,Billing/Invoicing,Chat,Free,Agent_11,Medium,1.0,17.07,72,False,False,5,Resolved
TCK-103243,2025-02-10 05:38:00,Performance/Slowness,Email,Basic,Agent_12,Critical,1.0,2.35,4,False,True,3,Resolved - Escalated
TCK-100294,2025-02-10 08:02:00,Integration/API,Portal,Basic,Agent_04,Low,123.7,15.54,120,False,False,4,Resolved
TCK-101918,2025-02-10 08:09:00,Performance/Slowness,Email,Pro,Agent_03,Medium,3.6,2.52,72,False,False,5,Resolved
TCK-101448,2025-02-10 13:14:00,Bug/Error,Email,Pro,Agent_03,Critical,4.4,6.03,4,True,False,4,Resolved
TCK-100536,2025-02-10 15:07:00,Bug/Error,Email,Basic,Agent_11,High,39.9,3.67,24,False,True,3,Resolved - Escalated
TCK-102442,2025-02-10 17:29:00,Login/Authentication,Email,Pro,Agent_02,Low,16.1,2.5,120,False,False,4,Resolved
TCK-100913,2025-02-10 18:41:00,Billing/Invoicing,Chat,Enterprise,Agent_01,Medium,1.0,0.48,72,False,False,4,Resolved
TCK-103320,2025-02-10 20:23:00,Login/Authentication,Chat,Pro,Agent_10,High,2.2,0.19,24,False,False,5,Resolved - Workaround
TCK-102355,2025-02-10 22:16:00,Bug/Error,Chat,Basic,Agent_06,Medium,8.3,14.63,72,False,False,5,Resolved - Workaround
TCK-103074,2025-02-10 22:16:00,Billing/Invoicing,Email,Basic,Agent_09,Low,211.3,1.42,120,False,False,4,Resolved - Workaround
TCK-101278,2025-02-10 23:04:00,Login/Authentication,Email,Basic,Agent_11,High,1.0,0.7,24,False,False,4,Resolved
TCK-103478,2025-02-11 00:00:00,Login/Authentication,Portal,Basic,Agent_07,Medium,50.8,1.03,72,False,False,3,Resolved - Workaround
TCK-103973,2025-02-11 00:00:00,Integration/API,Portal,Enterprise,Agent_09,Medium,55.8,1.93,72,False,False,5,Resolved
TCK-103853,2025-02-11 00:00:00,Performance/Slowness,Chat,Free,Agent_10,Medium,5.1,16.25,72,False,False,3,Resolved
TCK-102860,2025-02-11 00:05:00,Login/Authentication,Email,Pro,Agent_03,High,21.0,0.67,24,False,False,4,Resolved
TCK-102609,2025-02-11 00:50:00,Integration/API,Chat,Free,Agent_06,Medium,4.6,3.9,72,False,False,3,Resolved
TCK-100026,2025-02-11 02:15:00,Bug/Error,Email,Free,Agent_01,Low,44.0,0.97,120,False,False,4,Resolved - Workaround
TCK-101393,2025-02-11 02:58:00,Bug/Error,Email,Pro,Agent_06,Critical,1.7,3.4,4,False,True,2,Resolved - Escalated
TCK-102163,2025-02-11 04:42:00,Billing/Invoicing,Email,Basic,Agent_08,Low,58.6,23.23,120,False,False,4,Resolved - Workaround
TCK-101931,2025-02-11 08:56:00,Billing/Invoicing,Chat,Basic,Agent_10,Low,14.6,6.1,120,False,False,3,Resolved
TCK-100785,2025-02-11 11:26:00,Account Setup,Chat,Basic,Agent_02,Low,1.0,3.25,120,False,False,4,Resolved
TCK-100057,2025-02-11 13:02:00,Billing/Invoicing,Chat,Basic,Agent_10,Low,81.0,3.12,120,False,False,5,Resolved
TCK-102781,2025-02-11 14:54:00,Billing/Invoicing,Phone,Enterprise,Agent_10,Medium,1.0,3.24,72,False,False,4,Resolved
TCK-100454,2025-02-11 16:09:00,Performance/Slowness,Email,Free,Agent_02,Critical,16.9,5.06,4,True,False,3,Resolved
TCK-100562,2025-02-11 16:30:00,Login/Authentication,Email,Enterprise,Agent_08,Critical,3.9,0.77,4,False,True,2,Resolved - Escalated
TCK-101475,2025-02-11 16:42:00,Login/Authentication,Phone,Pro,Agent_03,Critical,1.2,0.12,4,False,True,3,Resolved - Escalated
TCK-102783,2025-02-11 16:58:00,Performance/Slowness,Chat,Pro,Agent_01,Low,31.9,9.37,120,False,False,4,Resolved
TCK-100901,2025-02-11 18:44:00,Login/Authentication,Phone,Free,Agent_03,Medium,1.0,2.83,72,False,True,3,Resolved - Escalated
TCK-102269,2025-02-11 20:38:00,Bug/Error,Chat,Pro,Agent_02,Critical,2.9,1.48,4,False,False,4,Resolved
TCK-101285,2025-02-11 21:33:00,Account Setup,Chat,Enterprise,Agent_11,Medium,1.0,0.46,72,False,False,3,Resolved
TCK-103963,2025-02-12 00:00:00,Login/Authentication,Email,Pro,Agent_04,Critical,3.5,0.6,4,False,False,4,Resolved
TCK-103815,2025-02-12 00:00:00,Login/Authentication,Phone,Enterprise,Agent_05,Critical,1.0,0.23,4,False,False,5,Resolved
TCK-103838,2025-02-12 00:00:00,Integration/API,Chat,Basic,Agent_11,Medium,8.8,8.2,72,False,False,5,Resolved
TCK-103468,2025-02-12 00:00:00,Bug/Error,Portal,Basic,Agent_03,Medium,3.1,5.06,72,False,False,4,Resolved
TCK-100157,2025-02-12 03:16:00,Data Export/Import,Email,Pro,Agent_03,High,45.5,1.59,24,False,False,4,Resolved - Workaround
TCK-102574,2025-02-12 03:26:00,Bug/Error,Email,Free,Agent_11,High,30.7,2.12,24,False,True,3,Resolved - Escalated
TCK-102630,2025-02-12 03:38:00,Performance/Slowness,Phone,Free,Agent_05,Medium,1.2,2.17,72,False,False,5,Resolved
TCK-102057,2025-02-12 05:05:00,Performance/Slowness,Email,Basic,Agent_06,Low,80.9,6.2,120,False,True,3,Resolved - Escalated
TCK-100366,2025-02-12 05:07:00,Login/Authentication,Email,Enterprise,Agent_05,High,23.7,2.96,24,False,False,4,Resolved
TCK-103307,2025-02-12 05:37:00,Feature Request,Email,Free,Agent_11,Medium,1.0,9.45,72,False,False,4,Resolved
TCK-102097,2025-02-12 10:14:00,Login/Authentication,Email,Free,Agent_09,Medium,15.6,3.39,72,False,False,4,Resolved
TCK-100871,2025-02-12 11:17:00,Bug/Error,Chat,Free,Agent_07,High,4.4,2.19,24,False,True,3,Resolved - Escalated
TCK-101342,2025-02-12 12:36:00,Account Setup,Email,Basic,Agent_09,Low,60.2,4.08,120,False,False,4,Resolved
TCK-103245,2025-02-12 13:43:00,Billing/Invoicing,Phone,Free,Agent_09,High,1.4,0.43,24,False,False,4,Resolved
TCK-100540,2025-02-12 14:48:00,Performance/Slowness,Phone,Basic,Agent_06,High,1.0,11.71,24,False,False,5,Resolved
TCK-100772,2025-02-12 17:59:00,Billing/Invoicing,Chat,Free,Agent_10,High,4.9,0.92,24,False,False,5,Resolved
TCK-100804,2025-02-12 21:47:00,Data Export/Import,Chat,Free,Agent_04,Low,31.7,1.41,120,False,False,4,Resolved - Workaround
TCK-100511,2025-02-13 00:06:00,Integration/API,Email,Basic,Agent_11,Low,98.3,114.67,120,False,False,5,Resolved
TCK-101824,2025-02-13 05:43:00,Billing/Invoicing,Email,Pro,Agent_09,High,8.2,3.91,24,False,False,4,Resolved
TCK-102675,2025-02-13 05:43:00,Performance/Slowness,Chat,Pro,Agent_12,Medium,23.1,28.21,72,False,False,4,Resolved
TCK-103053,2025-02-13 07:06:00,Integration/API,Email,Pro,Agent_09,Low,29.4,3.67,120,False,True,2,Resolved - Escalated
TCK-100541,2025-02-13 08:08:00,Integration/API,Email,Basic,Agent_08,Medium,24.2,29.91,72,False,False,4,Resolved
TCK-102040,2025-02-13 12:43:00,Billing/Invoicing,Phone,Free,Agent_07,High,4.1,3.73,24,False,False,4,Resolved
TCK-102699,2025-02-13 13:18:00,Account Setup,Email,Pro,Agent_03,Medium,3.6,1.23,72,False,False,4,Resolved
TCK-100589,2025-02-13 18:34:00,Billing/Invoicing,Phone,Free,Agent_12,Medium,4.4,4.05,72,False,False,5,Resolved
TCK-102746,2025-02-13 20:00:00,Integration/API,Email,Free,Agent_04,Medium,21.6,36.16,72,False,True,3,Resolved - Escalated
TCK-101929,2025-02-13 20:06:00,Bug/Error,Phone,Pro,Agent_04,Critical,1.0,4.19,4,True,True,2,Resolved - Escalated
TCK-101819,2025-02-13 22:08:00,Login/Authentication,Phone,Pro,Agent_11,High,2.0,0.39,24,False,False,4,Resolved
TCK-101815,2025-02-13 22:50:00,Data Export/Import,Email,Free,Agent_03,Low,5.8,8.94,120,False,True,3,Resolved - Escalated
TCK-100275,2025-02-13 23:36:00,Bug/Error,Email,Enterprise,Agent_08,Medium,31.7,0.92,72,False,False,4,Resolved
TCK-103809,2025-02-14 00:00:00,Data Export/Import,Chat,Free,Agent_08,Low,25.7,12.66,120,False,False,4,Resolved
TCK-103490,2025-02-14 00:00:00,Login/Authentication,Chat,Free,Agent_02,Medium,5.7,1.11,72,False,False,4,Resolved
TCK-101962,2025-02-14 03:58:00,Integration/API,Phone,Basic,Agent_11,High,1.7,1.3,24,False,False,5,Resolved
TCK-103329,2025-02-14 06:34:00,Data Export/Import,Chat,Basic,Agent_10,Critical,7.6,2.08,4,False,False,5,Resolved
TCK-100614,2025-02-14 07:13:00,Bug/Error,Chat,Pro,Agent_03,Medium,10.4,10.04,72,False,False,5,Resolved
TCK-103308,2025-02-14 09:37:00,Bug/Error,Email,Basic,Agent_05,High,3.9,10.03,24,False,False,4,Resolved
TCK-103032,2025-02-14 19:25:00,Billing/Invoicing,Portal,Pro,Agent_02,Medium,220.4,0.35,72,False,True,4,Unresolved - Pending Engineering
TCK-101235,2025-02-14 20:10:00,Login/Authentication,Phone,Basic,Agent_01,Critical,1.4,4.22,4,True,False,3,Resolved
TCK-100912,2025-02-14 22:16:00,Login/Authentication,Chat,Basic,Agent_02,Critical,4.3,5.89,4,True,True,2,Unresolved - Pending Engineering
TCK-100879,2025-02-14 22:29:00,Account Setup,Chat,Basic,Agent_11,High,1.0,3.12,24,False,False,5,Resolved
TCK-100342,2025-02-14 22:49:00,Integration/API,Email,Basic,Agent_04,Low,13.1,18.59,120,False,False,4,Resolved
TCK-101029,2025-02-14 23:15:00,Account Setup,Email,Basic,Agent_10,Medium,1.0,1.67,72,False,False,3,Resolved
TCK-103363,2025-02-15 11:34:00,Data Export/Import,Phone,Enterprise,Agent_12,Medium,2.7,1.18,72,False,False,4,Resolved
TCK-102869,2025-02-15 14:51:00,Login/Authentication,Email,Free,Agent_02,Medium,42.6,2.4,72,False,False,5,Resolved - Workaround
TCK-103188,2025-02-15 18:15:00,Billing/Invoicing,Email,Pro,Agent_11,Low,257.8,0.8,120,False,False,4,Resolved
TCK-103310,2025-02-15 22:37:00,Login/Authentication,Email,Pro,Agent_08,Critical,19.1,0.7,4,False,False,4,Resolved
TCK-100889,2025-02-16 00:15:00,Bug/Error,Email,Pro,Agent_09,Medium,22.2,10.12,72,False,False,5,Resolved
TCK-101057,2025-02-16 01:42:00,Login/Authentication,Chat,Free,Agent_12,Critical,6.1,1.4,4,False,False,4,Resolved
TCK-102819,2025-02-16 06:26:00,Performance/Slowness,Chat,Basic,Agent_03,High,31.4,0.89,24,False,False,4,Resolved
TCK-100013,2025-02-16 08:59:00,Performance/Slowness,Phone,Basic,Agent_06,Critical,1.0,28.65,4,True,True,2,Resolved - Escalated
TCK-101833,2025-02-16 11:48:00,Billing/Invoicing,Email,Pro,Agent_01,High,27.8,1.19,24,False,False,4,Resolved
TCK-101860,2025-02-16 13:18:00,Data Export/Import,Chat,Pro,Agent_01,Medium,4.0,9.89,72,False,False,4,Resolved - Workaround
TCK-100700,2025-02-16 17:38:00,Account Setup,Email,Free,Agent_03,High,69.7,0.83,24,False,True,3,Resolved - Escalated
TCK-102218,2025-02-16 20:35:00,Account Setup,Phone,Free,Agent_08,High,3.0,1.67,24,False,False,5,Resolved
TCK-102619,2025-02-16 21:01:00,Billing/Invoicing,Email,Free,Agent_04,Medium,26.6,0.3,72,False,False,4,Resolved
TCK-103947,2025-02-17 00:00:00,Billing/Invoicing,Email,Enterprise,Agent_11,Medium,22.1,1.76,72,False,False,5,Resolved - Workaround
TCK-103970,2025-02-17 00:00:00,Bug/Error,Portal,Basic,Agent_04,High,6.4,15.88,24,False,False,4,Resolved
TCK-103714,2025-02-17 00:00:00,Billing/Invoicing,Portal,Enterprise,Agent_12,Critical,27.6,0.37,4,False,False,4,Resolved
TCK-101847,2025-02-17 00:49:00,Login/Authentication,Phone,Free,Agent_09,High,1.0,2.54,24,False,False,3,Resolved
TCK-100473,2025-02-17 03:31:00,Bug/Error,Phone,Pro,Agent_07,Medium,9.4,2.41,72,False,False,5,Resolved
TCK-103253,2025-02-17 06:30:00,Login/Authentication,Email,Enterprise,Agent_11,Medium,1.5,1.98,72,False,False,3,Resolved
TCK-102489,2025-02-17 07:23:00,Data Export/Import,Phone,Pro,Agent_09,Medium,4.5,0.85,72,False,False,4,Resolved
TCK-101569,2025-02-17 10:29:00,Integration/API,Chat,Pro,Agent_07,Medium,3.3,6.65,72,False,False,3,Resolved
TCK-102929,2025-02-17 15:47:00,Bug/Error,Chat,Basic,Agent_12,Medium,1.7,3.98,72,False,False,4,Resolved - Workaround
TCK-100551,2025-02-17 16:47:00,Account Setup,Portal,Enterprise,Agent_03,High,25.2,6.74,24,False,False,5,Resolved
TCK-100408,2025-02-17 19:28:00,Feature Request,Email,Basic,Agent_12,Low,16.1,8.5,120,False,False,4,Resolved - Workaround
TCK-102751,2025-02-17 20:33:00,Performance/Slowness,Portal,Pro,Agent_02,Critical,33.1,0.82,4,False,True,3,Resolved - Escalated
TCK-101172,2025-02-17 21:52:00,Login/Authentication,Portal,Free,Agent_07,Critical,7.5,0.88,4,False,False,4,Resolved
TCK-100637,2025-02-17 22:06:00,Billing/Invoicing,Chat,Pro,Agent_06,Medium,5.7,1.78,72,False,False,4,Resolved - Workaround
TCK-103460,2025-02-18 00:00:00,Billing/Invoicing,Phone,Pro,Agent_03,Medium,1.0,4.51,72,False,False,4,Resolved
TCK-103677,2025-02-18 00:00:00,Integration/API,Email,Basic,Agent_09,Medium,34.4,4.37,72,False,False,4,Resolved
TCK-100898,2025-02-18 03:57:00,Bug/Error,Portal,Enterprise,Agent_06,High,12.4,6.53,24,False,False,4,Resolved
TCK-102224,2025-02-18 07:35:00,Account Setup,Portal,Pro,Agent_02,Critical,40.8,1.46,4,False,True,2,Unresolved - Pending Engineering
TCK-102741,2025-02-18 10:25:00,Data Export/Import,Chat,Basic,Agent_04,High,5.1,8.78,24,False,False,4,Resolved
TCK-101449,2025-02-18 11:48:00,Feature Request,Phone,Free,Agent_07,Low,2.1,3.04,120,False,True,3,Resolved - Escalated
TCK-101087,2025-02-18 14:37:00,Login/Authentication,Phone,Enterprise,Agent_09,High,1.8,2.93,24,False,False,4,Resolved
TCK-100633,2025-02-18 15:38:00,Login/Authentication,Email,Pro,Agent_11,High,5.1,0.36,24,False,False,3,Resolved
TCK-100878,2025-02-18 18:45:00,Performance/Slowness,Chat,Pro,Agent_04,High,3.9,14.35,24,False,False,4,Resolved - Workaround
TCK-103739,2025-02-19 00:00:00,Performance/Slowness,Portal,Free,Agent_02,Medium,191.3,9.45,72,False,False,3,Resolved
TCK-103477,2025-02-19 00:00:00,Data Export/Import,Email,Free,Agent_07,Low,79.5,18.31,120,False,True,3,Unresolved - Pending Engineering
TCK-103878,2025-02-19 00:00:00,Integration/API,Chat,Free,Agent_07,Medium,1.0,16.39,72,False,False,4,Resolved
TCK-103408,2025-02-19 00:00:00,Feature Request,Phone,Free,Agent_05,Medium,1.5,41.0,72,False,False,5,Resolved
TCK-103850,2025-02-19 00:00:00,Bug/Error,Chat,Pro,Agent_05,Medium,9.0,3.87,72,False,False,4,Resolved
TCK-100207,2025-02-19 00:48:00,Bug/Error,Portal,Free,Agent_12,Critical,9.7,5.49,4,True,False,3,Resolved
TCK-100282,2025-02-19 01:15:00,Performance/Slowness,Email,Free,Agent_06,Medium,57.8,10.03,72,False,True,2,Resolved - Escalated
TCK-102803,2025-02-19 03:00:00,Account Setup,Chat,Free,Agent_05,Medium,1.0,3.8,72,False,False,4,Resolved
TCK-103167,2025-02-19 06:15:00,Billing/Invoicing,Email,Free,Agent_10,Medium,17.5,0.19,72,False,False,4,Resolved
TCK-103226,2025-02-19 07:11:00,Billing/Invoicing,Email,Free,Agent_02,High,7.1,1.6,24,False,False,4,Resolved
TCK-101669,2025-02-19 07:33:00,Account Setup,Email,Basic,Agent_08,Low,48.4,4.04,120,False,False,4,Resolved
TCK-101107,2025-02-19 10:55:00,Bug/Error,Email,Enterprise,Agent_07,Medium,11.8,5.68,72,False,False,3,Resolved
TCK-100565,2025-02-19 11:44:00,Integration/API,Portal,Basic,Agent_02,High,12.7,101.76,24,True,True,1,Unresolved - Pending Engineering
TCK-100661,2025-02-19 14:55:00,Feature Request,Chat,Enterprise,Agent_05,Medium,3.1,18.35,72,False,False,4,Resolved
TCK-101554,2025-02-19 18:22:00,Feature Request,Chat,Pro,Agent_01,Low,2.0,42.32,120,False,False,5,Resolved
TCK-100854,2025-02-19 19:19:00,Integration/API,Portal,Free,Agent_12,Medium,41.4,10.98,72,False,False,5,Resolved - Workaround
TCK-102938,2025-02-19 19:27:00,Feature Request,Portal,Free,Agent_10,Medium,85.9,4.48,72,False,True,2,Resolved - Escalated
TCK-102983,2025-02-19 20:02:00,Account Setup,Portal,Pro,Agent_11,Medium,29.2,1.54,72,False,False,3,Resolved
TCK-101376,2025-02-19 21:04:00,Billing/Invoicing,Chat,Free,Agent_07,Low,3.8,13.57,120,False,True,3,Resolved - Escalated
TCK-103367,2025-02-19 22:40:00,Login/Authentication,Email,Pro,Agent_08,Medium,133.1,3.18,72,False,False,3,Resolved
TCK-103923,2025-02-20 00:00:00,Performance/Slowness,Phone,Free,Agent_08,Medium,3.2,5.4,72,False,False,5,Resolved
TCK-103783,2025-02-20 00:00:00,Login/Authentication,Portal,Pro,Agent_09,Medium,96.6,6.12,72,False,False,5,Resolved
TCK-103925,2025-02-20 00:00:00,Billing/Invoicing,Portal,Pro,Agent_07,High,38.4,0.48,24,False,False,4,Resolved
TCK-100802,2025-02-20 00:36:00,Integration/API,Chat,Pro,Agent_04,Medium,1.0,8.04,72,False,False,5,Resolved
TCK-101080,2025-02-20 00:59:00,Login/Authentication,Email,Pro,Agent_06,High,38.7,1.16,24,False,False,4,Resolved - Workaround
TCK-101098,2025-02-20 03:28:00,Bug/Error,Portal,Pro,Agent_08,Medium,129.7,5.51,72,False,True,3,Unresolved - Pending Engineering
TCK-103271,2025-02-20 04:29:00,Bug/Error,Phone,Enterprise,Agent_05,Medium,1.0,9.95,72,False,False,5,Resolved
TCK-101146,2025-02-20 06:22:00,Integration/API,Phone,Basic,Agent_09,Medium,1.0,7.99,72,False,True,2,Unresolved - Pending Engineering
TCK-100760,2025-02-20 07:17:00,Bug/Error,Email,Free,Agent_08,Medium,5.3,4.58,72,False,True,2,Unresolved - Pending Engineering
TCK-101222,2025-02-20 09:02:00,Account Setup,Email,Basic,Agent_03,Low,69.3,2.57,120,False,False,4,Resolved
TCK-101756,2025-02-20 11:26:00,Data Export/Import,Chat,Basic,Agent_11,Medium,5.1,12.81,72,False,False,5,Resolved
TCK-101014,2025-02-20 11:44:00,Bug/Error,Email,Basic,Agent_07,Low,25.7,8.24,120,False,False,3,Resolved - Workaround
TCK-102101,2025-02-20 12:38:00,Bug/Error,Phone,Enterprise,Agent_08,High,1.0,18.89,24,False,False,5,Resolved
TCK-101547,2025-02-20 12:52:00,Bug/Error,Email,Basic,Agent_11,High,2.1,2.57,24,False,False,4,Resolved
TCK-102691,2025-02-20 14:33:00,Billing/Invoicing,Phone,Basic,Agent_10,Low,2.6,12.13,120,False,False,3,Resolved
TCK-100918,2025-02-20 16:24:00,Bug/Error,Chat,Free,Agent_09,Low,25.2,139.62,120,True,True,1,Resolved - Escalated
TCK-100239,2025-02-20 17:40:00,Bug/Error,Email,Free,Agent_11,Critical,9.7,1.78,4,False,False,5,Resolved
TCK-102954,2025-02-20 21:12:00,Performance/Slowness,Chat,Pro,Agent_07,Medium,9.5,0.14,72,False,False,5,Resolved
TCK-101156,2025-02-20 21:13:00,Bug/Error,Portal,Pro,Agent_07,High,38.3,10.45,24,False,False,4,Resolved
TCK-103391,2025-02-21 00:00:00,Login/Authentication,Email,Basic,Agent_08,Low,1.0,5.9,120,False,False,5,Resolved
TCK-103769,2025-02-21 00:00:00,Account Setup,Phone,Free,Agent_08,Medium,1.0,29.92,72,False,False,3,Resolved
TCK-102685,2025-02-21 01:12:00,Bug/Error,Phone,Basic,Agent_08,High,1.0,26.6,24,True,False,2,Resolved
TCK-102046,2025-02-21 02:00:00,Bug/Error,Portal,Basic,Agent_05,Low,238.4,30.85,120,False,False,5,Resolved
TCK-103306,2025-02-21 04:02:00,Billing/Invoicing,Portal,Free,Agent_08,Medium,73.4,7.21,72,False,False,4,Resolved
TCK-100276,2025-02-21 04:08:00,Account Setup,Email,Pro,Agent_12,Low,19.3,22.65,120,False,False,5,Resolved
TCK-101801,2025-02-21 05:00:00,Integration/API,Chat,Free,Agent_01,Low,6.3,2.52,120,False,True,3,Resolved - Escalated
TCK-101138,2025-02-21 05:42:00,Bug/Error,Chat,Free,Agent_12,Medium,2.0,19.33,72,False,True,3,Resolved - Escalated
TCK-101708,2025-02-21 11:55:00,Billing/Invoicing,Email,Basic,Agent_04,High,11.9,2.53,24,False,False,4,Resolved - Workaround
TCK-101525,2025-02-21 16:29:00,Billing/Invoicing,Email,Basic,Agent_03,Low,28.1,10.16,120,False,False,4,Resolved
TCK-100887,2025-02-21 17:00:00,Billing/Invoicing,Chat,Basic,Agent_04,Medium,1.0,4.65,72,False,False,4,Resolved
TCK-100113,2025-02-21 17:12:00,Bug/Error,Portal,Free,Agent_02,High,18.4,4.01,24,False,True,3,Unresolved - Pending Engineering
TCK-102073,2025-02-21 19:33:00,Bug/Error,Portal,Basic,Agent_09,Medium,74.8,0.1,72,False,False,4,Resolved
TCK-100251,2025-02-21 19:57:00,Integration/API,Chat,Free,Agent_03,Critical,2.9,2.73,4,False,False,4,Resolved
TCK-100718,2025-02-21 22:30:00,Integration/API,Email,Basic,Agent_11,High,1.0,12.56,24,False,True,2,Resolved - Escalated
TCK-100225,2025-02-22 15:58:00,Login/Authentication,Portal,Basic,Agent_03,Critical,24.7,0.12,4,False,False,4,Resolved
TCK-102833,2025-02-22 17:57:00,Bug/Error,Phone,Basic,Agent_03,High,1.0,1.14,24,False,False,5,Resolved
TCK-100630,2025-02-22 23:50:00,Bug/Error,Email,Pro,Agent_07,Medium,16.6,1.45,72,False,False,4,Resolved
TCK-103298,2025-02-23 00:49:00,Billing/Invoicing,Portal,Pro,Agent_05,Medium,1.0,1.03,72,False,False,4,Resolved
TCK-103034,2025-02-23 08:59:00,Bug/Error,Chat,Free,Agent_09,High,5.2,1.87,24,False,False,4,Resolved
TCK-101502,2025-02-23 11:24:00,Bug/Error,Email,Basic,Agent_03,Medium,5.9,1.87,72,False,False,4,Resolved
TCK-101868,2025-02-23 13:45:00,Bug/Error,Phone,Basic,Agent_09,High,1.8,5.56,24,False,False,4,Resolved
TCK-101549,2025-02-23 15:25:00,Billing/Invoicing,Phone,Free,Agent_10,Low,13.7,4.82,120,False,False,3,Resolved
TCK-100405,2025-02-23 19:30:00,Billing/Invoicing,Chat,Free,Agent_09,Medium,20.6,2.47,72,False,False,3,Resolved - Workaround
TCK-102968,2025-02-23 19:48:00,Bug/Error,Email,Pro,Agent_12,Low,190.4,0.64,120,False,False,5,Resolved
TCK-103618,2025-02-24 00:00:00,Login/Authentication,Phone,Free,Agent_07,High,1.0,1.84,24,False,False,4,Resolved - Workaround
TCK-101028,2025-02-24 04:30:00,Bug/Error,Phone,Free,Agent_09,Medium,3.1,3.36,72,False,False,3,Resolved
TCK-102493,2025-02-24 05:23:00,Billing/Invoicing,Chat,Enterprise,Agent_09,Medium,1.0,12.63,72,False,False,3,Resolved
TCK-101299,2025-02-24 06:38:00,Performance/Slowness,Email,Basic,Agent_07,High,23.9,4.89,24,False,False,4,Resolved
TCK-102357,2025-02-24 11:34:00,Login/Authentication,Chat,Basic,Agent_09,High,1.0,0.37,24,False,False,4,Resolved
TCK-102086,2025-02-24 13:23:00,Performance/Slowness,Phone,Pro,Agent_06,Medium,4.7,6.24,72,False,False,5,Resolved
TCK-103051,2025-02-24 15:42:00,Billing/Invoicing,Phone,Free,Agent_02,High,1.0,1.2,24,False,False,5,Resolved
TCK-100154,2025-02-24 15:47:00,Login/Authentication,Email,Basic,Agent_05,High,31.7,0.8,24,False,False,4,Resolved
TCK-101677,2025-02-24 15:58:00,Account Setup,Chat,Free,Agent_09,High,2.2,0.71,24,False,False,4,Resolved
TCK-101591,2025-02-24 18:54:00,Performance/Slowness,Phone,Free,Agent_05,High,1.0,2.62,24,False,False,4,Resolved
TCK-102494,2025-02-24 22:49:00,Bug/Error,Phone,Enterprise,Agent_01,Medium,6.5,13.65,72,False,False,3,Resolved
TCK-103162,2025-02-24 23:44:00,Bug/Error,Email,Free,Agent_04,High,1.0,4.31,24,False,False,4,Resolved
TCK-103637,2025-02-25 00:00:00,Login/Authentication,Email,Pro,Agent_01,Critical,1.0,0.41,4,False,False,4,Resolved
TCK-103935,2025-02-25 00:00:00,Account Setup,Email,Enterprise,Agent_10,Medium,1.0,2.12,72,False,False,5,Resolved
TCK-103549,2025-02-25 00:00:00,Feature Request,Email,Free,Agent_11,Medium,164.0,50.8,72,False,False,5,Resolved - Workaround
TCK-102743,2025-02-25 03:34:00,Billing/Invoicing,Portal,Free,Agent_11,Low,142.5,2.14,120,False,False,5,Resolved
TCK-101428,2025-02-25 07:12:00,Account Setup,Email,Free,Agent_02,Medium,17.2,18.01,72,False,False,3,Resolved
TCK-100509,2025-02-25 16:06:00,Performance/Slowness,Phone,Enterprise,Agent_06,Medium,7.2,6.57,72,False,True,2,Resolved - Escalated
TCK-101232,2025-02-25 17:18:00,Bug/Error,Chat,Pro,Agent_02,High,1.0,10.25,24,False,False,5,Resolved
TCK-101005,2025-02-25 18:13:00,Bug/Error,Phone,Free,Agent_10,Low,7.1,31.68,120,False,False,5,Resolved
TCK-100681,2025-02-25 18:35:00,Login/Authentication,Portal,Pro,Agent_03,Critical,29.1,1.43,4,False,False,4,Resolved
TCK-102346,2025-02-25 19:40:00,Account Setup,Portal,Pro,Agent_04,Medium,186.7,1.51,72,False,False,5,Resolved
TCK-100874,2025-02-25 19:58:00,Bug/Error,Email,Pro,Agent_08,High,29.9,16.09,24,False,False,3,Resolved
TCK-101208,2025-02-25 22:14:00,Billing/Invoicing,Email,Basic,Agent_09,Low,18.3,3.03,120,False,False,5,Resolved
TCK-100795,2025-02-25 23:59:00,Billing/Invoicing,Email,Basic,Agent_02,Medium,17.7,0.79,72,False,False,4,Resolved
TCK-103546,2025-02-26 00:00:00,Billing/Invoicing,Email,Free,Agent_12,Low,22.7,9.91,120,False,True,3,Resolved - Escalated
TCK-103415,2025-02-26 00:00:00,Bug/Error,Phone,Basic,Agent_10,Medium,1.0,7.48,72,False,False,4,Resolved
TCK-103909,2025-02-26 00:00:00,Login/Authentication,Email,Pro,Agent_08,Critical,34.9,0.46,4,False,False,4,Resolved
TCK-103952,2025-02-26 00:00:00,Login/Authentication,Email,Basic,Agent_07,Medium,32.9,1.68,72,False,False,4,Resolved
TCK-101773,2025-02-26 02:32:00,Bug/Error,Chat,Enterprise,Agent_12,Medium,2.2,10.33,72,False,True,4,Unresolved - Pending Engineering
TCK-101856,2025-02-26 03:02:00,Login/Authentication,Phone,Free,Agent_07,Medium,4.3,1.66,72,False,False,5,Resolved
TCK-100371,2025-02-26 03:42:00,Billing/Invoicing,Chat,Pro,Agent_05,Medium,14.4,2.23,72,False,False,4,Resolved
TCK-102326,2025-02-26 04:24:00,Billing/Invoicing,Chat,Basic,Agent_10,Medium,6.3,0.78,72,False,False,5,Resolved
TCK-103244,2025-02-26 07:43:00,Billing/Invoicing,Email,Free,Agent_10,Low,27.9,2.58,120,False,False,4,Resolved
TCK-102223,2025-02-26 08:00:00,Login/Authentication,Chat,Free,Agent_08,Critical,1.0,2.38,4,False,False,4,Resolved
TCK-100670,2025-02-26 08:36:00,Billing/Invoicing,Email,Basic,Agent_08,Medium,12.1,2.02,72,False,False,4,Resolved
TCK-102905,2025-02-26 10:53:00,Integration/API,Chat,Free,Agent_09,Medium,26.1,17.02,72,False,False,3,Resolved - Workaround
TCK-102932,2025-02-26 13:19:00,Performance/Slowness,Email,Free,Agent_07,High,5.3,1.64,24,False,True,3,Resolved - Escalated
TCK-101798,2025-02-26 19:58:00,Login/Authentication,Chat,Free,Agent_12,Critical,4.0,0.18,4,False,False,4,Resolved
TCK-101740,2025-02-26 20:26:00,Bug/Error,Chat,Basic,Agent_03,Low,5.3,5.54,120,False,False,5,Resolved - Workaround
TCK-102406,2025-02-26 21:25:00,Bug/Error,Portal,Basic,Agent_05,High,29.5,11.6,24,False,False,4,Resolved
TCK-102459,2025-02-26 23:51:00,Data Export/Import,Email,Basic,Agent_08,Medium,100.9,4.93,72,False,False,3,Resolved
TCK-103833,2025-02-27 00:00:00,Account Setup,Email,Basic,Agent_10,High,7.1,0.68,24,False,False,3,Resolved
TCK-103576,2025-02-27 00:00:00,Feature Request,Portal,Pro,Agent_09,High,39.3,0.95,24,False,False,5,Resolved
TCK-103717,2025-02-27 00:00:00,Feature Request,Phone,Free,Agent_10,Low,3.7,34.78,120,False,True,2,Unresolved - Pending Engineering
TCK-102880,2025-02-27 01:29:00,Login/Authentication,Phone,Free,Agent_05,Low,5.5,2.68,120,False,False,4,Resolved
TCK-101201,2025-02-27 05:34:00,Integration/API,Chat,Pro,Agent_05,Low,21.4,16.24,120,False,False,4,Resolved - Workaround
TCK-103158,2025-02-27 11:22:00,Account Setup,Chat,Free,Agent_11,Low,15.9,2.84,120,False,False,5,Resolved
TCK-101365,2025-02-27 13:42:00,Login/Authentication,Chat,Pro,Agent_04,Medium,9.3,0.7,72,False,False,4,Resolved
TCK-100915,2025-02-27 14:28:00,Billing/Invoicing,Portal,Pro,Agent_06,Critical,21.4,1.62,4,False,False,4,Resolved - Workaround
TCK-100799,2025-02-27 19:06:00,Bug/Error,Chat,Free,Agent_10,Medium,26.8,0.22,72,False,False,4,Resolved
TCK-102041,2025-02-27 23:22:00,Bug/Error,Portal,Pro,Agent_09,Low,151.6,15.72,120,False,False,4,Resolved
TCK-102427,2025-02-27 23:51:00,Login/Authentication,Email,Free,Agent_06,Medium,9.2,1.62,72,False,False,3,Resolved
TCK-103788,2025-02-28 00:00:00,Billing/Invoicing,Chat,Free,Agent_06,Medium,1.0,0.75,72,False,False,5,Resolved
TCK-100768,2025-02-28 07:21:00,Billing/Invoicing,Chat,Pro,Agent_05,Medium,2.0,9.2,72,False,False,4,Resolved
TCK-101850,2025-02-28 12:21:00,Integration/API,Phone,Basic,Agent_05,Medium,1.0,26.42,72,False,False,3,Resolved - Workaround
TCK-100792,2025-02-28 12:41:00,Account Setup,Email,Pro,Agent_10,Low,100.4,3.13,120,False,False,5,Resolved
TCK-100967,2025-02-28 16:57:00,Billing/Invoicing,Email,Basic,Agent_06,Low,23.6,9.26,120,False,False,4,Resolved
TCK-101141,2025-02-28 17:16:00,Billing/Invoicing,Email,Basic,Agent_08,Low,189.8,2.25,120,False,False,4,Resolved
TCK-100980,2025-02-28 19:06:00,Performance/Slowness,Chat,Basic,Agent_06,High,1.9,6.78,24,False,True,3,Resolved - Escalated
TCK-101473,2025-02-28 20:13:00,Performance/Slowness,Email,Pro,Agent_03,High,4.3,6.11,24,False,True,2,Resolved - Escalated
TCK-102696,2025-02-28 21:22:00,Data Export/Import,Phone,Free,Agent_08,Medium,1.1,1.98,72,False,False,5,Resolved
TCK-103043,2025-03-01 00:29:00,Feature Request,Phone,Free,Agent_03,Medium,3.1,23.61,72,False,True,2,Resolved - Escalated
TCK-100701,2025-03-01 00:52:00,Account Setup,Email,Pro,Agent_12,High,29.2,1.0,24,False,False,5,Resolved
TCK-103113,2025-03-01 02:42:00,Login/Authentication,Chat,Free,Agent_05,Low,21.3,1.76,120,False,True,2,Unresolved - Pending Engineering
TCK-102651,2025-03-01 05:42:00,Billing/Invoicing,Chat,Free,Agent_02,High,6.6,0.65,24,False,False,5,Resolved
TCK-102044,2025-03-01 08:37:00,Data Export/Import,Phone,Free,Agent_06,Low,7.0,11.41,120,False,False,3,Resolved
TCK-102003,2025-03-01 12:08:00,Performance/Slowness,Portal,Free,Agent_01,High,21.6,0.5,24,False,False,5,Resolved
TCK-102170,2025-03-01 14:37:00,Login/Authentication,Portal,Basic,Agent_01,Medium,26.6,2.41,72,False,False,5,Resolved - Workaround
TCK-100474,2025-03-01 18:15:00,Feature Request,Email,Free,Agent_11,Medium,54.3,1.4,72,False,False,4,Resolved
TCK-102128,2025-03-01 18:24:00,Bug/Error,Chat,Free,Agent_12,Low,8.3,4.2,120,False,False,5,Resolved
TCK-102681,2025-03-01 19:45:00,Login/Authentication,Portal,Enterprise,Agent_03,High,34.8,0.27,24,False,False,5,Resolved - Workaround
TCK-101582,2025-03-02 00:38:00,Account Setup,Portal,Pro,Agent_02,Low,21.0,0.52,120,False,False,4,Resolved
TCK-102893,2025-03-02 08:12:00,Feature Request,Portal,Pro,Agent_02,Medium,1.3,20.9,72,False,False,3,Resolved
TCK-102623,2025-03-02 11:37:00,Data Export/Import,Chat,Pro,Agent_04,Low,9.6,10.13,120,False,False,4,Resolved
TCK-101737,2025-03-02 12:07:00,Billing/Invoicing,Email,Pro,Agent_02,Medium,1.0,0.75,72,False,False,3,Resolved
TCK-101983,2025-03-02 16:35:00,Billing/Invoicing,Chat,Enterprise,Agent_02,High,2.4,4.32,24,False,False,4,Resolved
TCK-100676,2025-03-02 16:44:00,Integration/API,Email,Free,Agent_06,Critical,7.8,1.57,4,False,False,4,Resolved
TCK-102580,2025-03-02 18:09:00,Login/Authentication,Email,Basic,Agent_02,Low,113.0,4.78,120,False,False,4,Resolved - Workaround
TCK-100873,2025-03-02 20:09:00,Feature Request,Chat,Pro,Agent_01,Low,12.2,116.51,120,False,False,4,Resolved
TCK-103685,2025-03-03 00:00:00,Bug/Error,Phone,Basic,Agent_08,Low,2.6,14.08,120,False,False,5,Resolved
TCK-103828,2025-03-03 00:00:00,Bug/Error,Chat,Free,Agent_09,Medium,6.1,3.61,72,False,False,4,Resolved
TCK-100524,2025-03-03 01:41:00,Integration/API,Email,Enterprise,Agent_05,Medium,75.6,24.54,72,False,False,4,Resolved
TCK-101922,2025-03-03 03:08:00,Integration/API,Chat,Basic,Agent_01,Medium,5.0,4.41,72,False,False,4,Resolved
TCK-100961,2025-03-03 04:43:00,Bug/Error,Chat,Basic,Agent_05,Low,1.3,30.74,120,False,False,3,Resolved
TCK-101318,2025-03-03 06:25:00,Login/Authentication,Portal,Pro,Agent_11,High,58.4,14.98,24,False,False,5,Resolved
TCK-102095,2025-03-03 06:30:00,Bug/Error,Chat,Pro,Agent_02,Critical,1.0,3.84,4,False,False,5,Resolved
TCK-102635,2025-03-03 06:40:00,Billing/Invoicing,Email,Basic,Agent_04,Low,22.4,26.26,120,False,False,4,Resolved
TCK-101268,2025-03-03 08:12:00,Login/Authentication,Email,Free,Agent_10,Medium,1.0,0.59,72,False,False,4,Resolved
TCK-100827,2025-03-03 10:53:00,Login/Authentication,Email,Basic,Agent_08,Critical,1.0,0.64,4,False,False,4,Resolved
TCK-102849,2025-03-03 14:02:00,Billing/Invoicing,Chat,Basic,Agent_11,Low,1.0,4.54,120,False,False,4,Resolved - Workaround
TCK-101555,2025-03-03 14:39:00,Data Export/Import,Phone,Pro,Agent_04,Medium,1.7,1.73,72,False,False,4,Resolved
TCK-102059,2025-03-03 14:56:00,Performance/Slowness,Chat,Pro,Agent_05,Medium,13.2,18.41,72,False,True,3,Resolved - Escalated
TCK-100672,2025-03-03 15:00:00,Bug/Error,Portal,Enterprise,Agent_05,High,3.2,4.32,24,False,True,3,Resolved - Escalated
TCK-101017,2025-03-03 18:43:00,Integration/API,Phone,Basic,Agent_01,Medium,4.9,8.35,72,False,False,4,Resolved
TCK-102472,2025-03-03 19:04:00,Login/Authentication,Phone,Pro,Agent_01,High,4.0,0.55,24,False,False,4,Resolved
TCK-100689,2025-03-03 21:12:00,Account Setup,Email,Free,Agent_01,Medium,15.6,0.42,72,False,True,3,Resolved - Escalated
TCK-102987,2025-03-03 21:52:00,Bug/Error,Email,Pro,Agent_08,Medium,10.9,3.96,72,False,False,5,Resolved
TCK-103148,2025-03-03 23:38:00,Billing/Invoicing,Phone,Pro,Agent_09,Low,8.6,1.47,120,False,False,3,Resolved
TCK-103978,2025-03-04 00:00:00,Bug/Error,Phone,Enterprise,Agent_06,Medium,1.0,6.09,72,False,False,4,Resolved
TCK-103688,2025-03-04 00:00:00,Login/Authentication,Portal,Pro,Agent_05,Medium,40.5,3.3,72,False,False,5,Resolved - Workaround
TCK-103672,2025-03-04 00:00:00,Account Setup,Portal,Enterprise,Agent_08,Medium,20.9,0.1,72,False,False,4,Resolved
TCK-102388,2025-03-04 01:50:00,Login/Authentication,Chat,Free,Agent_04,Medium,2.2,2.05,72,False,True,3,Unresolved - Pending Engineering
TCK-101375,2025-03-04 03:06:00,Integration/API,Portal,Basic,Agent_08,Low,97.6,81.0,120,False,False,5,Resolved
TCK-103176,2025-03-04 05:00:00,Performance/Slowness,Phone,Free,Agent_07,Low,1.4,9.15,120,False,True,3,Resolved - Escalated
TCK-100835,2025-03-04 10:58:00,Login/Authentication,Email,Basic,Agent_08,High,4.9,2.91,24,False,False,4,Resolved
TCK-102074,2025-03-04 12:49:00,Bug/Error,Email,Basic,Agent_05,High,37.1,9.4,24,False,False,4,Resolved - Workaround
TCK-100004,2025-03-04 21:57:00,Data Export/Import,Email,Pro,Agent_01,Medium,41.8,2.02,72,False,True,4,Resolved - Escalated
TCK-102334,2025-03-04 22:05:00,Account Setup,Chat,Basic,Agent_12,Low,23.3,5.15,120,False,False,5,Resolved
TCK-101822,2025-03-04 23:29:00,Feature Request,Chat,Basic,Agent_09,Medium,12.3,49.1,72,False,True,3,Unresolved - Pending Engineering
TCK-103501,2025-03-05 00:00:00,Login/Authentication,Portal,Free,Agent_11,Low,41.1,1.04,120,False,True,2,Resolved - Escalated
TCK-102075,2025-03-05 00:03:00,Feature Request,Email,Free,Agent_08,High,75.4,5.31,24,False,True,2,Resolved - Escalated
TCK-100671,2025-03-05 02:51:00,Account Setup,Portal,Free,Agent_05,Medium,6.3,0.92,72,False,False,3,Resolved - Workaround
TCK-102853,2025-03-05 04:02:00,Billing/Invoicing,Email,Free,Agent_02,Critical,19.9,1.08,4,False,True,4,Resolved - Escalated
TCK-102628,2025-03-05 05:12:00,Data Export/Import,Email,Basic,Agent_12,High,60.8,5.01,24,False,False,3,Resolved
TCK-101206,2025-03-05 05:50:00,Bug/Error,Phone,Pro,Agent_01,Critical,1.0,0.33,4,False,False,4,Resolved
TCK-101564,2025-03-05 07:31:00,Bug/Error,Email,Pro,Agent_01,Medium,21.9,62.61,72,False,True,3,Unresolved - Pending Engineering
TCK-102200,2025-03-05 09:19:00,Integration/API,Email,Free,Agent_12,Medium,47.2,5.75,72,False,False,3,Resolved
TCK-100422,2025-03-05 12:32:00,Performance/Slowness,Portal,Basic,Agent_04,High,40.2,3.08,24,False,True,3,Resolved - Escalated
TCK-103222,2025-03-05 15:03:00,Bug/Error,Email,Pro,Agent_05,Low,98.1,8.81,120,False,False,3,Resolved
TCK-102161,2025-03-05 19:48:00,Login/Authentication,Chat,Basic,Agent_03,Critical,1.0,0.79,4,False,False,4,Resolved
TCK-100459,2025-03-05 19:59:00,Data Export/Import,Email,Free,Agent_09,Medium,3.2,5.63,72,False,False,3,Resolved
TCK-102278,2025-03-05 21:04:00,Billing/Invoicing,Portal,Pro,Agent_11,Low,28.7,1.24,120,False,False,5,Resolved
TCK-102794,2025-03-05 21:09:00,Login/Authentication,Portal,Free,Agent_08,Medium,100.8,0.64,72,False,False,4,Resolved
TCK-103979,2025-03-06 00:00:00,Integration/API,Phone,Free,Agent_04,Critical,1.0,0.5,4,False,False,5,Resolved
TCK-100888,2025-03-06 00:54:00,Data Export/Import,Chat,Pro,Agent_02,Medium,10.6,2.77,72,False,False,3,Resolved
TCK-102263,2025-03-06 01:39:00,Billing/Invoicing,Portal,Pro,Agent_06,Low,151.4,3.03,120,False,False,4,Resolved
TCK-102314,2025-03-06 03:39:00,Account Setup,Chat,Pro,Agent_05,Low,9.9,1.37,120,False,False,5,Resolved
TCK-101380,2025-03-06 03:42:00,Bug/Error,Chat,Enterprise,Agent_07,High,5.2,2.58,24,False,False,4,Resolved
TCK-102702,2025-03-06 03:47:00,Bug/Error,Chat,Free,Agent_06,High,3.8,5.67,24,False,False,5,Resolved
TCK-100267,2025-03-06 10:04:00,Bug/Error,Email,Free,Agent_01,Critical,7.4,1.13,4,False,False,4,Resolved
TCK-102575,2025-03-06 10:17:00,Integration/API,Portal,Basic,Agent_01,Medium,1.5,48.67,72,False,False,4,Resolved - Workaround
TCK-100199,2025-03-06 10:29:00,Integration/API,Portal,Basic,Agent_01,Medium,2.2,23.31,72,False,True,2,Resolved - Escalated
TCK-103210,2025-03-06 14:07:00,Data Export/Import,Portal,Free,Agent_12,Low,159.3,5.48,120,False,True,2,Resolved - Escalated
TCK-102690,2025-03-06 18:38:00,Login/Authentication,Email,Free,Agent_07,Low,198.2,17.51,120,False,True,2,Resolved - Escalated
TCK-103192,2025-03-06 19:54:00,Login/Authentication,Portal,Free,Agent_06,Medium,1.0,1.68,72,False,False,5,Resolved
TCK-102214,2025-03-06 21:47:00,Feature Request,Portal,Basic,Agent_02,High,22.6,20.18,24,False,False,4,Resolved
TCK-103343,2025-03-06 22:41:00,Bug/Error,Email,Basic,Agent_04,High,4.1,8.0,24,False,True,2,Resolved - Escalated
TCK-103430,2025-03-07 00:00:00,Login/Authentication,Email,Free,Agent_09,Medium,21.1,0.37,72,False,False,5,Resolved
TCK-103753,2025-03-07 00:00:00,Account Setup,Email,Pro,Agent_02,Low,93.3,13.95,120,False,False,5,Resolved
TCK-103628,2025-03-07 00:00:00,Billing/Invoicing,Portal,Basic,Agent_01,Medium,13.8,2.42,72,False,False,4,Resolved
TCK-103535,2025-03-07 00:00:00,Billing/Invoicing,Chat,Free,Agent_01,Low,19.5,4.88,120,False,False,5,Resolved
TCK-100771,2025-03-07 03:46:00,Account Setup,Chat,Free,Agent_08,High,11.1,1.92,24,False,False,4,Resolved
TCK-103248,2025-03-07 06:11:00,Billing/Invoicing,Phone,Free,Agent_04,Low,1.4,2.83,120,False,False,4,Resolved
TCK-100824,2025-03-07 06:46:00,Bug/Error,Chat,Free,Agent_05,High,1.0,8.54,24,False,False,5,Resolved
TCK-103157,2025-03-07 10:38:00,Billing/Invoicing,Chat,Free,Agent_08,High,9.7,0.36,24,False,False,3,Resolved
TCK-101866,2025-03-07 11:03:00,Login/Authentication,Email,Free,Agent_02,High,21.3,2.12,24,False,False,4,Resolved
TCK-102348,2025-03-07 11:28:00,Login/Authentication,Email,Free,Agent_04,Low,28.3,1.32,120,False,True,3,Resolved - Escalated
TCK-102855,2025-03-07 16:18:00,Bug/Error,Email,Free,Agent_12,Critical,38.4,1.29,4,False,False,4,Resolved
TCK-101795,2025-03-07 18:30:00,Bug/Error,Email,Free,Agent_04,Critical,29.9,0.61,4,False,True,2,Unresolved - Pending Engineering
TCK-103288,2025-03-07 18:32:00,Bug/Error,Portal,Free,Agent_12,Medium,146.3,3.07,72,False,False,4,Resolved
TCK-103121,2025-03-07 20:11:00,Account Setup,Email,Basic,Agent_10,Low,19.5,2.78,120,False,False,4,Resolved
TCK-100058,2025-03-07 20:25:00,Bug/Error,Chat,Basic,Agent_11,Critical,1.0,2.87,4,False,False,5,Resolved
TCK-101461,2025-03-07 22:24:00,Data Export/Import,Chat,Free,Agent_02,Low,9.8,12.36,120,False,False,5,Resolved
TCK-101343,2025-03-08 01:36:00,Integration/API,Portal,Pro,Agent_08,Medium,55.7,34.09,72,False,True,2,Resolved - Escalated
TCK-101093,2025-03-08 02:00:00,Login/Authentication,Email,Basic,Agent_11,Medium,12.3,0.83,72,False,False,4,Resolved
TCK-102376,2025-03-08 06:00:00,Performance/Slowness,Portal,Free,Agent_09,Medium,14.4,5.7,72,False,False,5,Resolved - Workaround
TCK-103024,2025-03-08 10:59:00,Billing/Invoicing,Portal,Free,Agent_08,Medium,40.0,1.43,72,False,False,4,Resolved
TCK-100470,2025-03-08 11:58:00,Account Setup,Phone,Pro,Agent_12,Medium,3.9,5.54,72,False,False,5,Resolved
TCK-101478,2025-03-08 15:18:00,Feature Request,Portal,Basic,Agent_11,Low,6.0,28.02,120,False,False,4,Resolved
TCK-101485,2025-03-09 08:55:00,Account Setup,Email,Free,Agent_09,Low,43.9,0.69,120,False,False,4,Resolved
TCK-100673,2025-03-09 15:31:00,Data Export/Import,Portal,Pro,Agent_04,Critical,46.4,1.7,4,False,False,5,Resolved - Workaround
TCK-101223,2025-03-09 17:32:00,Data Export/Import,Chat,Enterprise,Agent_04,Medium,24.7,2.88,72,False,False,4,Resolved
TCK-100119,2025-03-09 18:59:00,Feature Request,Chat,Free,Agent_02,Medium,15.0,36.71,72,False,False,4,Resolved - Workaround
TCK-103578,2025-03-10 00:00:00,Billing/Invoicing,Email,Pro,Agent_06,High,14.8,2.79,24,False,False,5,Resolved - Workaround
TCK-103719,2025-03-10 00:00:00,Integration/API,Email,Pro,Agent_03,Medium,1.0,4.39,72,False,True,3,Resolved - Escalated
TCK-100452,2025-03-10 01:02:00,Billing/Invoicing,Chat,Free,Agent_09,High,1.8,5.29,24,False,False,5,Resolved
TCK-101770,2025-03-10 02:24:00,Account Setup,Portal,Pro,Agent_01,Low,4.8,1.45,120,False,False,4,Resolved
TCK-100972,2025-03-10 05:17:00,Bug/Error,Chat,Pro,Agent_11,Medium,7.5,14.63,72,False,False,4,Resolved
TCK-102809,2025-03-10 07:24:00,Billing/Invoicing,Phone,Basic,Agent_07,Critical,2.3,0.27,4,False,True,3,Resolved - Escalated
TCK-102917,2025-03-10 11:57:00,Billing/Invoicing,Email,Basic,Agent_10,Medium,92.3,2.79,72,False,False,4,Resolved
TCK-100442,2025-03-10 12:35:00,Billing/Invoicing,Chat,Enterprise,Agent_10,Medium,5.6,0.64,72,False,False,4,Resolved
TCK-103063,2025-03-10 14:42:00,Integration/API,Chat,Pro,Agent_11,Critical,5.2,2.43,4,False,True,2,Resolved - Escalated
TCK-102943,2025-03-10 15:29:00,Integration/API,Phone,Basic,Agent_06,Medium,1.6,8.41,72,False,False,5,Resolved
TCK-102464,2025-03-10 15:59:00,Bug/Error,Phone,Pro,Agent_06,High,1.0,4.19,24,False,True,4,Unresolved - Pending Engineering
TCK-102669,2025-03-10 17:29:00,Performance/Slowness,Chat,Basic,Agent_08,Low,2.7,1.24,120,False,False,3,Resolved
TCK-100725,2025-03-10 22:48:00,Login/Authentication,Chat,Pro,Agent_12,High,3.3,1.41,24,False,False,5,Resolved
TCK-103569,2025-03-11 00:00:00,Integration/API,Phone,Pro,Agent_12,Medium,5.4,12.77,72,False,False,3,Resolved - Workaround
TCK-103818,2025-03-11 00:00:00,Performance/Slowness,Portal,Pro,Agent_01,Low,215.6,17.26,120,False,False,4,Resolved
TCK-103711,2025-03-11 00:00:00,Integration/API,Email,Basic,Agent_05,High,2.8,6.76,24,False,False,4,Resolved
TCK-103526,2025-03-11 00:00:00,Integration/API,Portal,Free,Agent_11,Medium,28.5,19.43,72,False,False,4,Resolved
TCK-100526,2025-03-11 01:41:00,Data Export/Import,Chat,Free,Agent_11,Medium,4.4,12.48,72,False,False,4,Resolved
TCK-103101,2025-03-11 03:17:00,Login/Authentication,Portal,Basic,Agent_07,High,44.2,1.37,24,False,False,5,Resolved
TCK-100970,2025-03-11 05:35:00,Integration/API,Chat,Pro,Agent_06,High,1.5,35.71,24,True,True,2,Resolved - Escalated
TCK-102560,2025-03-11 07:00:00,Feature Request,Chat,Basic,Agent_08,Critical,4.0,4.88,4,True,False,4,Resolved
TCK-101891,2025-03-11 10:39:00,Login/Authentication,Chat,Pro,Agent_05,High,1.6,0.24,24,False,False,4,Resolved
TCK-100704,2025-03-11 11:39:00,Billing/Invoicing,Chat,Pro,Agent_08,Medium,29.5,3.58,72,False,False,3,Resolved
TCK-103323,2025-03-11 12:20:00,Feature Request,Chat,Free,Agent_04,Medium,6.2,20.07,72,False,False,3,Resolved
TCK-100184,2025-03-11 13:34:00,Bug/Error,Phone,Pro,Agent_01,Medium,1.5,11.86,72,False,True,3,Unresolved - Pending Engineering
TCK-101912,2025-03-11 17:36:00,Bug/Error,Email,Free,Agent_06,Low,83.9,58.74,120,False,False,4,Resolved - Workaround
TCK-100682,2025-03-11 19:41:00,Login/Authentication,Email,Basic,Agent_07,Critical,11.0,1.26,4,False,False,4,Resolved
TCK-101923,2025-03-11 22:14:00,Account Setup,Email,Free,Agent_05,Critical,2.7,0.31,4,False,False,4,Resolved
TCK-103278,2025-03-11 23:49:00,Bug/Error,Email,Basic,Agent_10,Medium,2.8,5.06,72,False,False,4,Resolved
TCK-103967,2025-03-12 00:00:00,Bug/Error,Email,Basic,Agent_09,High,8.8,1.16,24,False,False,4,Resolved
TCK-103840,2025-03-12 00:00:00,Integration/API,Email,Free,Agent_01,Medium,26.1,48.83,72,False,False,3,Resolved - Workaround
TCK-102622,2025-03-12 00:24:00,Login/Authentication,Email,Free,Agent_02,High,36.3,2.48,24,False,False,5,Resolved
TCK-100481,2025-03-12 01:30:00,Login/Authentication,Email,Basic,Agent_04,High,33.0,0.87,24,False,False,4,Resolved
TCK-102538,2025-03-12 02:39:00,Data Export/Import,Portal,Basic,Agent_11,Medium,40.2,2.13,72,False,False,4,Resolved
TCK-102720,2025-03-12 03:02:00,Performance/Slowness,Email,Free,Agent_04,High,24.1,3.65,24,False,True,2,Resolved - Escalated
TCK-102210,2025-03-12 05:10:00,Bug/Error,Email,Pro,Agent_06,High,12.4,6.37,24,False,False,4,Resolved - Workaround
TCK-100479,2025-03-12 08:58:00,Performance/Slowness,Email,Basic,Agent_09,High,38.0,5.91,24,False,False,3,Resolved
TCK-102015,2025-03-12 11:40:00,Account Setup,Email,Basic,Agent_08,Low,228.1,0.63,120,False,True,3,Resolved - Escalated
TCK-100753,2025-03-12 12:03:00,Account Setup,Chat,Free,Agent_01,High,1.2,1.82,24,False,False,5,Resolved
TCK-100418,2025-03-12 13:30:00,Feature Request,Email,Pro,Agent_04,Low,32.9,40.69,120,False,False,4,Resolved
TCK-100739,2025-03-12 18:48:00,Bug/Error,Email,Free,Agent_06,Medium,40.3,19.53,72,False,False,4,Resolved - Workaround
TCK-102317,2025-03-12 19:55:00,Billing/Invoicing,Email,Free,Agent_04,High,6.6,0.1,24,False,False,5,Resolved
TCK-101499,2025-03-12 22:20:00,Billing/Invoicing,Chat,Pro,Agent_05,Medium,3.4,5.47,72,False,False,4,Resolved
TCK-102447,2025-03-12 22:42:00,Billing/Invoicing,Portal,Free,Agent_05,Medium,188.0,5.06,72,False,False,5,Resolved - Workaround
TCK-100830,2025-03-13 08:23:00,Data Export/Import,Chat,Basic,Agent_10,Medium,1.4,13.02,72,False,False,4,Resolved
TCK-100279,2025-03-13 10:38:00,Bug/Error,Phone,Basic,Agent_09,Medium,3.3,12.55,72,False,False,4,Resolved
TCK-101984,2025-03-13 10:44:00,Performance/Slowness,Email,Basic,Agent_04,Medium,26.3,9.05,72,False,False,4,Resolved
TCK-101198,2025-03-13 11:20:00,Integration/API,Chat,Pro,Agent_10,High,2.0,1.48,24,False,False,4,Resolved
TCK-103135,2025-03-13 11:54:00,Integration/API,Portal,Pro,Agent_07,High,3.5,4.21,24,False,False,5,Resolved
TCK-101825,2025-03-13 11:58:00,Bug/Error,Email,Free,Agent_12,High,74.6,0.6,24,False,False,4,Resolved
TCK-100033,2025-03-13 12:29:00,Integration/API,Phone,Basic,Agent_04,Medium,5.7,17.92,72,False,False,4,Resolved
TCK-102288,2025-03-13 15:22:00,Bug/Error,Phone,Pro,Agent_12,Medium,4.0,1.51,72,False,False,5,Resolved
TCK-103325,2025-03-13 15:39:00,Account Setup,Email,Basic,Agent_01,High,112.1,0.47,24,False,True,3,Resolved - Escalated
TCK-102620,2025-03-13 18:16:00,Login/Authentication,Email,Basic,Agent_04,Medium,57.2,3.68,72,False,False,5,Resolved
TCK-103275,2025-03-13 18:38:00,Account Setup,Email,Free,Agent_03,Low,35.7,0.73,120,False,False,4,Resolved
TCK-103459,2025-03-14 00:00:00,Integration/API,Phone,Free,Agent_07,High,1.0,13.33,24,False,False,5,Resolved
TCK-103665,2025-03-14 00:00:00,Bug/Error,Email,Pro,Agent_03,Medium,29.9,9.32,72,False,True,3,Resolved - Escalated
TCK-101624,2025-03-14 13:11:00,Login/Authentication,Phone,Basic,Agent_02,High,2.7,12.27,24,False,False,4,Resolved
TCK-100846,2025-03-14 15:03:00,Bug/Error,Email,Pro,Agent_04,Medium,79.7,1.69,72,False,False,4,Resolved
TCK-100769,2025-03-14 16:12:00,Login/Authentication,Email,Free,Agent_09,Low,15.0,3.52,120,False,False,4,Resolved - Workaround
TCK-100655,2025-03-15 02:59:00,Login/Authentication,Email,Basic,Agent_10,High,13.6,4.83,24,False,False,4,Resolved - Workaround
TCK-100733,2025-03-15 04:03:00,Account Setup,Portal,Free,Agent_11,Low,51.0,10.5,120,False,False,5,Resolved
TCK-102524,2025-03-15 11:34:00,Billing/Invoicing,Portal,Free,Agent_03,Medium,87.2,12.84,72,False,False,5,Resolved
TCK-103340,2025-03-15 12:38:00,Login/Authentication,Portal,Free,Agent_10,High,10.6,4.08,24,False,False,5,Resolved
TCK-101325,2025-03-15 20:56:00,Integration/API,Portal,Enterprise,Agent_07,High,46.2,3.96,24,False,True,3,Unresolved - Pending Engineering
TCK-100434,2025-03-15 22:47:00,Integration/API,Chat,Free,Agent_10,Low,11.6,19.2,120,False,False,4,Resolved
TCK-101746,2025-03-16 04:43:00,Bug/Error,Email,Basic,Agent_09,Low,41.3,3.95,120,False,False,5,Resolved
TCK-102885,2025-03-16 06:20:00,Feature Request,Portal,Free,Agent_04,Low,72.0,35.85,120,False,False,4,Resolved - Workaround
TCK-102133,2025-03-16 12:13:00,Login/Authentication,Phone,Basic,Agent_06,Medium,4.2,2.1,72,False,False,4,Resolved
TCK-100036,2025-03-16 19:38:00,Integration/API,Email,Free,Agent_04,Low,7.3,4.21,120,False,False,3,Resolved
TCK-103812,2025-03-17 00:00:00,Data Export/Import,Email,Free,Agent_08,High,6.6,9.44,24,False,False,4,Resolved - Workaround
TCK-103934,2025-03-17 00:00:00,Bug/Error,Chat,Free,Agent_02,High,2.8,3.54,24,False,False,5,Resolved
TCK-103757,2025-03-17 00:00:00,Performance/Slowness,Phone,Pro,Agent_09,High,1.5,3.63,24,False,False,3,Resolved
TCK-101854,2025-03-17 02:23:00,Login/Authentication,Chat,Basic,Agent_01,Medium,2.9,5.3,72,False,False,4,Resolved
TCK-100686,2025-03-17 03:29:00,Performance/Slowness,Phone,Basic,Agent_08,Medium,1.7,6.12,72,False,False,4,Resolved
TCK-103016,2025-03-17 07:24:00,Integration/API,Portal,Pro,Agent_06,High,51.8,3.83,24,False,False,3,Resolved - Workaround
TCK-101085,2025-03-17 11:19:00,Integration/API,Chat,Enterprise,Agent_04,Medium,4.2,0.67,72,False,False,4,Resolved
TCK-101651,2025-03-17 13:12:00,Login/Authentication,Portal,Basic,Agent_05,Critical,25.6,0.24,4,False,False,4,Resolved
TCK-101064,2025-03-17 14:04:00,Login/Authentication,Chat,Free,Agent_06,High,11.9,0.14,24,False,False,5,Resolved
TCK-101548,2025-03-17 14:28:00,Integration/API,Phone,Basic,Agent_04,Low,1.4,20.07,120,False,False,4,Resolved
TCK-100131,2025-03-17 15:15:00,Billing/Invoicing,Portal,Pro,Agent_03,Low,2.2,4.2,120,False,False,5,Resolved - Workaround
TCK-102382,2025-03-17 15:34:00,Login/Authentication,Chat,Free,Agent_04,High,1.9,2.63,24,False,False,4,Resolved
TCK-102882,2025-03-17 17:38:00,Account Setup,Email,Free,Agent_05,Medium,12.7,0.16,72,False,False,5,Resolved
TCK-101671,2025-03-17 18:15:00,Performance/Slowness,Chat,Enterprise,Agent_02,High,2.3,0.22,24,False,True,3,Resolved - Escalated
TCK-100021,2025-03-17 18:37:00,Login/Authentication,Chat,Enterprise,Agent_07,High,1.0,3.35,24,False,False,4,Resolved
TCK-103507,2025-03-18 00:00:00,Feature Request,Phone,Basic,Agent_06,Low,9.4,31.12,120,False,True,4,Resolved - Escalated
TCK-103988,2025-03-18 00:00:00,Performance/Slowness,Email,Pro,Agent_04,Critical,6.9,2.41,4,False,False,4,Resolved - Workaround
TCK-103822,2025-03-18 00:00:00,Integration/API,Chat,Pro,Agent_12,High,4.1,7.09,24,False,False,5,Resolved
TCK-102754,2025-03-18 07:34:00,Data Export/Import,Portal,Free,Agent_06,High,32.9,0.21,24,False,True,2,Unresolved - Pending Engineering
TCK-100468,2025-03-18 07:37:00,Login/Authentication,Phone,Basic,Agent_06,Critical,6.3,0.53,4,False,False,5,Resolved
TCK-101755,2025-03-18 10:27:00,Bug/Error,Portal,Free,Agent_11,High,20.2,2.5,24,False,False,4,Resolved
TCK-102648,2025-03-18 11:51:00,Account Setup,Email,Pro,Agent_04,Low,3.3,0.27,120,False,False,4,Resolved
TCK-101823,2025-03-18 18:18:00,Account Setup,Email,Free,Agent_10,Low,185.9,2.38,120,False,False,4,Resolved
TCK-102292,2025-03-18 21:56:00,Bug/Error,Portal,Free,Agent_11,High,20.4,15.31,24,False,False,4,Resolved
TCK-103027,2025-03-18 22:51:00,Data Export/Import,Portal,Free,Agent_05,Medium,165.0,2.09,72,False,False,5,Resolved
TCK-103993,2025-03-19 00:00:00,Billing/Invoicing,Email,Free,Agent_02,Low,60.7,24.86,120,False,False,3,Resolved
TCK-102389,2025-03-19 01:31:00,Data Export/Import,Email,Basic,Agent_03,Medium,11.4,4.66,72,False,False,3,Resolved
TCK-103296,2025-03-19 07:49:00,Bug/Error,Portal,Free,Agent_03,High,7.2,1.76,24,False,True,3,Resolved - Escalated
TCK-100117,2025-03-19 08:21:00,Bug/Error,Chat,Free,Agent_09,Medium,3.8,14.98,72,False,False,5,Resolved - Workaround
TCK-101724,2025-03-19 08:52:00,Feature Request,Email,Basic,Agent_05,Medium,19.6,29.14,72,False,False,4,Resolved - Workaround
TCK-100742,2025-03-19 15:05:00,Integration/API,Email,Pro,Agent_01,Medium,117.8,12.05,72,False,False,4,Resolved
TCK-103080,2025-03-19 15:09:00,Bug/Error,Phone,Pro,Agent_05,High,1.3,29.84,24,True,False,3,Resolved
TCK-103357,2025-03-19 16:41:00,Feature Request,Portal,Basic,Agent_04,Low,13.6,15.43,120,False,False,5,Resolved
TCK-103033,2025-03-19 17:59:00,Login/Authentication,Portal,Free,Agent_04,Medium,36.3,0.19,72,False,True,3,Unresolved - Pending Engineering
TCK-103268,2025-03-19 18:06:00,Performance/Slowness,Email,Basic,Agent_10,Medium,83.8,51.4,72,False,False,3,Resolved
TCK-102534,2025-03-19 18:48:00,Bug/Error,Chat,Free,Agent_04,Medium,10.4,12.01,72,False,False,4,Resolved
TCK-103007,2025-03-19 18:59:00,Integration/API,Phone,Pro,Agent_07,Medium,4.9,18.09,72,False,False,5,Resolved
TCK-103680,2025-03-20 00:00:00,Login/Authentication,Email,Basic,Agent_10,Critical,11.5,0.4,4,False,False,4,Resolved - Workaround
TCK-103600,2025-03-20 00:00:00,Bug/Error,Phone,Basic,Agent_04,High,2.8,10.34,24,False,False,5,Resolved
TCK-101180,2025-03-20 00:01:00,Login/Authentication,Phone,Pro,Agent_02,High,2.1,0.52,24,False,False,3,Resolved
TCK-100224,2025-03-20 01:50:00,Login/Authentication,Phone,Free,Agent_11,Critical,1.4,3.24,4,False,False,5,Resolved
TCK-100538,2025-03-20 02:24:00,Login/Authentication,Email,Basic,Agent_07,Medium,32.4,1.2,72,False,False,4,Resolved
TCK-100444,2025-03-20 02:29:00,Login/Authentication,Phone,Basic,Agent_09,Medium,1.0,0.48,72,False,False,4,Resolved
TCK-102419,2025-03-20 03:29:00,Data Export/Import,Email,Free,Agent_06,Low,62.3,3.67,120,False,True,3,Unresolved - Pending Engineering
TCK-100947,2025-03-20 03:43:00,Billing/Invoicing,Email,Free,Agent_06,High,9.6,3.52,24,False,False,4,Resolved
TCK-101670,2025-03-20 05:48:00,Billing/Invoicing,Chat,Pro,Agent_04,Low,10.1,7.86,120,False,False,4,Resolved
TCK-101038,2025-03-20 06:04:00,Bug/Error,Email,Enterprise,Agent_09,Low,326.3,64.17,120,False,False,4,Resolved
TCK-102982,2025-03-20 08:34:00,Billing/Invoicing,Email,Pro,Agent_05,Low,69.8,24.98,120,False,False,4,Resolved
TCK-102646,2025-03-20 09:31:00,Login/Authentication,Chat,Enterprise,Agent_06,High,7.5,3.63,24,False,False,4,Resolved
TCK-100326,2025-03-20 13:21:00,Data Export/Import,Portal,Basic,Agent_02,Medium,42.2,8.7,72,False,False,5,Resolved
TCK-102119,2025-03-20 13:54:00,Integration/API,Chat,Pro,Agent_07,High,19.5,2.04,24,False,False,4,Resolved
TCK-101112,2025-03-20 15:40:00,Billing/Invoicing,Chat,Basic,Agent_04,Medium,3.0,2.09,72,False,True,2,Unresolved - Pending Engineering
TCK-101169,2025-03-20 15:59:00,Login/Authentication,Portal,Free,Agent_08,Medium,16.8,1.24,72,False,True,3,Resolved - Escalated
TCK-102759,2025-03-20 18:13:00,Performance/Slowness,Email,Free,Agent_01,High,26.6,1.15,24,False,False,4,Resolved
TCK-102643,2025-03-20 18:24:00,Bug/Error,Chat,Free,Agent_12,High,1.8,0.13,24,False,False,5,Resolved
TCK-101109,2025-03-20 20:00:00,Performance/Slowness,Chat,Free,Agent_07,High,12.7,20.86,24,False,True,3,Resolved - Escalated
TCK-103903,2025-03-21 00:00:00,Bug/Error,Chat,Basic,Agent_11,Medium,1.5,4.13,72,False,False,4,Resolved
TCK-103927,2025-03-21 00:00:00,Login/Authentication,Portal,Free,Agent_12,High,86.6,0.13,24,False,False,4,Resolved
TCK-103456,2025-03-21 00:00:00,Performance/Slowness,Phone,Pro,Agent_10,Low,1.8,22.08,120,False,False,3,Resolved
TCK-103348,2025-03-21 05:45:00,Login/Authentication,Email,Free,Agent_01,High,43.5,1.16,24,False,False,4,Resolved
TCK-102430,2025-03-21 06:08:00,Bug/Error,Chat,Free,Agent_07,High,1.0,21.02,24,False,False,4,Resolved
TCK-101646,2025-03-21 08:06:00,Bug/Error,Email,Free,Agent_05,High,18.1,1.04,24,False,True,3,Unresolved - Pending Engineering
TCK-102687,2025-03-21 08:52:00,Login/Authentication,Email,Free,Agent_07,High,29.6,1.29,24,False,True,3,Resolved - Escalated
TCK-102197,2025-03-21 09:17:00,Bug/Error,Email,Pro,Agent_08,High,3.0,6.58,24,False,True,1,Resolved - Escalated
TCK-102193,2025-03-21 09:46:00,Integration/API,Chat,Basic,Agent_10,Medium,23.9,12.6,72,False,False,4,Resolved
TCK-101665,2025-03-21 09:54:00,Login/Authentication,Email,Enterprise,Agent_01,Medium,39.7,0.13,72,False,False,3,Resolved
TCK-103018,2025-03-21 11:17:00,Account Setup,Chat,Pro,Agent_09,Medium,1.0,1.35,72,False,False,5,Resolved
TCK-101889,2025-03-21 11:38:00,Integration/API,Chat,Pro,Agent_02,Low,2.3,7.4,120,False,True,3,Unresolved - Pending Engineering
TCK-100580,2025-03-21 12:21:00,Login/Authentication,Phone,Pro,Agent_11,High,1.0,0.35,24,False,False,4,Resolved
TCK-101245,2025-03-21 15:24:00,Feature Request,Email,Free,Agent_01,High,9.7,27.56,24,True,False,4,Resolved - Workaround
TCK-102243,2025-03-21 17:04:00,Integration/API,Portal,Pro,Agent_03,High,6.8,0.54,24,False,False,3,Resolved
TCK-100450,2025-03-21 22:11:00,Data Export/Import,Phone,Pro,Agent_05,Low,15.5,2.34,120,False,False,5,Resolved
TCK-100069,2025-03-21 22:32:00,Login/Authentication,Portal,Pro,Agent_12,Medium,253.0,2.68,72,False,False,5,Resolved
TCK-100347,2025-03-22 00:23:00,Integration/API,Chat,Pro,Agent_11,High,5.4,5.57,24,False,False,5,Resolved - Workaround
TCK-103066,2025-03-22 18:41:00,Bug/Error,Chat,Enterprise,Agent_10,Low,2.4,18.08,120,False,False,5,Resolved
TCK-101233,2025-03-23 11:10:00,Data Export/Import,Chat,Basic,Agent_10,Medium,1.0,2.15,72,False,False,5,Resolved
TCK-101905,2025-03-23 20:52:00,Data Export/Import,Portal,Pro,Agent_11,Medium,16.9,8.34,72,False,False,5,Resolved
TCK-103807,2025-03-24 00:00:00,Bug/Error,Email,Pro,Agent_03,Medium,96.0,1.93,72,False,True,3,Resolved - Escalated
TCK-101383,2025-03-24 00:32:00,Integration/API,Phone,Pro,Agent_03,Medium,1.0,4.72,72,False,False,5,Resolved
TCK-102099,2025-03-24 00:34:00,Login/Authentication,Chat,Basic,Agent_03,Medium,1.3,9.29,72,False,False,4,Resolved
TCK-101010,2025-03-24 05:15:00,Integration/API,Email,Free,Agent_01,Low,112.4,29.34,120,False,True,3,Resolved - Escalated
TCK-102831,2025-03-24 05:34:00,Performance/Slowness,Phone,Free,Agent_01,Low,3.3,2.47,120,False,True,2,Resolved - Escalated
TCK-101323,2025-03-24 06:42:00,Integration/API,Email,Pro,Agent_04,Medium,33.1,1.97,72,False,True,2,Resolved - Escalated
TCK-100019,2025-03-24 06:48:00,Bug/Error,Phone,Basic,Agent_07,Medium,1.1,0.93,72,False,False,5,Resolved
TCK-103265,2025-03-24 07:38:00,Data Export/Import,Phone,Free,Agent_09,High,1.4,2.68,24,False,False,5,Resolved
TCK-102748,2025-03-24 10:30:00,Billing/Invoicing,Portal,Basic,Agent_11,Low,97.5,8.48,120,False,False,5,Resolved
TCK-100046,2025-03-24 10:44:00,Feature Request,Portal,Free,Agent_05,High,10.8,16.06,24,False,False,4,Resolved
TCK-103054,2025-03-24 11:00:00,Performance/Slowness,Chat,Pro,Agent_12,High,2.2,1.88,24,False,False,3,Resolved - Workaround
TCK-100077,2025-03-24 11:56:00,Billing/Invoicing,Email,Free,Agent_09,High,24.9,0.23,24,False,False,4,Resolved - Workaround
TCK-100723,2025-03-24 18:17:00,Bug/Error,Email,Free,Agent_06,Medium,24.7,4.16,72,False,True,1,Resolved - Escalated
TCK-101916,2025-03-24 18:22:00,Integration/API,Email,Basic,Agent_12,Low,12.7,14.06,120,False,False,4,Resolved - Workaround
TCK-103723,2025-03-25 00:00:00,Data Export/Import,Portal,Basic,Agent_08,Medium,1.0,3.27,72,False,False,4,Resolved
TCK-103854,2025-03-25 00:00:00,Bug/Error,Chat,Free,Agent_12,Medium,6.8,5.77,72,False,True,1,Resolved - Escalated
TCK-103583,2025-03-25 00:00:00,Login/Authentication,Portal,Pro,Agent_08,Critical,4.6,0.93,4,False,False,4,Resolved
TCK-103747,2025-03-25 00:00:00,Bug/Error,Email,Free,Agent_09,Medium,22.0,1.75,72,False,False,3,Resolved
TCK-103800,2025-03-25 00:00:00,Bug/Error,Email,Pro,Agent_07,Critical,37.2,4.16,4,True,True,2,Resolved - Escalated
TCK-101052,2025-03-25 01:49:00,Feature Request,Email,Enterprise,Agent_04,Low,163.6,12.73,120,False,False,4,Resolved - Workaround
TCK-102453,2025-03-25 02:54:00,Data Export/Import,Email,Pro,Agent_12,Low,29.4,8.32,120,False,False,4,Resolved
TCK-102237,2025-03-25 03:02:00,Performance/Slowness,Chat,Basic,Agent_04,High,9.8,0.94,24,False,False,5,Resolved
TCK-100373,2025-03-25 08:55:00,Bug/Error,Email,Pro,Agent_12,Low,22.6,23.1,120,False,False,4,Resolved - Workaround
TCK-102087,2025-03-25 10:18:00,Login/Authentication,Phone,Free,Agent_09,High,1.0,0.27,24,False,True,4,Unresolved - Pending Engineering
TCK-102297,2025-03-25 17:13:00,Billing/Invoicing,Chat,Basic,Agent_09,High,1.0,2.82,24,False,False,5,Resolved
TCK-102599,2025-03-25 18:09:00,Account Setup,Phone,Enterprise,Agent_01,Medium,6.1,0.29,72,False,False,5,Resolved
TCK-101345,2025-03-25 18:14:00,Login/Authentication,Phone,Free,Agent_07,Low,6.7,0.15,120,False,False,3,Resolved
TCK-100550,2025-03-25 18:17:00,Bug/Error,Portal,Free,Agent_12,Medium,295.4,12.21,72,False,True,2,Resolved - Escalated
TCK-101053,2025-03-25 22:04:00,Performance/Slowness,Email,Pro,Agent_03,Medium,6.3,11.51,72,False,False,3,Resolved
TCK-103094,2025-03-25 22:18:00,Feature Request,Email,Basic,Agent_10,Critical,12.4,1.1,4,False,False,3,Resolved
TCK-103928,2025-03-26 00:00:00,Login/Authentication,Chat,Pro,Agent_07,Low,19.0,1.79,120,False,False,5,Resolved
TCK-103981,2025-03-26 00:00:00,Feature Request,Portal,Pro,Agent_06,High,6.0,37.97,24,True,False,4,Resolved
TCK-103467,2025-03-26 00:00:00,Performance/Slowness,Phone,Free,Agent_06,Critical,1.0,3.69,4,False,False,5,Resolved
TCK-103488,2025-03-26 00:00:00,Billing/Invoicing,Chat,Basic,Agent_06,High,16.8,9.28,24,False,False,3,Resolved
TCK-103013,2025-03-26 04:44:00,Integration/API,Portal,Free,Agent_03,Low,357.1,4.23,120,False,False,4,Resolved
TCK-100677,2025-03-26 05:14:00,Feature Request,Phone,Pro,Agent_01,Low,1.0,42.68,120,False,False,4,Resolved
TCK-101753,2025-03-26 05:21:00,Billing/Invoicing,Email,Free,Agent_11,Low,40.7,31.11,120,False,False,4,Resolved
TCK-102329,2025-03-26 06:21:00,Login/Authentication,Phone,Free,Agent_12,Medium,1.0,3.06,72,False,False,4,Resolved
TCK-102756,2025-03-26 10:02:00,Data Export/Import,Portal,Free,Agent_06,Low,8.3,17.73,120,False,False,4,Resolved
TCK-100319,2025-03-26 10:18:00,Bug/Error,Email,Pro,Agent_02,Low,120.6,4.11,120,False,False,5,Resolved
TCK-101784,2025-03-26 12:43:00,Bug/Error,Email,Basic,Agent_06,Medium,1.0,4.73,72,False,False,4,Resolved
TCK-100693,2025-03-26 14:02:00,Login/Authentication,Chat,Pro,Agent_05,Critical,1.0,3.28,4,False,False,4,Resolved
TCK-103041,2025-03-26 15:11:00,Billing/Invoicing,Portal,Free,Agent_08,Low,165.8,18.88,120,False,False,4,Resolved
TCK-100431,2025-03-26 17:10:00,Account Setup,Chat,Pro,Agent_02,Medium,1.0,0.41,72,False,False,4,Resolved
TCK-103182,2025-03-26 20:18:00,Performance/Slowness,Email,Free,Agent_05,Critical,29.8,7.15,4,True,False,4,Resolved - Workaround
TCK-102232,2025-03-26 21:13:00,Bug/Error,Chat,Free,Agent_10,High,7.8,2.2,24,False,False,4,Resolved
TCK-101100,2025-03-26 23:39:00,Feature Request,Portal,Basic,Agent_01,Low,89.8,11.44,120,False,False,5,Resolved
TCK-103736,2025-03-27 00:00:00,Login/Authentication,Email,Pro,Agent_01,High,10.6,0.85,24,False,False,4,Resolved - Workaround
TCK-103239,2025-03-27 00:31:00,Feature Request,Chat,Basic,Agent_07,Medium,4.1,62.87,72,False,False,4,Resolved
TCK-100955,2025-03-27 00:51:00,Integration/API,Email,Basic,Agent_01,Low,223.7,0.1,120,False,False,4,Resolved
TCK-101250,2025-03-27 02:01:00,Feature Request,Chat,Free,Agent_02,Low,18.6,13.64,120,False,False,5,Resolved
TCK-102739,2025-03-27 02:31:00,Integration/API,Email,Basic,Agent_12,Medium,12.4,8.74,72,False,False,5,Resolved - Workaround
TCK-101692,2025-03-27 06:51:00,Account Setup,Portal,Basic,Agent_09,Medium,53.8,2.5,72,False,False,4,Resolved
TCK-100055,2025-03-27 07:16:00,Login/Authentication,Portal,Free,Agent_05,High,32.6,0.57,24,False,False,5,Resolved
TCK-100717,2025-03-27 12:29:00,Feature Request,Portal,Free,Agent_01,High,34.1,8.42,24,False,False,5,Resolved
TCK-101969,2025-03-27 13:39:00,Data Export/Import,Email,Free,Agent_10,Medium,41.3,2.34,72,False,False,5,Resolved
TCK-101266,2025-03-27 14:21:00,Billing/Invoicing,Email,Basic,Agent_11,Medium,19.0,2.32,72,False,False,4,Resolved
TCK-101657,2025-03-27 14:59:00,Account Setup,Chat,Pro,Agent_10,Medium,3.3,2.28,72,False,False,5,Resolved
TCK-100962,2025-03-27 15:03:00,Feature Request,Phone,Basic,Agent_12,Medium,1.9,21.97,72,False,False,3,Resolved
TCK-100270,2025-03-27 15:35:00,Performance/Slowness,Phone,Pro,Agent_02,Critical,2.2,5.22,4,True,False,3,Resolved - Workaround
TCK-102579,2025-03-27 21:25:00,Account Setup,Portal,Free,Agent_11,High,19.7,1.81,24,False,False,4,Resolved
TCK-101238,2025-03-27 22:50:00,Data Export/Import,Email,Basic,Agent_09,Medium,47.5,2.99,72,False,False,3,Resolved
TCK-103786,2025-03-28 00:00:00,Bug/Error,Chat,Basic,Agent_03,Medium,1.0,4.79,72,False,False,4,Resolved
TCK-103500,2025-03-28 00:00:00,Data Export/Import,Email,Basic,Agent_08,Low,11.1,11.58,120,False,True,2,Unresolved - Pending Engineering
TCK-103699,2025-03-28 00:00:00,Performance/Slowness,Phone,Pro,Agent_11,Medium,2.3,3.72,72,False,False,4,Resolved
TCK-101036,2025-03-28 00:54:00,Performance/Slowness,Chat,Basic,Agent_05,Medium,3.2,33.79,72,False,True,2,Unresolved - Pending Engineering
TCK-101650,2025-03-28 05:07:00,Bug/Error,Chat,Free,Agent_01,High,4.8,11.38,24,False,False,5,Resolved
TCK-100115,2025-03-28 07:56:00,Login/Authentication,Phone,Free,Agent_08,Medium,1.0,4.63,72,False,False,5,Resolved
TCK-101047,2025-03-28 09:46:00,Integration/API,Chat,Enterprise,Agent_12,Medium,10.7,12.4,72,False,False,4,Resolved
TCK-102525,2025-03-28 10:01:00,Login/Authentication,Email,Free,Agent_03,High,1.3,4.22,24,False,False,4,Resolved - Workaround
TCK-101459,2025-03-28 15:01:00,Performance/Slowness,Phone,Free,Agent_12,Medium,1.0,12.41,72,False,True,2,Unresolved - Pending Engineering
TCK-100266,2025-03-28 17:57:00,Bug/Error,Portal,Free,Agent_11,Medium,1.0,16.16,72,False,False,4,Resolved - Workaround
TCK-103276,2025-03-28 18:17:00,Data Export/Import,Phone,Pro,Agent_01,High,3.6,1.9,24,False,False,3,Resolved - Workaround
TCK-101982,2025-03-28 21:11:00,Performance/Slowness,Portal,Free,Agent_01,Critical,10.4,5.43,4,True,True,2,Resolved - Escalated
TCK-103274,2025-03-28 21:18:00,Data Export/Import,Email,Enterprise,Agent_07,Medium,39.3,5.7,72,False,False,3,Resolved - Workaround
TCK-101864,2025-03-28 21:21:00,Feature Request,Phone,Basic,Agent_05,Low,21.9,49.28,120,False,True,3,Resolved - Escalated
TCK-102177,2025-03-29 03:36:00,Feature Request,Chat,Basic,Agent_06,Medium,19.6,43.24,72,False,False,4,Resolved - Workaround
TCK-101260,2025-03-29 08:15:00,Bug/Error,Email,Free,Agent_12,Medium,67.2,15.02,72,False,False,5,Resolved - Workaround
TCK-103161,2025-03-29 11:01:00,Login/Authentication,Portal,Pro,Agent_02,High,32.7,4.28,24,False,False,3,Resolved
TCK-102829,2025-03-29 16:02:00,Bug/Error,Email,Enterprise,Agent_07,Medium,52.8,6.08,72,False,True,3,Unresolved - Pending Engineering
TCK-102082,2025-03-29 19:55:00,Bug/Error,Phone,Pro,Agent_07,Low,1.7,16.3,120,False,False,4,Resolved
TCK-100068,2025-03-30 07:45:00,Login/Authentication,Chat,Free,Agent_07,Low,6.5,4.91,120,False,False,5,Resolved
TCK-100307,2025-03-30 08:53:00,Login/Authentication,Phone,Basic,Agent_02,High,1.0,0.19,24,False,False,5,Resolved
TCK-100141,2025-03-30 13:24:00,Billing/Invoicing,Portal,Basic,Agent_02,Low,145.7,14.26,120,False,False,5,Resolved
TCK-100782,2025-03-30 15:43:00,Billing/Invoicing,Email,Free,Agent_07,Low,67.8,49.75,120,False,False,5,Resolved
TCK-103370,2025-03-30 19:50:00,Bug/Error,Chat,Basic,Agent_03,Low,29.5,1.23,120,False,True,3,Resolved - Escalated
TCK-103563,2025-03-31 00:00:00,Data Export/Import,Email,Pro,Agent_02,Low,29.9,1.1,120,False,False,4,Resolved
TCK-103926,2025-03-31 00:00:00,Login/Authentication,Chat,Free,Agent_05,Medium,4.9,0.91,72,False,False,3,Resolved
TCK-103508,2025-03-31 00:00:00,Bug/Error,Email,Enterprise,Agent_03,Medium,96.6,8.38,72,False,False,5,Resolved
TCK-103894,2025-03-31 00:00:00,Login/Authentication,Chat,Pro,Agent_08,High,1.0,0.88,24,False,True,2,Resolved - Escalated
TCK-102898,2025-03-31 01:15:00,Integration/API,Chat,Free,Agent_09,Medium,22.5,2.73,72,False,False,5,Resolved
TCK-102724,2025-03-31 01:45:00,Login/Authentication,Email,Enterprise,Agent_02,Medium,125.2,4.65,72,False,False,4,Resolved
TCK-102462,2025-03-31 02:04:00,Performance/Slowness,Phone,Pro,Agent_10,High,1.0,3.24,24,False,False,4,Resolved
TCK-100546,2025-03-31 02:38:00,Performance/Slowness,Email,Free,Agent_01,Critical,37.4,0.55,4,False,False,3,Resolved
TCK-102051,2025-03-31 03:06:00,Data Export/Import,Phone,Pro,Agent_11,Medium,2.0,13.02,72,False,False,4,Resolved
TCK-102053,2025-03-31 06:01:00,Login/Authentication,Chat,Free,Agent_09,High,11.1,1.53,24,False,False,3,Resolved
TCK-102571,2025-03-31 08:46:00,Performance/Slowness,Portal,Pro,Agent_07,High,1.0,8.94,24,False,False,3,Resolved
TCK-102028,2025-03-31 09:13:00,Integration/API,Chat,Enterprise,Agent_07,High,1.0,8.52,24,False,False,4,Resolved
TCK-100752,2025-03-31 11:41:00,Performance/Slowness,Chat,Free,Agent_10,High,1.0,5.37,24,False,True,3,Resolved - Escalated
TCK-102657,2025-03-31 14:51:00,Performance/Slowness,Phone,Free,Agent_09,Low,2.4,8.58,120,False,False,5,Resolved
TCK-100508,2025-03-31 17:07:00,Account Setup,Portal,Free,Agent_08,Medium,13.2,18.23,72,False,False,4,Resolved
TCK-101668,2025-03-31 20:54:00,Performance/Slowness,Phone,Basic,Agent_11,High,1.2,1.91,24,False,True,3,Unresolved - Pending Engineering
TCK-100598,2025-03-31 22:39:00,Account Setup,Chat,Free,Agent_07,Medium,5.2,0.73,72,False,False,4,Resolved
TCK-102157,2025-03-31 23:32:00,Billing/Invoicing,Chat,Pro,Agent_08,Medium,5.8,3.07,72,False,False,4,Resolved
TCK-103659,2025-04-01 00:00:00,Performance/Slowness,Chat,Basic,Agent_08,Medium,14.0,6.04,72,False,False,4,Resolved
TCK-103644,2025-04-01 00:00:00,Bug/Error,Email,Pro,Agent_04,Medium,9.4,3.25,72,False,True,4,Resolved - Escalated
TCK-103416,2025-04-01 00:00:00,Data Export/Import,Chat,Free,Agent_11,High,6.0,7.17,24,False,False,4,Resolved
TCK-103304,2025-04-01 00:52:00,Account Setup,Chat,Pro,Agent_12,Low,19.7,9.11,120,False,False,4,Resolved
TCK-101600,2025-04-01 02:04:00,Billing/Invoicing,Chat,Pro,Agent_06,Medium,1.0,7.59,72,False,False,5,Resolved - Workaround
TCK-102122,2025-04-01 03:47:00,Performance/Slowness,Email,Free,Agent_10,Low,41.7,16.92,120,False,False,5,Resolved - Workaround
TCK-101926,2025-04-01 06:43:00,Billing/Invoicing,Phone,Basic,Agent_04,Low,1.0,6.19,120,False,False,5,Resolved
TCK-101289,2025-04-01 07:46:00,Performance/Slowness,Email,Pro,Agent_09,Medium,3.9,31.66,72,False,False,4,Resolved
TCK-102780,2025-04-01 12:43:00,Data Export/Import,Chat,Basic,Agent_07,Medium,7.4,1.09,72,False,False,5,Resolved - Workaround
TCK-102475,2025-04-01 16:11:00,Login/Authentication,Email,Free,Agent_06,Low,42.1,1.86,120,False,False,4,Resolved - Workaround
TCK-100654,2025-04-01 18:55:00,Account Setup,Chat,Basic,Agent_01,Medium,1.2,16.1,72,False,False,5,Resolved - Workaround
TCK-100103,2025-04-01 19:47:00,Bug/Error,Email,Basic,Agent_09,Medium,26.1,12.54,72,False,False,4,Resolved
TCK-102755,2025-04-01 20:01:00,Login/Authentication,Chat,Free,Agent_10,Critical,1.0,1.82,4,False,False,4,Resolved
TCK-100048,2025-04-01 20:25:00,Login/Authentication,Portal,Pro,Agent_07,Critical,25.6,0.2,4,False,False,5,Resolved
TCK-100120,2025-04-01 20:43:00,Bug/Error,Chat,Basic,Agent_07,Critical,1.7,0.53,4,False,True,3,Resolved - Escalated
TCK-100286,2025-04-01 22:19:00,Feature Request,Email,Pro,Agent_12,High,1.0,17.21,24,False,False,4,Resolved
TCK-102613,2025-04-01 23:50:00,Account Setup,Chat,Basic,Agent_08,Medium,18.8,2.74,72,False,False,4,Resolved
TCK-103591,2025-04-02 00:00:00,Integration/API,Portal,Enterprise,Agent_06,Medium,45.0,46.05,72,False,False,4,Resolved
TCK-102868,2025-04-02 00:37:00,Bug/Error,Chat,Basic,Agent_10,High,1.4,0.57,24,False,False,4,Resolved
TCK-101632,2025-04-02 01:28:00,Login/Authentication,Email,Free,Agent_05,Medium,7.7,2.53,72,False,False,5,Resolved
TCK-103240,2025-04-02 03:57:00,Data Export/Import,Email,Basic,Agent_06,Low,15.6,11.98,120,False,False,5,Resolved
TCK-100351,2025-04-02 09:56:00,Account Setup,Email,Free,Agent_05,Medium,37.8,4.83,72,False,True,2,Resolved - Escalated
TCK-101730,2025-04-02 11:07:00,Login/Authentication,Chat,Basic,Agent_08,Critical,3.1,0.28,4,False,False,4,Resolved
TCK-102857,2025-04-02 11:07:00,Performance/Slowness,Email,Basic,Agent_04,High,101.7,2.52,24,False,True,2,Resolved - Escalated
TCK-102747,2025-04-02 12:19:00,Login/Authentication,Chat,Free,Agent_02,Critical,1.0,0.2,4,False,False,4,Resolved
TCK-103206,2025-04-02 17:04:00,Login/Authentication,Email,Pro,Agent_07,High,7.0,0.66,24,False,False,5,Resolved
TCK-101546,2025-04-02 17:51:00,Billing/Invoicing,Chat,Free,Agent_02,Medium,14.9,11.47,72,False,True,3,Resolved - Escalated
TCK-102933,2025-04-02 18:52:00,Integration/API,Phone,Basic,Agent_08,Medium,3.5,26.46,72,False,False,4,Resolved
TCK-102782,2025-04-02 21:55:00,Data Export/Import,Chat,Pro,Agent_04,Low,20.5,2.41,120,False,False,4,Resolved - Workaround
TCK-100111,2025-04-02 22:42:00,Login/Authentication,Email,Basic,Agent_12,High,33.1,4.66,24,False,False,4,Resolved
TCK-101512,2025-04-02 23:16:00,Login/Authentication,Chat,Pro,Agent_08,Medium,2.1,6.9,72,False,False,3,Resolved
TCK-103899,2025-04-03 00:00:00,Performance/Slowness,Phone,Free,Agent_04,Low,2.2,7.87,120,False,False,4,Resolved
TCK-103859,2025-04-03 00:00:00,Bug/Error,Chat,Free,Agent_11,Critical,1.0,5.6,4,True,False,5,Resolved
TCK-103743,2025-04-03 00:00:00,Performance/Slowness,Portal,Free,Agent_04,Critical,22.5,4.23,4,True,True,2,Resolved - Escalated
TCK-103131,2025-04-03 06:14:00,Integration/API,Email,Basic,Agent_11,Medium,31.6,0.21,72,False,False,4,Resolved - Workaround
TCK-101402,2025-04-03 10:54:00,Performance/Slowness,Email,Free,Agent_12,Critical,2.8,12.67,4,True,True,1,Resolved - Escalated
TCK-100683,2025-04-03 13:33:00,Login/Authentication,Email,Basic,Agent_11,High,29.1,6.77,24,False,False,4,Resolved
TCK-101622,2025-04-03 22:29:00,Login/Authentication,Email,Free,Agent_05,Critical,23.9,0.26,4,False,False,3,Resolved
TCK-101832,2025-04-03 23:42:00,Bug/Error,Chat,Pro,Agent_08,Critical,1.0,0.85,4,False,True,2,Resolved - Escalated
TCK-103823,2025-04-04 00:00:00,Performance/Slowness,Chat,Pro,Agent_06,Critical,3.4,4.55,4,True,False,3,Resolved
TCK-103473,2025-04-04 00:00:00,Billing/Invoicing,Portal,Pro,Agent_07,High,29.9,0.32,24,False,True,3,Resolved - Escalated
TCK-103519,2025-04-04 00:00:00,Data Export/Import,Chat,Enterprise,Agent_12,Medium,1.0,3.42,72,False,False,5,Resolved
TCK-102555,2025-04-04 08:39:00,Bug/Error,Email,Enterprise,Agent_10,Medium,29.9,8.51,72,False,False,4,Resolved
TCK-101081,2025-04-04 17:12:00,Feature Request,Portal,Pro,Agent_07,Low,121.3,2.75,120,False,False,4,Resolved
TCK-101261,2025-04-04 23:57:00,Login/Authentication,Email,Free,Agent_07,High,3.4,2.16,24,False,False,5,Resolved
TCK-101506,2025-04-05 00:01:00,Data Export/Import,Email,Free,Agent_04,High,1.2,5.89,24,False,False,4,Resolved
TCK-101358,2025-04-05 00:58:00,Billing/Invoicing,Chat,Free,Agent_08,Low,31.5,0.92,120,False,False,5,Resolved
TCK-100844,2025-04-05 05:12:00,Integration/API,Email,Basic,Agent_01,Low,99.8,32.07,120,False,True,2,Resolved - Escalated
TCK-102378,2025-04-05 11:45:00,Login/Authentication,Email,Basic,Agent_01,Critical,18.9,0.93,4,False,False,4,Resolved
TCK-103099,2025-04-05 16:36:00,Billing/Invoicing,Email,Free,Agent_02,Low,25.6,2.43,120,False,False,3,Resolved
TCK-100032,2025-04-06 01:57:00,Bug/Error,Chat,Free,Agent_12,Critical,7.9,3.51,4,False,True,4,Unresolved - Pending Engineering
TCK-101468,2025-04-06 05:58:00,Data Export/Import,Portal,Pro,Agent_03,High,41.9,3.64,24,False,False,3,Resolved
TCK-100662,2025-04-06 09:58:00,Feature Request,Email,Pro,Agent_05,Medium,37.0,111.39,72,True,True,2,Resolved - Escalated
TCK-100178,2025-04-06 11:00:00,Integration/API,Email,Basic,Agent_09,High,31.6,9.88,24,False,False,3,Resolved
TCK-102956,2025-04-07 02:19:00,Data Export/Import,Chat,Free,Agent_02,Medium,5.1,37.93,72,False,False,5,Resolved - Workaround
TCK-102306,2025-04-07 04:10:00,Login/Authentication,Chat,Free,Agent_05,High,2.9,1.21,24,False,False,5,Resolved
TCK-101839,2025-04-07 10:01:00,Feature Request,Portal,Pro,Agent_02,High,38.4,80.73,24,True,True,2,Unresolved - Pending Engineering
TCK-103068,2025-04-07 10:26:00,Login/Authentication,Portal,Free,Agent_12,High,105.7,2.89,24,False,False,4,Resolved
TCK-101574,2025-04-07 10:31:00,Data Export/Import,Chat,Basic,Agent_12,Low,22.7,1.35,120,False,False,5,Resolved
TCK-100710,2025-04-07 12:00:00,Billing/Invoicing,Chat,Enterprise,Agent_12,Low,1.7,5.6,120,False,False,4,Resolved
TCK-101426,2025-04-07 14:08:00,Integration/API,Chat,Free,Agent_09,Medium,6.0,3.46,72,False,True,3,Unresolved - Pending Engineering
TCK-101685,2025-04-07 16:51:00,Login/Authentication,Chat,Free,Agent_10,High,1.0,0.66,24,False,False,5,Resolved
TCK-102276,2025-04-07 16:54:00,Billing/Invoicing,Email,Pro,Agent_02,Critical,6.5,0.66,4,False,False,4,Resolved
TCK-102084,2025-04-07 18:31:00,Bug/Error,Phone,Basic,Agent_09,Critical,1.0,2.44,4,False,True,4,Resolved - Escalated
TCK-103374,2025-04-08 00:00:00,Billing/Invoicing,Email,Enterprise,Agent_09,Medium,2.7,3.81,72,False,False,4,Resolved
TCK-101644,2025-04-08 00:58:00,Integration/API,Email,Free,Agent_08,Low,29.1,5.2,120,False,True,3,Unresolved - Pending Engineering
TCK-100875,2025-04-08 01:37:00,Data Export/Import,Phone,Free,Agent_09,High,2.5,3.22,24,False,False,4,Resolved - Workaround
TCK-100289,2025-04-08 03:30:00,Login/Authentication,Chat,Basic,Agent_04,High,2.8,6.86,24,False,False,5,Resolved
TCK-101022,2025-04-08 04:32:00,Integration/API,Portal,Enterprise,Agent_10,Medium,73.4,17.77,72,False,False,5,Resolved
TCK-100793,2025-04-08 06:49:00,Feature Request,Email,Free,Agent_10,Low,35.5,15.93,120,False,False,5,Resolved
TCK-101282,2025-04-08 07:01:00,Login/Authentication,Portal,Free,Agent_03,Medium,1.0,1.71,72,False,False,4,Resolved
TCK-100163,2025-04-08 07:33:00,Feature Request,Email,Basic,Agent_02,Medium,14.9,11.2,72,False,False,4,Resolved
TCK-103104,2025-04-08 11:34:00,Bug/Error,Chat,Pro,Agent_11,Medium,1.0,9.39,72,False,False,5,Resolved
TCK-102796,2025-04-08 15:18:00,Billing/Invoicing,Email,Free,Agent_02,Critical,20.2,0.12,4,False,False,5,Resolved
TCK-100749,2025-04-08 16:40:00,Login/Authentication,Email,Pro,Agent_07,Medium,31.0,3.63,72,False,True,3,Resolved - Escalated
TCK-102067,2025-04-08 23:36:00,Data Export/Import,Chat,Enterprise,Agent_07,Medium,18.9,8.46,72,False,False,4,Resolved
TCK-103398,2025-04-09 00:00:00,Login/Authentication,Chat,Pro,Agent_03,Low,13.1,3.25,120,False,False,4,Resolved
TCK-101002,2025-04-09 00:38:00,Performance/Slowness,Portal,Pro,Agent_02,Critical,8.1,12.11,4,True,True,1,Resolved - Escalated
TCK-102692,2025-04-09 00:56:00,Login/Authentication,Chat,Basic,Agent_10,Medium,19.9,2.39,72,False,False,4,Resolved
TCK-102465,2025-04-09 01:47:00,Performance/Slowness,Phone,Pro,Agent_02,High,1.0,6.3,24,False,True,3,Resolved - Escalated
TCK-101451,2025-04-09 03:58:00,Billing/Invoicing,Chat,Pro,Agent_07,High,7.7,1.47,24,False,True,3,Unresolved - Pending Engineering
TCK-102476,2025-04-09 08:11:00,Feature Request,Email,Free,Agent_07,Medium,10.4,21.32,72,False,False,4,Resolved
TCK-103058,2025-04-09 12:58:00,Data Export/Import,Phone,Basic,Agent_12,Low,2.1,4.98,120,False,False,5,Resolved
TCK-102745,2025-04-09 13:12:00,Login/Authentication,Chat,Basic,Agent_07,High,24.0,2.3,24,False,False,4,Resolved
TCK-103194,2025-04-09 14:28:00,Performance/Slowness,Email,Free,Agent_03,Medium,6.9,11.31,72,False,True,2,Resolved - Escalated
TCK-100623,2025-04-09 14:31:00,Login/Authentication,Portal,Basic,Agent_11,Low,31.3,22.95,120,False,False,4,Resolved - Workaround
TCK-102921,2025-04-09 16:26:00,Bug/Error,Chat,Free,Agent_09,Low,12.2,22.13,120,False,False,4,Resolved
TCK-100388,2025-04-09 17:53:00,Bug/Error,Chat,Pro,Agent_11,High,1.0,1.61,24,False,True,2,Resolved - Escalated
TCK-101274,2025-04-09 19:44:00,Bug/Error,Email,Basic,Agent_05,Critical,29.8,3.39,4,False,False,4,Resolved
TCK-102595,2025-04-09 20:30:00,Bug/Error,Phone,Basic,Agent_07,High,2.6,1.89,24,False,False,5,Resolved
TCK-101565,2025-04-09 21:08:00,Login/Authentication,Phone,Pro,Agent_07,Low,5.3,0.93,120,False,True,3,Resolved - Escalated
TCK-102189,2025-04-09 22:05:00,Account Setup,Phone,Basic,Agent_07,Low,9.7,0.12,120,False,False,4,Resolved
TCK-100605,2025-04-09 23:29:00,Performance/Slowness,Email,Free,Agent_06,Low,78.9,20.6,120,False,False,4,Resolved
TCK-103649,2025-04-10 00:00:00,Feature Request,Portal,Enterprise,Agent_10,Medium,47.2,26.83,72,False,False,4,Resolved - Workaround
TCK-103588,2025-04-10 00:00:00,Billing/Invoicing,Portal,Free,Agent_04,Medium,109.8,5.38,72,False,False,3,Resolved
TCK-101360,2025-04-10 00:20:00,Billing/Invoicing,Phone,Pro,Agent_02,Low,3.8,14.42,120,False,False,5,Resolved
TCK-100555,2025-04-10 00:24:00,Account Setup,Portal,Free,Agent_07,Medium,116.7,0.39,72,False,True,2,Resolved - Escalated
TCK-100331,2025-04-10 00:54:00,Login/Authentication,Phone,Basic,Agent_02,Medium,3.6,4.39,72,False,False,4,Resolved
TCK-102399,2025-04-10 01:11:00,Performance/Slowness,Chat,Free,Agent_12,Critical,8.9,7.19,4,True,True,2,Resolved - Escalated
TCK-100936,2025-04-10 01:12:00,Billing/Invoicing,Phone,Free,Agent_08,Medium,1.4,0.34,72,False,False,5,Resolved - Workaround
TCK-100290,2025-04-10 08:06:00,Data Export/Import,Portal,Pro,Agent_08,Medium,38.3,1.13,72,False,False,4,Resolved
TCK-102774,2025-04-10 10:35:00,Feature Request,Portal,Free,Agent_12,Medium,55.8,4.75,72,False,False,4,Resolved
TCK-101601,2025-04-10 14:55:00,Billing/Invoicing,Email,Pro,Agent_10,Medium,87.3,1.61,72,False,False,5,Resolved
TCK-102962,2025-04-10 16:58:00,Bug/Error,Chat,Free,Agent_01,Medium,6.0,24.93,72,False,False,5,Resolved
TCK-101196,2025-04-10 17:58:00,Login/Authentication,Portal,Free,Agent_07,Low,21.5,2.72,120,False,False,5,Resolved
TCK-101471,2025-04-10 19:29:00,Billing/Invoicing,Portal,Free,Agent_11,Low,50.5,6.33,120,False,False,4,Resolved
TCK-103959,2025-04-11 00:00:00,Feature Request,Chat,Basic,Agent_09,Low,1.4,14.14,120,False,False,4,Resolved
TCK-103496,2025-04-11 00:00:00,Performance/Slowness,Email,Free,Agent_09,High,21.3,4.96,24,False,True,2,Resolved - Escalated
TCK-103335,2025-04-11 01:01:00,Login/Authentication,Email,Pro,Agent_04,Low,332.2,5.81,120,False,False,5,Resolved
TCK-101321,2025-04-11 04:11:00,Bug/Error,Chat,Enterprise,Agent_02,Medium,4.0,6.68,72,False,True,3,Resolved - Escalated
TCK-102792,2025-04-11 08:09:00,Login/Authentication,Email,Free,Agent_06,High,60.8,1.72,24,False,False,4,Resolved
TCK-103168,2025-04-11 08:33:00,Login/Authentication,Chat,Basic,Agent_04,High,13.9,2.19,24,False,False,5,Resolved
TCK-100264,2025-04-11 09:45:00,Bug/Error,Phone,Free,Agent_02,Medium,1.0,0.15,72,False,False,5,Resolved
TCK-100826,2025-04-11 11:54:00,Bug/Error,Email,Free,Agent_06,High,11.1,7.54,24,False,False,5,Resolved
TCK-101265,2025-04-11 13:08:00,Bug/Error,Phone,Free,Agent_08,Critical,1.0,5.03,4,True,False,4,Resolved
TCK-100124,2025-04-11 14:14:00,Bug/Error,Chat,Pro,Agent_01,Medium,11.7,6.18,72,False,False,5,Resolved
TCK-100503,2025-04-11 14:19:00,Performance/Slowness,Chat,Pro,Agent_05,High,1.1,5.58,24,False,False,4,Resolved
TCK-101513,2025-04-11 16:33:00,Integration/API,Phone,Free,Agent_12,High,1.0,6.74,24,False,False,5,Resolved
TCK-100250,2025-04-11 19:09:00,Data Export/Import,Chat,Pro,Agent_11,Low,75.9,32.75,120,False,False,3,Resolved - Workaround
TCK-101255,2025-04-11 19:44:00,Billing/Invoicing,Email,Free,Agent_05,Low,77.3,2.13,120,False,False,4,Resolved
TCK-102042,2025-04-11 22:27:00,Billing/Invoicing,Email,Pro,Agent_04,High,61.7,1.12,24,False,False,5,Resolved
TCK-100975,2025-04-11 23:42:00,Performance/Slowness,Email,Basic,Agent_12,High,20.4,0.33,24,False,False,4,Resolved
TCK-102777,2025-04-12 20:16:00,Data Export/Import,Portal,Pro,Agent_10,Low,247.2,10.98,120,False,False,5,Resolved
TCK-100078,2025-04-13 00:23:00,Bug/Error,Chat,Free,Agent_08,Medium,2.4,4.48,72,False,False,4,Resolved
TCK-101608,2025-04-13 11:48:00,Login/Authentication,Email,Pro,Agent_01,High,80.9,0.82,24,False,False,5,Resolved
TCK-101911,2025-04-13 15:45:00,Data Export/Import,Email,Enterprise,Agent_08,Medium,64.5,4.61,72,False,False,4,Resolved
TCK-100958,2025-04-13 17:52:00,Login/Authentication,Email,Free,Agent_07,High,16.3,0.83,24,False,False,4,Resolved
TCK-101176,2025-04-13 22:06:00,Login/Authentication,Portal,Basic,Agent_04,High,11.9,1.93,24,False,True,3,Unresolved - Pending Engineering
TCK-100937,2025-04-14 00:47:00,Billing/Invoicing,Email,Basic,Agent_03,Medium,20.9,8.92,72,False,False,5,Resolved
TCK-101366,2025-04-14 01:06:00,Data Export/Import,Chat,Enterprise,Agent_09,High,1.0,10.01,24,False,False,4,Resolved
TCK-101332,2025-04-14 12:32:00,Billing/Invoicing,Phone,Basic,Agent_04,Medium,3.5,2.31,72,False,False,3,Resolved
TCK-102423,2025-04-14 12:48:00,Bug/Error,Email,Basic,Agent_12,High,3.4,0.32,24,False,False,4,Resolved
TCK-101007,2025-04-14 14:08:00,Login/Authentication,Email,Free,Agent_08,Critical,19.9,2.1,4,False,True,2,Resolved - Escalated
TCK-101879,2025-04-14 17:08:00,Bug/Error,Chat,Pro,Agent_05,Low,22.1,15.21,120,False,False,5,Resolved
TCK-101142,2025-04-14 19:32:00,Account Setup,Email,Basic,Agent_07,Low,176.8,2.27,120,False,False,4,Resolved - Workaround
TCK-102726,2025-04-14 23:57:00,Login/Authentication,Chat,Pro,Agent_05,Medium,13.6,2.19,72,False,False,5,Resolved
TCK-103835,2025-04-15 00:00:00,Performance/Slowness,Chat,Enterprise,Agent_03,Medium,2.1,18.17,72,False,True,2,Unresolved - Pending Engineering
TCK-103953,2025-04-15 00:00:00,Integration/API,Phone,Free,Agent_10,Low,4.3,5.12,120,False,False,4,Resolved
TCK-102621,2025-04-15 01:03:00,Data Export/Import,Email,Pro,Agent_12,Critical,4.3,1.41,4,False,False,4,Resolved - Workaround
TCK-100324,2025-04-15 01:05:00,Bug/Error,Chat,Free,Agent_02,Low,8.8,9.04,120,False,False,4,Resolved
TCK-100233,2025-04-15 03:03:00,Account Setup,Phone,Free,Agent_10,Low,1.5,3.57,120,False,False,4,Resolved
TCK-100774,2025-04-15 03:08:00,Bug/Error,Chat,Free,Agent_06,Medium,2.6,1.54,72,False,True,2,Resolved - Escalated
TCK-100160,2025-04-15 03:46:00,Integration/API,Portal,Enterprise,Agent_05,Medium,5.5,24.13,72,False,False,5,Resolved
TCK-102004,2025-04-15 04:22:00,Performance/Slowness,Chat,Free,Agent_02,Low,13.5,22.43,120,False,False,4,Resolved
TCK-102425,2025-04-15 05:08:00,Bug/Error,Portal,Pro,Agent_12,Medium,99.2,4.08,72,False,False,5,Resolved
TCK-101711,2025-04-15 06:53:00,Performance/Slowness,Portal,Free,Agent_10,High,17.1,4.77,24,False,False,4,Resolved
TCK-100241,2025-04-15 07:30:00,Bug/Error,Email,Enterprise,Agent_02,Critical,14.7,22.86,4,True,False,3,Resolved
TCK-100938,2025-04-15 08:21:00,Account Setup,Chat,Basic,Agent_04,Medium,2.1,0.47,72,False,False,4,Resolved
TCK-102300,2025-04-15 10:29:00,Data Export/Import,Email,Pro,Agent_03,High,1.9,14.54,24,False,False,3,Resolved
TCK-100775,2025-04-15 12:00:00,Billing/Invoicing,Email,Enterprise,Agent_04,Low,54.6,5.25,120,False,False,5,Resolved
TCK-100082,2025-04-15 21:41:00,Account Setup,Email,Free,Agent_05,Medium,276.0,5.78,72,False,False,3,Resolved
TCK-101956,2025-04-15 23:16:00,Data Export/Import,Email,Free,Agent_05,Medium,144.5,8.27,72,False,False,5,Resolved
TCK-103865,2025-04-16 00:00:00,Performance/Slowness,Chat,Enterprise,Agent_10,High,9.6,2.43,24,False,False,5,Resolved
TCK-101611,2025-04-16 00:22:00,Bug/Error,Email,Enterprise,Agent_07,High,15.3,14.22,24,False,False,4,Resolved
TCK-100022,2025-04-16 01:29:00,Performance/Slowness,Portal,Basic,Agent_05,Medium,146.3,39.83,72,False,False,5,Resolved
TCK-100841,2025-04-16 01:54:00,Bug/Error,Portal,Pro,Agent_11,High,32.5,1.02,24,False,False,5,Resolved
TCK-101386,2025-04-16 01:55:00,Login/Authentication,Chat,Free,Agent_07,Medium,2.1,0.66,72,False,False,4,Resolved
TCK-101851,2025-04-16 02:33:00,Feature Request,Email,Free,Agent_10,Low,40.4,15.35,120,False,False,3,Resolved
TCK-102546,2025-04-16 03:40:00,Account Setup,Portal,Pro,Agent_08,High,3.9,4.03,24,False,False,4,Resolved
TCK-100518,2025-04-16 09:07:00,Data Export/Import,Phone,Basic,Agent_12,Medium,9.1,5.87,72,False,False,5,Resolved
TCK-102022,2025-04-16 09:36:00,Login/Authentication,Email,Pro,Agent_09,High,9.7,0.45,24,False,False,3,Resolved - Workaround
TCK-100714,2025-04-16 12:07:00,Bug/Error,Phone,Free,Agent_07,Medium,1.5,3.87,72,False,False,5,Resolved
TCK-101049,2025-04-16 13:30:00,Feature Request,Portal,Free,Agent_07,Critical,17.1,3.06,4,False,False,4,Resolved
TCK-101915,2025-04-16 14:42:00,Login/Authentication,Portal,Basic,Agent_05,Critical,1.0,0.49,4,False,False,5,Resolved
TCK-102391,2025-04-16 16:32:00,Performance/Slowness,Chat,Basic,Agent_09,Critical,1.9,16.72,4,True,False,5,Resolved
TCK-100359,2025-04-16 17:43:00,Login/Authentication,Email,Pro,Agent_10,Low,57.5,3.66,120,False,False,4,Resolved
TCK-102169,2025-04-16 17:50:00,Performance/Slowness,Chat,Enterprise,Agent_12,Medium,8.5,2.81,72,False,False,4,Resolved
TCK-100396,2025-04-16 18:45:00,Performance/Slowness,Email,Basic,Agent_03,Low,28.4,181.74,120,True,True,1,Unresolved - Pending Engineering
TCK-103608,2025-04-17 00:00:00,Bug/Error,Portal,Basic,Agent_10,High,1.0,1.67,24,False,True,3,Unresolved - Pending Engineering
TCK-103559,2025-04-17 00:00:00,Bug/Error,Phone,Free,Agent_12,High,1.0,4.57,24,False,False,5,Resolved
TCK-103860,2025-04-17 00:00:00,Login/Authentication,Email,Pro,Agent_05,High,5.9,0.49,24,False,False,3,Resolved
TCK-103808,2025-04-17 00:00:00,Bug/Error,Phone,Free,Agent_11,High,1.0,4.47,24,False,True,3,Resolved - Escalated
TCK-101965,2025-04-17 01:53:00,Login/Authentication,Email,Pro,Agent_01,Critical,20.4,0.39,4,False,False,3,Resolved
TCK-102415,2025-04-17 02:17:00,Bug/Error,Portal,Basic,Agent_02,Medium,28.1,18.19,72,False,False,5,Resolved - Workaround
TCK-101898,2025-04-17 03:33:00,Performance/Slowness,Portal,Basic,Agent_12,High,41.7,101.66,24,True,False,3,Resolved
TCK-101957,2025-04-17 04:19:00,Login/Authentication,Portal,Basic,Agent_10,High,43.4,0.35,24,False,False,4,Resolved
TCK-103065,2025-04-17 04:22:00,Integration/API,Chat,Enterprise,Agent_01,Medium,1.2,9.29,72,False,False,4,Resolved
TCK-102920,2025-04-17 04:46:00,Bug/Error,Portal,Free,Agent_10,Medium,216.8,16.92,72,False,False,5,Resolved
TCK-101647,2025-04-17 09:38:00,Feature Request,Chat,Free,Agent_01,Medium,4.8,202.53,72,True,True,2,Resolved - Escalated
TCK-100818,2025-04-17 09:49:00,Billing/Invoicing,Phone,Basic,Agent_09,Low,1.0,2.41,120,False,False,5,Resolved
TCK-103087,2025-04-17 11:12:00,Billing/Invoicing,Email,Pro,Agent_12,Medium,68.7,2.72,72,False,True,3,Resolved - Escalated
TCK-101720,2025-04-17 11:13:00,Bug/Error,Email,Pro,Agent_11,High,1.0,2.68,24,False,False,4,Resolved - Workaround
TCK-102682,2025-04-17 11:13:00,Bug/Error,Email,Basic,Agent_07,Medium,15.3,57.4,72,False,False,5,Resolved
TCK-101827,2025-04-17 17:47:00,Bug/Error,Phone,Free,Agent_12,High,2.8,16.27,24,False,True,2,Resolved - Escalated
TCK-101760,2025-04-17 18:53:00,Bug/Error,Email,Basic,Agent_05,High,23.5,2.44,24,False,False,5,Resolved
TCK-102584,2025-04-17 20:32:00,Bug/Error,Chat,Pro,Agent_02,Medium,17.5,2.51,72,False,True,3,Resolved - Escalated
TCK-102807,2025-04-17 20:38:00,Billing/Invoicing,Portal,Enterprise,Agent_04,Low,76.2,12.6,120,False,False,4,Resolved
TCK-100437,2025-04-17 21:16:00,Login/Authentication,Chat,Free,Agent_06,Critical,1.0,0.4,4,False,False,5,Resolved
TCK-103682,2025-04-18 00:00:00,Data Export/Import,Email,Basic,Agent_08,High,14.5,4.93,24,False,False,4,Resolved
TCK-100731,2025-04-18 01:46:00,Login/Authentication,Email,Basic,Agent_10,Medium,42.1,1.45,72,False,False,4,Resolved
TCK-102503,2025-04-18 01:46:00,Billing/Invoicing,Chat,Enterprise,Agent_08,Low,4.8,7.48,120,False,False,5,Resolved
TCK-103313,2025-04-18 05:31:00,Feature Request,Chat,Basic,Agent_12,Medium,8.2,16.19,72,False,False,5,Resolved
TCK-100462,2025-04-18 09:53:00,Data Export/Import,Chat,Enterprise,Agent_03,Low,41.8,2.88,120,False,False,5,Resolved
TCK-102988,2025-04-18 10:35:00,Bug/Error,Chat,Basic,Agent_10,Low,1.2,7.25,120,False,True,3,Resolved - Escalated
TCK-102839,2025-04-18 10:53:00,Performance/Slowness,Phone,Pro,Agent_09,High,4.4,0.1,24,False,True,3,Unresolved - Pending Engineering
TCK-102104,2025-04-18 11:40:00,Billing/Invoicing,Phone,Basic,Agent_04,Low,1.0,8.96,120,False,False,4,Resolved
TCK-101216,2025-04-18 13:00:00,Account Setup,Email,Free,Agent_01,Low,23.1,2.3,120,False,False,4,Resolved
TCK-102673,2025-04-18 13:30:00,Feature Request,Email,Pro,Agent_07,High,60.3,12.42,24,False,False,3,Resolved
TCK-103084,2025-04-18 17:53:00,Account Setup,Portal,Basic,Agent_03,Low,103.7,12.15,120,False,False,4,Resolved
TCK-100263,2025-04-18 20:42:00,Bug/Error,Chat,Pro,Agent_08,High,6.9,2.89,24,False,False,4,Resolved
TCK-101759,2025-04-18 20:59:00,Login/Authentication,Portal,Pro,Agent_12,Critical,11.9,0.49,4,False,False,4,Resolved
TCK-100908,2025-04-18 21:51:00,Integration/API,Portal,Basic,Agent_03,Low,1.6,5.06,120,False,False,3,Resolved
TCK-102002,2025-04-19 10:35:00,Account Setup,Email,Pro,Agent_12,High,12.4,8.53,24,False,False,4,Resolved
TCK-102431,2025-04-19 15:40:00,Bug/Error,Email,Free,Agent_09,Low,15.1,4.24,120,False,False,4,Resolved
TCK-101848,2025-04-20 01:38:00,Bug/Error,Email,Free,Agent_11,High,102.5,1.28,24,False,True,4,Resolved - Escalated
TCK-103126,2025-04-20 02:36:00,Login/Authentication,Chat,Basic,Agent_04,High,1.5,0.11,24,False,False,5,Resolved
TCK-101700,2025-04-20 05:25:00,Login/Authentication,Portal,Enterprise,Agent_06,Medium,38.7,0.89,72,False,False,5,Resolved
TCK-100441,2025-04-20 13:07:00,Billing/Invoicing,Email,Basic,Agent_11,Medium,34.0,4.75,72,False,False,3,Resolved
TCK-101272,2025-04-20 18:28:00,Bug/Error,Phone,Basic,Agent_02,Low,1.5,1.16,120,False,False,4,Resolved
TCK-103422,2025-04-21 00:00:00,Data Export/Import,Portal,Basic,Agent_11,Medium,213.5,2.32,72,False,False,4,Resolved
TCK-103393,2025-04-21 00:00:00,Bug/Error,Chat,Free,Agent_09,Low,40.9,4.53,120,False,False,4,Resolved
TCK-103622,2025-04-21 00:00:00,Login/Authentication,Phone,Basic,Agent_10,Critical,2.1,1.53,4,False,False,4,Resolved
TCK-103960,2025-04-21 00:00:00,Billing/Invoicing,Chat,Basic,Agent_05,High,8.6,0.84,24,False,False,3,Resolved
TCK-102114,2025-04-21 02:54:00,Data Export/Import,Email,Basic,Agent_12,Low,24.5,12.52,120,False,False,4,Resolved
TCK-101585,2025-04-21 03:17:00,Data Export/Import,Portal,Free,Agent_01,Medium,15.6,4.36,72,False,False,5,Resolved
TCK-100652,2025-04-21 03:19:00,Login/Authentication,Portal,Free,Agent_01,Medium,38.7,21.39,72,False,False,5,Resolved
TCK-103081,2025-04-21 07:20:00,Account Setup,Email,Free,Agent_01,Medium,33.3,7.38,72,False,False,4,Resolved
TCK-102213,2025-04-21 12:02:00,Login/Authentication,Email,Free,Agent_12,High,35.3,2.3,24,False,False,5,Resolved
TCK-102826,2025-04-21 12:11:00,Billing/Invoicing,Chat,Free,Agent_06,Medium,7.1,1.69,72,False,False,4,Resolved - Workaround
TCK-101462,2025-04-21 12:32:00,Login/Authentication,Portal,Pro,Agent_03,High,6.8,1.64,24,False,False,4,Resolved
TCK-100529,2025-04-21 13:41:00,Bug/Error,Chat,Free,Agent_03,Medium,3.2,2.03,72,False,False,5,Resolved
TCK-102175,2025-04-21 17:43:00,Performance/Slowness,Chat,Basic,Agent_04,Medium,1.1,7.1,72,False,True,3,Resolved - Escalated
TCK-102367,2025-04-21 20:10:00,Performance/Slowness,Phone,Free,Agent_02,Critical,1.1,1.3,4,False,False,5,Resolved - Workaround
TCK-102316,2025-04-21 20:55:00,Billing/Invoicing,Phone,Enterprise,Agent_05,Medium,3.2,4.84,72,False,False,4,Resolved - Workaround
TCK-100439,2025-04-21 22:19:00,Login/Authentication,Portal,Basic,Agent_10,High,20.1,1.38,24,False,False,5,Resolved
TCK-103472,2025-04-22 00:00:00,Login/Authentication,Phone,Pro,Agent_10,High,1.9,2.3,24,False,False,5,Resolved
TCK-103975,2025-04-22 00:00:00,Login/Authentication,Chat,Free,Agent_09,High,2.6,0.55,24,False,False,4,Resolved
TCK-103718,2025-04-22 00:00:00,Performance/Slowness,Chat,Pro,Agent_01,High,5.5,5.71,24,False,False,5,Resolved
TCK-101618,2025-04-22 03:08:00,Billing/Invoicing,Portal,Pro,Agent_04,Low,358.1,23.46,120,False,True,2,Resolved - Escalated
TCK-103093,2025-04-22 05:07:00,Bug/Error,Portal,Basic,Agent_05,Medium,116.6,9.1,72,False,True,3,Resolved - Escalated
TCK-102816,2025-04-22 05:23:00,Login/Authentication,Portal,Free,Agent_04,Critical,5.4,4.78,4,True,False,4,Resolved - Workaround
TCK-101089,2025-04-22 06:07:00,Billing/Invoicing,Email,Pro,Agent_08,High,31.1,2.69,24,False,False,4,Resolved
TCK-100318,2025-04-22 12:09:00,Data Export/Import,Phone,Pro,Agent_02,Medium,1.0,39.88,72,False,False,4,Resolved
TCK-100959,2025-04-22 13:00:00,Bug/Error,Email,Basic,Agent_07,Medium,100.4,1.69,72,False,False,4,Resolved
TCK-101804,2025-04-22 15:10:00,Bug/Error,Email,Free,Agent_10,Low,15.3,14.86,120,False,True,2,Unresolved - Pending Engineering
TCK-102701,2025-04-22 18:23:00,Data Export/Import,Chat,Free,Agent_12,Medium,1.0,1.32,72,False,False,5,Resolved
TCK-100311,2025-04-22 23:25:00,Integration/API,Chat,Free,Agent_01,Low,21.0,16.59,120,False,True,3,Unresolved - Pending Engineering
TCK-103624,2025-04-23 00:00:00,Login/Authentication,Chat,Enterprise,Agent_05,Medium,1.0,0.2,72,False,False,5,Resolved
TCK-100737,2025-04-23 00:14:00,Performance/Slowness,Chat,Pro,Agent_04,Low,5.8,1.79,120,False,False,5,Resolved
TCK-100072,2025-04-23 00:17:00,Bug/Error,Email,Free,Agent_02,Medium,36.6,15.82,72,False,False,2,Resolved
TCK-101715,2025-04-23 00:55:00,Bug/Error,Portal,Free,Agent_12,High,27.0,4.3,24,False,False,5,Resolved
TCK-101346,2025-04-23 01:29:00,Login/Authentication,Email,Pro,Agent_07,High,19.5,4.03,24,False,False,4,Resolved - Workaround
TCK-101389,2025-04-23 03:04:00,Billing/Invoicing,Chat,Free,Agent_07,Low,4.1,68.07,120,False,False,5,Resolved
TCK-101653,2025-04-23 03:20:00,Billing/Invoicing,Email,Pro,Agent_08,Medium,6.0,7.44,72,False,False,4,Resolved - Workaround
TCK-101094,2025-04-23 05:16:00,Data Export/Import,Portal,Pro,Agent_06,Low,2.2,14.11,120,False,True,4,Resolved - Escalated
TCK-102653,2025-04-23 07:15:00,Data Export/Import,Phone,Pro,Agent_01,Medium,4.1,0.21,72,False,False,5,Resolved - Workaround
TCK-103023,2025-04-23 08:02:00,Integration/API,Chat,Basic,Agent_08,Critical,5.0,2.99,4,False,False,4,Resolved
TCK-103316,2025-04-23 09:43:00,Bug/Error,Chat,Pro,Agent_06,Medium,12.0,14.62,72,False,False,4,Resolved
TCK-101733,2025-04-23 12:30:00,Billing/Invoicing,Chat,Pro,Agent_02,Medium,18.8,0.37,72,False,False,4,Resolved
TCK-100838,2025-04-23 15:08:00,Feature Request,Chat,Free,Agent_06,Medium,1.0,12.69,72,False,False,5,Resolved
TCK-103042,2025-04-23 21:09:00,Performance/Slowness,Phone,Free,Agent_05,Low,3.7,3.84,120,False,True,2,Resolved - Escalated
TCK-102180,2025-04-23 21:16:00,Login/Authentication,Chat,Pro,Agent_03,High,4.0,0.58,24,False,False,4,Resolved
TCK-103280,2025-04-23 22:42:00,Data Export/Import,Chat,Free,Agent_09,Low,6.8,6.0,120,False,False,4,Resolved - Workaround
TCK-103994,2025-04-24 00:00:00,Billing/Invoicing,Portal,Basic,Agent_09,Low,21.7,11.22,120,False,False,4,Resolved - Workaround
TCK-101654,2025-04-24 02:14:00,Login/Authentication,Chat,Basic,Agent_10,Critical,3.2,0.28,4,False,False,4,Resolved
TCK-101787,2025-04-24 05:03:00,Data Export/Import,Phone,Basic,Agent_07,Low,1.0,7.03,120,False,False,4,Resolved
TCK-100750,2025-04-24 05:27:00,Data Export/Import,Phone,Free,Agent_12,Medium,1.0,18.04,72,False,False,4,Resolved
TCK-101059,2025-04-24 08:47:00,Login/Authentication,Email,Basic,Agent_02,Medium,65.3,0.3,72,False,False,5,Resolved
TCK-100301,2025-04-24 12:24:00,Bug/Error,Phone,Pro,Agent_11,Critical,1.0,4.15,4,True,True,2,Resolved - Escalated
TCK-101568,2025-04-24 13:27:00,Bug/Error,Chat,Basic,Agent_04,Medium,9.2,8.34,72,False,False,5,Resolved
TCK-101907,2025-04-24 13:29:00,Account Setup,Phone,Pro,Agent_02,Low,1.4,0.25,120,False,False,5,Resolved
TCK-103230,2025-04-24 18:18:00,Bug/Error,Phone,Basic,Agent_01,High,1.7,5.32,24,False,False,5,Resolved
TCK-101135,2025-04-24 23:23:00,Integration/API,Chat,Pro,Agent_05,Low,1.3,21.62,120,False,False,4,Resolved - Workaround
TCK-101288,2025-04-24 23:43:00,Integration/API,Phone,Enterprise,Agent_01,Low,1.0,36.8,120,False,False,4,Resolved
TCK-103784,2025-04-25 00:00:00,Integration/API,Portal,Free,Agent_08,Low,77.6,15.71,120,False,False,5,Resolved - Workaround
TCK-103529,2025-04-25 00:00:00,Bug/Error,Phone,Free,Agent_11,Medium,3.0,5.67,72,False,False,4,Resolved - Workaround
TCK-103997,2025-04-25 00:00:00,Bug/Error,Chat,Basic,Agent_07,High,1.0,3.2,24,False,False,5,Resolved
TCK-100031,2025-04-25 00:04:00,Performance/Slowness,Portal,Pro,Agent_03,Medium,62.2,23.39,72,False,False,4,Resolved
TCK-101518,2025-04-25 02:16:00,Bug/Error,Email,Free,Agent_03,Low,59.2,22.96,120,False,True,3,Resolved - Escalated
TCK-102785,2025-04-25 03:12:00,Login/Authentication,Email,Free,Agent_02,High,45.8,6.92,24,False,False,4,Resolved - Workaround
TCK-102480,2025-04-25 03:21:00,Performance/Slowness,Portal,Basic,Agent_09,Critical,49.2,0.43,4,False,False,5,Resolved
TCK-100391,2025-04-25 08:15:00,Feature Request,Chat,Enterprise,Agent_02,Medium,5.9,5.13,72,False,False,4,Resolved
TCK-102014,2025-04-25 08:32:00,Login/Authentication,Email,Pro,Agent_02,Medium,19.1,0.49,72,False,True,2,Resolved - Escalated
TCK-100415,2025-04-25 08:56:00,Bug/Error,Email,Pro,Agent_07,High,18.6,7.82,24,False,True,3,Unresolved - Pending Engineering
TCK-102644,2025-04-25 14:50:00,Account Setup,Phone,Free,Agent_09,Medium,1.0,1.73,72,False,False,5,Resolved
TCK-100935,2025-04-25 17:49:00,Performance/Slowness,Email,Free,Agent_04,High,6.6,5.37,24,False,True,2,Resolved - Escalated
TCK-103353,2025-04-25 23:42:00,Bug/Error,Portal,Free,Agent_08,High,120.6,2.65,24,False,True,3,Resolved - Escalated
TCK-103211,2025-04-26 00:28:00,Integration/API,Email,Pro,Agent_01,Low,149.8,30.55,120,False,False,3,Resolved - Workaround
TCK-102056,2025-04-27 02:40:00,Account Setup,Email,Basic,Agent_09,Medium,107.8,1.2,72,False,False,4,Resolved
TCK-101151,2025-04-27 07:49:00,Account Setup,Phone,Pro,Agent_09,Low,1.0,0.44,120,False,False,5,Resolved
TCK-100699,2025-04-27 08:55:00,Login/Authentication,Chat,Enterprise,Agent_12,High,9.2,17.54,24,False,False,4,Resolved - Workaround
TCK-103044,2025-04-27 12:20:00,Account Setup,Chat,Pro,Agent_01,High,10.3,0.37,24,False,False,4,Resolved
TCK-102325,2025-04-27 20:26:00,Bug/Error,Email,Pro,Agent_09,High,125.9,8.47,24,False,True,2,Resolved - Escalated
TCK-102255,2025-04-27 21:52:00,Bug/Error,Chat,Free,Agent_05,Medium,14.2,3.09,72,False,False,5,Resolved
TCK-103544,2025-04-28 00:00:00,Bug/Error,Email,Basic,Agent_02,Critical,16.9,5.15,4,True,True,2,Resolved - Escalated
TCK-103480,2025-04-28 00:00:00,Account Setup,Chat,Free,Agent_01,Medium,1.8,1.07,72,False,False,4,Resolved
TCK-103536,2025-04-28 00:00:00,Bug/Error,Phone,Pro,Agent_08,Medium,2.0,2.44,72,False,False,4,Resolved - Workaround
TCK-100067,2025-04-28 00:51:00,Login/Authentication,Email,Basic,Agent_10,Critical,25.5,2.96,4,False,False,4,Resolved
TCK-102027,2025-04-28 01:05:00,Feature Request,Email,Pro,Agent_10,Low,58.3,15.91,120,False,False,3,Resolved - Workaround
TCK-101803,2025-04-28 01:21:00,Data Export/Import,Email,Pro,Agent_10,High,32.5,14.74,24,False,False,4,Resolved - Workaround
TCK-100573,2025-04-28 06:55:00,Bug/Error,Email,Pro,Agent_07,High,2.5,5.42,24,False,False,4,Resolved
TCK-100642,2025-04-28 07:20:00,Billing/Invoicing,Chat,Pro,Agent_03,Critical,1.0,1.24,4,False,True,3,Resolved - Escalated
TCK-102890,2025-04-28 08:45:00,Feature Request,Chat,Basic,Agent_04,Low,1.7,4.14,120,False,True,3,Unresolved - Pending Engineering
TCK-101836,2025-04-28 08:45:00,Billing/Invoicing,Chat,Free,Agent_09,Medium,5.5,1.88,72,False,False,4,Resolved
TCK-103196,2025-04-28 09:39:00,Billing/Invoicing,Chat,Basic,Agent_10,Low,29.6,1.15,120,False,True,3,Resolved - Escalated
TCK-101287,2025-04-28 09:44:00,Login/Authentication,Email,Basic,Agent_10,Medium,90.1,3.87,72,False,False,5,Resolved
TCK-101857,2025-04-28 10:03:00,Bug/Error,Email,Pro,Agent_10,Medium,97.6,1.18,72,False,False,4,Resolved - Workaround
TCK-102400,2025-04-28 13:43:00,Performance/Slowness,Email,Free,Agent_05,Critical,26.5,1.08,4,False,False,4,Resolved - Workaround
TCK-100763,2025-04-28 14:41:00,Bug/Error,Email,Free,Agent_10,High,16.2,3.83,24,False,False,3,Resolved
TCK-100210,2025-04-28 16:27:00,Bug/Error,Email,Pro,Agent_12,Medium,10.4,11.06,72,False,False,4,Resolved - Workaround
TCK-102867,2025-04-28 19:10:00,Billing/Invoicing,Chat,Basic,Agent_07,High,1.1,0.46,24,False,False,4,Resolved
TCK-100350,2025-04-28 22:39:00,Login/Authentication,Phone,Basic,Agent_01,High,1.3,6.72,24,False,False,4,Resolved
TCK-103565,2025-04-29 00:00:00,Feature Request,Chat,Enterprise,Agent_03,Medium,1.0,1.83,72,False,False,4,Resolved
TCK-103749,2025-04-29 00:00:00,Billing/Invoicing,Phone,Free,Agent_09,Medium,2.2,7.01,72,False,False,4,Resolved
TCK-102345,2025-04-29 01:53:00,Performance/Slowness,Chat,Basic,Agent_01,Critical,3.4,7.07,4,True,False,3,Resolved - Workaround
TCK-101333,2025-04-29 03:09:00,Billing/Invoicing,Chat,Free,Agent_06,High,5.1,1.35,24,False,False,4,Resolved
TCK-100088,2025-04-29 03:41:00,Billing/Invoicing,Phone,Pro,Agent_06,Low,2.4,0.11,120,False,False,4,Resolved
TCK-100455,2025-04-29 11:53:00,Performance/Slowness,Chat,Enterprise,Agent_07,Medium,2.4,28.56,72,False,False,4,Resolved
TCK-102397,2025-04-29 13:48:00,Bug/Error,Email,Free,Agent_02,High,32.0,1.4,24,False,True,3,Unresolved - Pending Engineering
TCK-101539,2025-04-29 13:49:00,Performance/Slowness,Chat,Basic,Agent_03,High,1.0,9.7,24,False,False,4,Resolved
TCK-100839,2025-04-29 23:02:00,Bug/Error,Chat,Free,Agent_11,High,6.3,3.83,24,False,True,4,Resolved - Escalated
TCK-101592,2025-04-29 23:35:00,Account Setup,Email,Basic,Agent_06,Medium,27.1,2.19,72,False,False,4,Resolved
TCK-101877,2025-04-29 23:40:00,Bug/Error,Chat,Pro,Agent_10,Medium,26.9,6.43,72,False,False,5,Resolved - Workaround
TCK-103383,2025-04-30 00:00:00,Integration/API,Portal,Free,Agent_10,Low,10.0,2.83,120,False,False,4,Resolved
TCK-103620,2025-04-30 00:00:00,Data Export/Import,Email,Pro,Agent_09,High,6.1,0.68,24,False,False,3,Resolved - Workaround
TCK-103187,2025-04-30 01:17:00,Data Export/Import,Chat,Basic,Agent_07,Low,6.2,2.95,120,False,False,4,Resolved
TCK-101123,2025-04-30 02:52:00,Integration/API,Email,Free,Agent_05,Low,19.6,30.42,120,False,False,4,Resolved
TCK-101082,2025-04-30 04:41:00,Login/Authentication,Phone,Pro,Agent_10,Medium,10.4,8.66,72,False,False,5,Resolved
TCK-100009,2025-04-30 10:26:00,Data Export/Import,Email,Pro,Agent_04,High,74.7,1.78,24,False,False,4,Resolved
TCK-102138,2025-04-30 12:39:00,Bug/Error,Email,Basic,Agent_09,High,16.3,6.12,24,False,False,4,Resolved
TCK-101202,2025-04-30 13:54:00,Login/Authentication,Chat,Pro,Agent_10,Medium,15.2,19.37,72,False,False,5,Resolved
TCK-101408,2025-04-30 16:44:00,Integration/API,Chat,Pro,Agent_05,High,5.6,1.87,24,False,False,3,Resolved
TCK-100635,2025-04-30 17:04:00,Bug/Error,Email,Basic,Agent_09,High,6.5,3.65,24,False,True,2,Unresolved - Pending Engineering
TCK-103896,2025-05-01 00:00:00,Login/Authentication,Portal,Pro,Agent_09,Low,56.7,4.65,120,False,False,5,Resolved
TCK-103675,2025-05-01 00:00:00,Bug/Error,Portal,Enterprise,Agent_12,Medium,8.3,1.98,72,False,True,3,Resolved - Escalated
TCK-103943,2025-05-01 00:00:00,Bug/Error,Chat,Pro,Agent_08,Medium,2.5,8.53,72,False,False,5,Resolved
TCK-103474,2025-05-01 00:00:00,Performance/Slowness,Chat,Enterprise,Agent_07,Critical,3.2,6.42,4,True,False,3,Resolved - Workaround
TCK-100321,2025-05-01 00:20:00,Performance/Slowness,Email,Basic,Agent_02,High,9.2,3.44,24,False,True,3,Resolved - Escalated
TCK-100084,2025-05-01 00:21:00,Data Export/Import,Email,Pro,Agent_02,Medium,63.5,0.53,72,False,False,4,Resolved - Workaround
TCK-102919,2025-05-01 02:18:00,Data Export/Import,Chat,Pro,Agent_11,Low,33.6,16.74,120,False,False,4,Resolved
TCK-101117,2025-05-01 04:56:00,Bug/Error,Chat,Basic,Agent_04,Critical,3.2,2.48,4,False,False,4,Resolved - Workaround
TCK-100872,2025-05-01 07:03:00,Performance/Slowness,Email,Basic,Agent_05,Medium,1.0,7.09,72,False,True,3,Resolved - Escalated
TCK-101837,2025-05-01 14:55:00,Bug/Error,Chat,Pro,Agent_06,High,1.0,4.66,24,False,False,4,Resolved
TCK-100291,2025-05-01 15:40:00,Data Export/Import,Email,Basic,Agent_07,High,54.0,7.88,24,False,False,4,Resolved
TCK-100245,2025-05-01 17:17:00,Login/Authentication,Email,Enterprise,Agent_01,High,85.3,0.61,24,False,False,4,Resolved - Workaround
TCK-102222,2025-05-01 18:19:00,Bug/Error,Email,Basic,Agent_03,High,11.7,12.79,24,False,False,4,Resolved
TCK-101951,2025-05-01 18:44:00,Billing/Invoicing,Email,Basic,Agent_05,Medium,12.2,1.59,72,False,False,4,Resolved
TCK-102830,2025-05-01 18:46:00,Performance/Slowness,Email,Free,Agent_10,Critical,6.0,5.3,4,True,False,4,Resolved
TCK-101183,2025-05-01 22:44:00,Bug/Error,Email,Pro,Agent_08,Low,20.4,3.43,120,False,False,4,Resolved
TCK-103683,2025-05-02 00:00:00,Performance/Slowness,Chat,Pro,Agent_10,Medium,11.1,62.97,72,False,False,4,Resolved - Workaround
TCK-103684,2025-05-02 00:00:00,Account Setup,Phone,Pro,Agent_04,Low,3.5,2.45,120,False,False,4,Resolved
TCK-103880,2025-05-02 00:00:00,Billing/Invoicing,Chat,Pro,Agent_12,Medium,1.0,0.61,72,False,False,5,Resolved
TCK-101990,2025-05-02 01:24:00,Login/Authentication,Phone,Free,Agent_01,Medium,4.3,1.75,72,False,False,4,Resolved
TCK-101802,2025-05-02 04:10:00,Data Export/Import,Phone,Basic,Agent_01,Medium,1.0,1.26,72,False,False,5,Resolved
TCK-100308,2025-05-02 06:27:00,Login/Authentication,Portal,Basic,Agent_10,High,54.8,0.14,24,False,False,5,Resolved
TCK-102309,2025-05-02 08:47:00,Integration/API,Chat,Free,Agent_03,Low,28.6,10.89,120,False,False,4,Resolved
TCK-100198,2025-05-02 08:50:00,Bug/Error,Chat,Enterprise,Agent_09,High,1.0,2.05,24,False,False,4,Resolved
TCK-101091,2025-05-02 09:44:00,Feature Request,Chat,Free,Agent_10,Low,2.0,3.26,120,False,True,3,Resolved - Escalated
TCK-102103,2025-05-02 12:27:00,Login/Authentication,Portal,Pro,Agent_04,Medium,32.9,0.59,72,False,False,4,Resolved
TCK-100965,2025-05-02 12:49:00,Login/Authentication,Portal,Pro,Agent_04,Critical,7.0,1.84,4,False,False,4,Resolved
TCK-101340,2025-05-02 16:05:00,Data Export/Import,Portal,Pro,Agent_07,Low,87.5,6.54,120,False,False,3,Resolved
TCK-100822,2025-05-02 19:08:00,Account Setup,Email,Basic,Agent_07,Medium,23.3,0.49,72,False,False,4,Resolved
TCK-101092,2025-05-02 19:33:00,Integration/API,Email,Pro,Agent_12,High,28.9,9.49,24,False,False,4,Resolved
TCK-102039,2025-05-02 20:12:00,Integration/API,Email,Free,Agent_07,High,12.3,12.31,24,False,False,5,Resolved
TCK-103207,2025-05-02 21:42:00,Login/Authentication,Phone,Pro,Agent_08,Medium,5.1,2.49,72,False,False,5,Resolved
TCK-100445,2025-05-03 02:39:00,Integration/API,Email,Free,Agent_10,Medium,75.8,8.18,72,False,False,4,Resolved
TCK-101814,2025-05-03 06:48:00,Login/Authentication,Phone,Free,Agent_12,Medium,1.1,2.46,72,False,False,4,Resolved
TCK-101904,2025-05-03 16:12:00,Feature Request,Chat,Free,Agent_08,High,9.4,1.42,24,False,False,5,Resolved
TCK-101987,2025-05-04 07:44:00,Integration/API,Phone,Basic,Agent_06,Medium,5.8,19.1,72,False,False,4,Resolved
TCK-100061,2025-05-04 19:20:00,Performance/Slowness,Chat,Free,Agent_09,Critical,1.0,0.23,4,False,False,5,Resolved
TCK-102725,2025-05-04 21:34:00,Bug/Error,Email,Free,Agent_10,High,83.8,1.85,24,False,True,3,Resolved - Escalated
TCK-101125,2025-05-04 23:19:00,Feature Request,Portal,Pro,Agent_05,Medium,78.6,11.64,72,False,False,5,Resolved
TCK-103895,2025-05-05 00:00:00,Data Export/Import,Email,Free,Agent_05,High,7.2,4.76,24,False,True,4,Resolved - Escalated
TCK-103706,2025-05-05 00:00:00,Login/Authentication,Email,Pro,Agent_05,Critical,1.0,4.07,4,True,False,2,Resolved
TCK-100277,2025-05-05 01:29:00,Performance/Slowness,Chat,Free,Agent_03,Medium,11.1,0.55,72,False,False,5,Resolved
TCK-102338,2025-05-05 02:31:00,Performance/Slowness,Email,Free,Agent_03,High,13.3,1.59,24,False,False,4,Resolved
TCK-102991,2025-05-05 04:03:00,Bug/Error,Phone,Pro,Agent_05,Critical,1.0,0.32,4,False,False,4,Resolved
TCK-101418,2025-05-05 06:50:00,Login/Authentication,Chat,Pro,Agent_11,High,1.0,0.1,24,False,False,3,Resolved
TCK-102771,2025-05-05 07:08:00,Bug/Error,Email,Free,Agent_03,Medium,20.9,9.87,72,False,False,4,Resolved
TCK-101778,2025-05-05 07:22:00,Data Export/Import,Portal,Pro,Agent_10,Medium,71.1,10.44,72,False,True,3,Resolved - Escalated
TCK-101676,2025-05-05 12:06:00,Billing/Invoicing,Phone,Free,Agent_03,Low,4.7,2.62,120,False,False,5,Resolved
TCK-102543,2025-05-05 13:01:00,Login/Authentication,Email,Free,Agent_01,Critical,20.2,0.1,4,False,False,4,Resolved
TCK-100185,2025-05-05 18:14:00,Billing/Invoicing,Email,Free,Agent_10,Medium,25.2,5.84,72,False,False,4,Resolved
TCK-101776,2025-05-05 22:39:00,Login/Authentication,Email,Pro,Agent_02,Critical,5.9,0.15,4,False,False,4,Resolved
TCK-100220,2025-05-05 23:16:00,Login/Authentication,Chat,Enterprise,Agent_04,Critical,1.0,1.71,4,False,False,5,Resolved
TCK-103584,2025-05-06 00:00:00,Bug/Error,Portal,Basic,Agent_10,Medium,17.1,50.11,72,False,False,4,Resolved
TCK-103824,2025-05-06 00:00:00,Login/Authentication,Email,Free,Agent_04,High,1.8,1.62,24,False,False,3,Resolved
TCK-103841,2025-05-06 00:00:00,Data Export/Import,Email,Pro,Agent_02,High,10.2,2.22,24,False,False,5,Resolved
TCK-102443,2025-05-06 02:20:00,Login/Authentication,Email,Free,Agent_02,High,21.8,0.54,24,False,False,4,Resolved - Workaround
TCK-101571,2025-05-06 04:04:00,Login/Authentication,Chat,Basic,Agent_12,Critical,1.7,0.1,4,False,True,3,Resolved - Escalated
TCK-101520,2025-05-06 05:18:00,Bug/Error,Chat,Pro,Agent_11,Critical,1.0,1.72,4,False,False,4,Resolved
TCK-102612,2025-05-06 06:17:00,Bug/Error,Email,Pro,Agent_09,High,1.0,2.45,24,False,True,2,Resolved - Escalated
TCK-100469,2025-05-06 06:45:00,Login/Authentication,Email,Pro,Agent_05,Low,4.4,2.02,120,False,False,5,Resolved
TCK-100268,2025-05-06 11:59:00,Billing/Invoicing,Chat,Basic,Agent_09,Low,14.3,3.39,120,False,False,4,Resolved
TCK-101876,2025-05-06 12:14:00,Billing/Invoicing,Chat,Pro,Agent_02,Medium,3.0,6.44,72,False,False,4,Resolved
TCK-100232,2025-05-06 15:41:00,Account Setup,Email,Enterprise,Agent_09,Critical,10.4,1.1,4,False,False,5,Resolved
TCK-101281,2025-05-06 15:55:00,Performance/Slowness,Portal,Pro,Agent_03,Critical,4.3,1.57,4,False,False,4,Resolved
TCK-101048,2025-05-06 17:47:00,Integration/API,Email,Basic,Agent_10,High,3.8,11.43,24,False,True,3,Resolved - Escalated
TCK-101744,2025-05-06 20:51:00,Bug/Error,Email,Pro,Agent_04,Low,107.6,21.07,120,False,False,3,Resolved
TCK-100880,2025-05-06 22:39:00,Login/Authentication,Chat,Pro,Agent_03,Medium,5.2,10.31,72,False,False,4,Resolved
TCK-103733,2025-05-07 00:00:00,Feature Request,Email,Basic,Agent_05,Medium,1.7,6.36,72,False,False,5,Resolved
TCK-100829,2025-05-07 01:43:00,Bug/Error,Email,Free,Agent_02,Medium,78.3,16.15,72,False,False,4,Resolved - Workaround
TCK-100379,2025-05-07 08:38:00,Performance/Slowness,Chat,Free,Agent_09,Medium,1.7,1.33,72,False,False,5,Resolved
TCK-100138,2025-05-07 12:15:00,Billing/Invoicing,Chat,Free,Agent_11,Medium,2.6,1.64,72,False,False,4,Resolved
TCK-102710,2025-05-07 13:31:00,Login/Authentication,Portal,Free,Agent_09,High,34.9,2.6,24,False,False,4,Resolved
TCK-102362,2025-05-07 17:09:00,Performance/Slowness,Chat,Pro,Agent_10,High,7.5,1.35,24,False,False,5,Resolved - Workaround
TCK-103424,2025-05-08 00:00:00,Bug/Error,Email,Free,Agent_02,High,38.1,1.53,24,False,False,4,Resolved
TCK-101693,2025-05-08 08:18:00,Bug/Error,Portal,Basic,Agent_07,Medium,14.4,2.11,72,False,False,5,Resolved
TCK-100293,2025-05-08 09:37:00,Integration/API,Phone,Pro,Agent_01,Medium,4.1,40.04,72,False,True,3,Unresolved - Pending Engineering
TCK-101465,2025-05-08 10:43:00,Billing/Invoicing,Chat,Basic,Agent_12,Low,1.0,0.2,120,False,False,3,Resolved
TCK-100244,2025-05-08 12:20:00,Integration/API,Email,Pro,Agent_07,Critical,4.1,7.65,4,True,True,2,Resolved - Escalated
TCK-100668,2025-05-08 14:31:00,Integration/API,Email,Pro,Agent_07,Medium,27.4,11.07,72,False,False,4,Resolved
TCK-102818,2025-05-08 15:38:00,Bug/Error,Email,Pro,Agent_07,Medium,18.4,6.26,72,False,False,4,Resolved
TCK-101001,2025-05-08 16:47:00,Login/Authentication,Portal,Free,Agent_12,Medium,4.8,59.98,72,False,False,4,Resolved
TCK-102784,2025-05-08 17:18:00,Login/Authentication,Chat,Basic,Agent_03,Medium,3.1,3.19,72,False,False,4,Resolved
TCK-101727,2025-05-08 17:55:00,Integration/API,Email,Basic,Agent_11,Low,124.5,7.96,120,False,True,3,Resolved - Escalated
TCK-102603,2025-05-08 19:04:00,Feature Request,Email,Free,Agent_11,Medium,25.5,31.46,72,False,False,4,Resolved
TCK-102979,2025-05-08 21:51:00,Integration/API,Portal,Free,Agent_05,Medium,39.9,4.91,72,False,False,4,Resolved
TCK-100791,2025-05-09 02:09:00,Login/Authentication,Chat,Basic,Agent_02,Medium,1.0,0.29,72,False,False,4,Resolved
TCK-100563,2025-05-09 03:40:00,Bug/Error,Chat,Free,Agent_05,Critical,1.0,4.62,4,True,False,3,Resolved
TCK-102048,2025-05-09 04:30:00,Login/Authentication,Email,Enterprise,Agent_11,High,6.9,0.46,24,False,True,2,Resolved - Escalated
TCK-102328,2025-05-09 07:06:00,Bug/Error,Chat,Basic,Agent_05,Medium,3.1,6.05,72,False,False,5,Resolved
TCK-100715,2025-05-09 09:49:00,Performance/Slowness,Phone,Basic,Agent_11,Medium,1.9,22.54,72,False,False,5,Resolved - Workaround
TCK-102896,2025-05-09 10:33:00,Billing/Invoicing,Phone,Free,Agent_09,Low,6.5,0.49,120,False,False,4,Resolved - Workaround
TCK-100997,2025-05-09 11:59:00,Bug/Error,Email,Basic,Agent_02,Critical,45.8,6.68,4,True,False,2,Resolved
TCK-100195,2025-05-09 14:25:00,Feature Request,Phone,Basic,Agent_05,Medium,4.0,59.61,72,False,False,5,Resolved
TCK-101783,2025-05-09 15:50:00,Login/Authentication,Chat,Basic,Agent_04,Critical,2.8,1.51,4,False,False,4,Resolved
TCK-101338,2025-05-09 16:00:00,Performance/Slowness,Phone,Basic,Agent_08,High,3.3,13.6,24,False,False,3,Resolved
TCK-102706,2025-05-09 17:45:00,Bug/Error,Chat,Basic,Agent_10,High,12.7,2.13,24,False,False,4,Resolved
TCK-100632,2025-05-09 18:43:00,Login/Authentication,Email,Free,Agent_04,Medium,43.4,11.36,72,False,False,5,Resolved
TCK-100372,2025-05-10 00:27:00,Login/Authentication,Portal,Basic,Agent_04,High,1.0,0.17,24,False,False,4,Resolved
TCK-100595,2025-05-10 01:56:00,Billing/Invoicing,Phone,Free,Agent_03,Low,5.3,8.88,120,False,False,4,Resolved
TCK-103345,2025-05-10 02:54:00,Data Export/Import,Chat,Pro,Agent_10,Medium,1.8,6.85,72,False,False,4,Resolved
TCK-101106,2025-05-10 03:03:00,Bug/Error,Portal,Enterprise,Agent_08,Low,85.8,8.94,120,False,True,2,Resolved - Escalated
TCK-100387,2025-05-10 05:47:00,Data Export/Import,Email,Enterprise,Agent_05,Critical,7.0,1.27,4,False,True,2,Resolved - Escalated
TCK-101126,2025-05-10 10:51:00,Login/Authentication,Email,Free,Agent_02,High,26.4,4.98,24,False,False,3,Resolved
TCK-101195,2025-05-11 02:36:00,Account Setup,Chat,Free,Agent_09,Low,5.5,0.42,120,False,False,4,Resolved
TCK-101174,2025-05-11 04:02:00,Bug/Error,Email,Basic,Agent_12,High,81.1,8.11,24,False,True,2,Resolved - Escalated
TCK-102171,2025-05-11 09:13:00,Billing/Invoicing,Email,Free,Agent_04,Low,10.3,7.77,120,False,False,5,Resolved
TCK-100174,2025-05-11 10:00:00,Bug/Error,Email,Enterprise,Agent_08,Medium,17.9,8.54,72,False,False,4,Resolved
TCK-100766,2025-05-11 19:09:00,Billing/Invoicing,Email,Pro,Agent_10,High,6.9,8.91,24,False,True,3,Unresolved - Pending Engineering
TCK-103223,2025-05-11 23:17:00,Performance/Slowness,Portal,Pro,Agent_03,Medium,251.0,40.88,72,False,False,5,Resolved - Workaround
TCK-102029,2025-05-12 00:12:00,Bug/Error,Email,Basic,Agent_12,Medium,68.5,18.61,72,False,False,4,Resolved
TCK-102125,2025-05-12 00:39:00,Login/Authentication,Email,Pro,Agent_05,Low,137.2,39.58,120,False,False,3,Resolved
TCK-102337,2025-05-12 05:13:00,Bug/Error,Email,Enterprise,Agent_11,High,4.6,1.56,24,False,False,4,Resolved
TCK-101732,2025-05-12 05:37:00,Login/Authentication,Email,Enterprise,Agent_07,High,7.8,2.9,24,False,False,5,Resolved - Workaround
TCK-101071,2025-05-12 10:06:00,Bug/Error,Email,Free,Agent_10,High,33.0,3.81,24,False,False,4,Resolved
TCK-102631,2025-05-12 13:29:00,Performance/Slowness,Chat,Basic,Agent_07,High,1.0,0.64,24,False,True,4,Resolved - Escalated
TCK-102229,2025-05-12 17:35:00,Data Export/Import,Chat,Basic,Agent_09,Medium,1.0,4.95,72,False,False,4,Resolved
TCK-101184,2025-05-12 18:25:00,Data Export/Import,Phone,Basic,Agent_01,Low,9.6,18.43,120,False,False,4,Resolved
TCK-103141,2025-05-12 19:39:00,Data Export/Import,Email,Basic,Agent_11,Medium,50.6,4.64,72,False,False,4,Resolved
TCK-100806,2025-05-12 19:51:00,Account Setup,Chat,Basic,Agent_10,Low,7.4,0.1,120,False,False,5,Resolved
TCK-103258,2025-05-12 20:51:00,Feature Request,Email,Basic,Agent_11,High,98.4,17.49,24,False,False,4,Resolved
TCK-101750,2025-05-12 20:55:00,Billing/Invoicing,Email,Free,Agent_08,Medium,20.5,4.39,72,False,False,5,Resolved - Workaround
TCK-101656,2025-05-12 23:05:00,Integration/API,Chat,Pro,Agent_11,High,1.0,22.17,24,False,False,3,Resolved
TCK-102126,2025-05-12 23:45:00,Data Export/Import,Portal,Basic,Agent_01,Critical,17.3,2.86,4,False,False,4,Resolved - Workaround
TCK-103641,2025-05-13 00:00:00,Bug/Error,Chat,Enterprise,Agent_08,High,2.5,10.27,24,False,False,3,Resolved
TCK-103599,2025-05-13 00:00:00,Feature Request,Portal,Enterprise,Agent_02,Medium,18.5,16.47,72,False,False,4,Resolved
TCK-103642,2025-05-13 00:00:00,Login/Authentication,Chat,Pro,Agent_10,High,1.0,2.99,24,False,False,5,Resolved
TCK-103625,2025-05-13 00:00:00,Integration/API,Phone,Pro,Agent_08,Medium,4.0,14.95,72,False,False,4,Resolved
TCK-101754,2025-05-13 00:23:00,Account Setup,Email,Pro,Agent_12,Medium,70.8,4.85,72,False,False,4,Resolved
TCK-102251,2025-05-13 00:40:00,Data Export/Import,Phone,Pro,Agent_02,High,3.3,0.37,24,False,False,4,Resolved
TCK-101494,2025-05-13 01:38:00,Performance/Slowness,Email,Pro,Agent_01,High,3.7,2.41,24,False,False,4,Resolved
TCK-103220,2025-05-13 02:55:00,Integration/API,Chat,Pro,Agent_05,High,2.0,10.91,24,False,False,5,Resolved
TCK-101785,2025-05-13 08:56:00,Bug/Error,Chat,Free,Agent_03,Low,11.4,3.61,120,False,True,3,Resolved - Escalated
TCK-101166,2025-05-13 09:32:00,Billing/Invoicing,Phone,Free,Agent_05,High,1.0,0.47,24,False,False,4,Resolved
TCK-101040,2025-05-13 13:09:00,Performance/Slowness,Chat,Basic,Agent_11,Critical,2.9,0.97,4,False,False,4,Resolved
TCK-100851,2025-05-13 14:34:00,Bug/Error,Portal,Free,Agent_10,Critical,48.9,2.85,4,False,False,5,Resolved
TCK-101242,2025-05-13 15:37:00,Login/Authentication,Portal,Pro,Agent_03,Critical,16.0,0.39,4,False,False,4,Resolved
TCK-101630,2025-05-13 17:15:00,Account Setup,Chat,Pro,Agent_02,Medium,13.2,1.96,72,False,True,3,Resolved - Escalated
TCK-102558,2025-05-13 21:05:00,Billing/Invoicing,Chat,Free,Agent_04,High,10.5,2.86,24,False,False,4,Resolved
TCK-103484,2025-05-14 00:00:00,Bug/Error,Email,Basic,Agent_07,High,11.5,8.15,24,False,False,3,Resolved
TCK-103626,2025-05-14 00:00:00,Integration/API,Chat,Basic,Agent_06,Medium,3.1,20.4,72,False,True,3,Resolved - Escalated
TCK-101188,2025-05-14 00:29:00,Bug/Error,Portal,Free,Agent_08,Medium,41.9,23.88,72,False,False,4,Resolved - Workaround
TCK-101394,2025-05-14 01:42:00,Integration/API,Chat,Pro,Agent_01,High,1.0,3.38,24,False,False,4,Resolved
TCK-102164,2025-05-14 03:40:00,Bug/Error,Portal,Enterprise,Agent_11,High,10.9,4.14,24,False,False,5,Resolved
TCK-100011,2025-05-14 04:13:00,Integration/API,Email,Basic,Agent_03,Critical,18.8,6.08,4,True,False,3,Resolved
TCK-101703,2025-05-14 05:45:00,Login/Authentication,Phone,Pro,Agent_11,High,1.0,5.88,24,False,True,3,Unresolved - Pending Engineering
TCK-101988,2025-05-14 15:07:00,Login/Authentication,Chat,Basic,Agent_07,Low,2.5,3.28,120,False,False,4,Resolved
TCK-101429,2025-05-14 18:13:00,Account Setup,Phone,Pro,Agent_01,Medium,1.0,0.15,72,False,False,4,Resolved
TCK-103173,2025-05-14 18:25:00,Login/Authentication,Chat,Enterprise,Agent_05,Medium,9.5,6.28,72,False,False,4,Resolved
TCK-103233,2025-05-14 20:56:00,Performance/Slowness,Email,Basic,Agent_07,Medium,5.4,3.51,72,False,False,4,Resolved
TCK-101226,2025-05-14 22:18:00,Bug/Error,Phone,Basic,Agent_06,High,1.8,21.86,24,False,False,4,Resolved - Workaround
TCK-103664,2025-05-15 00:00:00,Bug/Error,Phone,Pro,Agent_05,High,1.0,4.42,24,False,True,2,Resolved - Escalated
TCK-103499,2025-05-15 00:00:00,Login/Authentication,Email,Free,Agent_03,Medium,9.2,2.12,72,False,False,4,Resolved
TCK-100345,2025-05-15 01:17:00,Account Setup,Chat,Pro,Agent_08,Medium,5.8,2.64,72,False,False,3,Resolved
TCK-102845,2025-05-15 01:23:00,Login/Authentication,Email,Pro,Agent_04,High,13.5,0.5,24,False,False,4,Resolved
TCK-100497,2025-05-15 01:59:00,Billing/Invoicing,Portal,Basic,Agent_08,High,2.7,0.1,24,False,False,5,Resolved
TCK-100625,2025-05-15 02:29:00,Bug/Error,Email,Basic,Agent_12,Medium,10.0,21.77,72,False,False,4,Resolved
TCK-101294,2025-05-15 06:06:00,Bug/Error,Email,Enterprise,Agent_02,Critical,7.6,1.9,4,False,False,4,Resolved
TCK-101531,2025-05-15 10:02:00,Billing/Invoicing,Phone,Free,Agent_08,Low,1.4,1.1,120,False,False,5,Resolved - Workaround
TCK-102322,2025-05-15 13:01:00,Account Setup,Chat,Pro,Agent_01,Medium,1.0,1.1,72,False,False,4,Resolved
TCK-102469,2025-05-15 17:01:00,Login/Authentication,Email,Pro,Agent_01,Critical,5.4,0.8,4,False,False,3,Resolved
TCK-101130,2025-05-15 17:11:00,Feature Request,Email,Free,Agent_03,Low,11.9,35.45,120,False,False,3,Resolved
TCK-101885,2025-05-15 18:04:00,Billing/Invoicing,Portal,Basic,Agent_06,Low,92.6,1.26,120,False,False,4,Resolved
TCK-102793,2025-05-15 18:30:00,Performance/Slowness,Portal,Free,Agent_12,Low,22.3,0.95,120,False,True,3,Resolved - Escalated
TCK-101687,2025-05-15 20:12:00,Performance/Slowness,Phone,Free,Agent_05,Medium,1.8,6.52,72,False,True,3,Resolved - Escalated
TCK-102730,2025-05-15 22:24:00,Bug/Error,Chat,Pro,Agent_12,High,1.1,1.04,24,False,False,4,Resolved
TCK-102655,2025-05-15 23:41:00,Integration/API,Portal,Free,Agent_05,Medium,32.3,2.02,72,False,False,4,Resolved
TCK-103556,2025-05-16 00:00:00,Integration/API,Email,Pro,Agent_03,High,125.0,3.8,24,False,False,4,Resolved
TCK-102540,2025-05-16 00:00:00,Integration/API,Phone,Pro,Agent_12,Medium,2.3,7.76,72,False,False,3,Resolved
TCK-103561,2025-05-16 00:00:00,Performance/Slowness,Email,Enterprise,Agent_06,Critical,70.8,2.03,4,False,True,3,Resolved - Escalated
TCK-103945,2025-05-16 00:00:00,Billing/Invoicing,Email,Basic,Agent_02,Low,35.4,6.23,120,False,False,3,Resolved
TCK-103332,2025-05-16 02:57:00,Feature Request,Phone,Pro,Agent_12,High,1.0,1.4,24,False,False,4,Resolved
TCK-101634,2025-05-16 05:23:00,Performance/Slowness,Phone,Basic,Agent_12,Low,1.0,11.56,120,False,False,4,Resolved
TCK-100745,2025-05-16 05:34:00,Integration/API,Email,Basic,Agent_12,Medium,17.2,42.31,72,False,True,2,Resolved - Escalated
TCK-101246,2025-05-16 08:20:00,Account Setup,Portal,Basic,Agent_10,Critical,31.6,1.23,4,False,False,5,Resolved
TCK-102557,2025-05-16 12:50:00,Billing/Invoicing,Email,Free,Agent_05,Low,56.4,11.06,120,False,False,4,Resolved
TCK-101031,2025-05-16 14:09:00,Account Setup,Portal,Basic,Agent_11,High,1.0,0.82,24,False,False,4,Resolved
TCK-103098,2025-05-16 14:10:00,Account Setup,Chat,Free,Agent_05,High,5.3,1.87,24,False,True,3,Resolved - Escalated
TCK-102115,2025-05-16 14:19:00,Account Setup,Portal,Enterprise,Agent_01,Critical,16.8,2.69,4,False,False,4,Resolved
TCK-103078,2025-05-16 15:40:00,Login/Authentication,Phone,Basic,Agent_08,High,1.0,5.77,24,False,True,2,Resolved - Escalated
TCK-100370,2025-05-16 16:54:00,Integration/API,Chat,Basic,Agent_06,High,11.0,3.42,24,False,False,4,Resolved
TCK-101241,2025-05-16 17:14:00,Login/Authentication,Portal,Enterprise,Agent_04,High,29.0,3.11,24,False,True,3,Resolved - Escalated
TCK-101300,2025-05-17 00:14:00,Bug/Error,Chat,Free,Agent_02,Medium,1.3,11.59,72,False,False,4,Resolved
TCK-100697,2025-05-17 01:56:00,Login/Authentication,Phone,Enterprise,Agent_09,Critical,1.0,0.73,4,False,False,5,Resolved
TCK-101789,2025-05-17 02:08:00,Login/Authentication,Email,Basic,Agent_05,High,102.4,3.85,24,False,False,4,Resolved
TCK-101534,2025-05-17 05:56:00,Feature Request,Chat,Free,Agent_02,High,10.6,2.4,24,False,False,4,Resolved
TCK-101105,2025-05-17 13:01:00,Feature Request,Phone,Enterprise,Agent_06,Medium,1.0,15.73,72,False,False,4,Resolved
TCK-102088,2025-05-18 01:27:00,Feature Request,Email,Pro,Agent_07,Low,87.8,35.87,120,False,False,5,Resolved
TCK-102856,2025-05-18 02:18:00,Billing/Invoicing,Email,Free,Agent_03,Medium,16.7,11.4,72,False,False,4,Resolved
TCK-102165,2025-05-18 04:20:00,Bug/Error,Email,Free,Agent_12,High,2.9,3.21,24,False,False,3,Resolved
TCK-100601,2025-05-18 08:20:00,Integration/API,Email,Free,Agent_10,Low,6.0,5.94,120,False,False,5,Resolved
TCK-100848,2025-05-18 12:29:00,Data Export/Import,Email,Pro,Agent_06,High,24.7,0.91,24,False,False,3,Resolved
TCK-103264,2025-05-18 20:57:00,Login/Authentication,Chat,Pro,Agent_08,High,5.5,2.75,24,False,False,4,Resolved
TCK-102312,2025-05-18 23:13:00,Login/Authentication,Email,Basic,Agent_12,High,9.9,0.53,24,False,False,4,Resolved
TCK-103639,2025-05-19 00:00:00,Integration/API,Phone,Basic,Agent_05,Low,1.0,19.29,120,False,False,4,Resolved
TCK-103961,2025-05-19 00:00:00,Billing/Invoicing,Chat,Pro,Agent_04,Medium,5.3,3.22,72,False,False,4,Resolved
TCK-103597,2025-05-19 00:00:00,Bug/Error,Chat,Free,Agent_02,Medium,44.7,21.42,72,False,False,5,Resolved
TCK-103159,2025-05-19 00:16:00,Billing/Invoicing,Email,Free,Agent_05,Low,82.4,5.35,120,False,True,3,Resolved - Escalated
TCK-102851,2025-05-19 01:25:00,Data Export/Import,Portal,Basic,Agent_07,Critical,41.5,1.47,4,False,False,4,Resolved
TCK-101460,2025-05-19 01:49:00,Bug/Error,Chat,Free,Agent_12,Critical,1.0,4.35,4,True,False,3,Resolved
TCK-101873,2025-05-19 06:40:00,Login/Authentication,Chat,Pro,Agent_05,High,5.7,2.41,24,False,False,4,Resolved
TCK-102460,2025-05-19 09:49:00,Performance/Slowness,Portal,Free,Agent_05,Critical,34.2,0.97,4,False,False,4,Resolved
TCK-101573,2025-05-19 12:47:00,Login/Authentication,Email,Free,Agent_02,High,1.3,2.09,24,False,False,5,Resolved
TCK-101307,2025-05-19 16:16:00,Billing/Invoicing,Portal,Enterprise,Agent_04,Medium,48.8,1.68,72,False,False,4,Resolved - Workaround
TCK-100592,2025-05-19 19:25:00,Bug/Error,Phone,Basic,Agent_02,High,1.5,16.86,24,False,False,3,Resolved
TCK-103213,2025-05-19 21:37:00,Feature Request,Phone,Enterprise,Agent_11,Medium,1.6,22.32,72,False,False,4,Resolved
TCK-101743,2025-05-19 23:00:00,Billing/Invoicing,Chat,Basic,Agent_01,Low,31.0,12.96,120,False,False,4,Resolved
TCK-103528,2025-05-20 00:00:00,Feature Request,Chat,Free,Agent_04,Low,6.6,123.39,120,True,False,4,Resolved
TCK-103552,2025-05-20 00:00:00,Login/Authentication,Portal,Pro,Agent_06,Medium,84.7,4.07,72,False,True,3,Unresolved - Pending Engineering
TCK-103506,2025-05-20 00:00:00,Bug/Error,Email,Pro,Agent_02,Medium,20.3,1.24,72,False,False,5,Resolved
TCK-101353,2025-05-20 00:31:00,Billing/Invoicing,Email,Basic,Agent_10,High,24.1,6.3,24,False,False,4,Resolved
TCK-101810,2025-05-20 04:57:00,Integration/API,Email,Free,Agent_11,Medium,25.3,26.67,72,False,True,3,Resolved - Escalated
TCK-101811,2025-05-20 07:04:00,Integration/API,Chat,Free,Agent_02,Medium,2.8,13.33,72,False,False,3,Resolved
TCK-101674,2025-05-20 09:36:00,Bug/Error,Phone,Pro,Agent_03,Low,1.2,80.65,120,False,False,5,Resolved
TCK-103017,2025-05-20 14:16:00,Performance/Slowness,Phone,Basic,Agent_11,High,4.5,1.45,24,False,False,5,Resolved
TCK-101362,2025-05-20 15:59:00,Data Export/Import,Portal,Pro,Agent_06,Low,357.5,8.04,120,False,False,4,Resolved
TCK-102124,2025-05-20 18:39:00,Billing/Invoicing,Phone,Pro,Agent_07,Low,9.1,11.51,120,False,False,4,Resolved - Workaround
TCK-101046,2025-05-20 19:43:00,Bug/Error,Email,Pro,Agent_03,Medium,65.7,10.58,72,False,False,3,Resolved
TCK-103294,2025-05-20 23:25:00,Bug/Error,Email,Pro,Agent_08,Medium,2.9,4.07,72,False,True,2,Unresolved - Pending Engineering
TCK-103404,2025-05-21 00:00:00,Account Setup,Portal,Enterprise,Agent_05,Medium,8.9,2.47,72,False,False,5,Resolved
TCK-103771,2025-05-21 00:00:00,Bug/Error,Portal,Pro,Agent_05,Low,153.3,41.46,120,False,False,4,Resolved - Workaround
TCK-102110,2025-05-21 01:09:00,Feature Request,Portal,Basic,Agent_04,Low,164.1,15.73,120,False,False,4,Resolved
TCK-101543,2025-05-21 02:10:00,Login/Authentication,Phone,Pro,Agent_07,Medium,6.9,1.4,72,False,False,4,Resolved
TCK-101768,2025-05-21 06:37:00,Account Setup,Email,Free,Agent_10,Medium,40.5,1.35,72,False,False,5,Resolved
TCK-101967,2025-05-21 08:49:00,Bug/Error,Portal,Free,Agent_09,High,12.1,29.47,24,True,True,2,Resolved - Escalated
TCK-102064,2025-05-21 09:32:00,Feature Request,Email,Free,Agent_11,Low,344.5,270.86,120,True,False,3,Resolved
TCK-100634,2025-05-21 09:53:00,Account Setup,Phone,Free,Agent_10,Low,29.5,0.1,120,False,False,4,Resolved
TCK-100302,2025-05-21 10:45:00,Integration/API,Portal,Pro,Agent_10,Low,285.5,66.11,120,False,False,5,Resolved
TCK-102495,2025-05-21 13:12:00,Integration/API,Phone,Pro,Agent_02,Low,1.0,229.28,120,True,False,4,Resolved
TCK-100593,2025-05-21 14:10:00,Integration/API,Chat,Free,Agent_08,Medium,16.6,6.94,72,False,False,4,Resolved
TCK-102733,2025-05-21 15:50:00,Feature Request,Email,Free,Agent_08,High,9.3,1.4,24,False,False,4,Resolved
TCK-101553,2025-05-21 21:26:00,Bug/Error,Chat,Basic,Agent_07,Medium,22.1,4.88,72,False,False,5,Resolved
TCK-100037,2025-05-21 21:27:00,Bug/Error,Email,Pro,Agent_10,Critical,53.4,4.93,4,True,False,4,Resolved
TCK-100850,2025-05-21 23:27:00,Login/Authentication,Email,Enterprise,Agent_10,Medium,119.4,28.07,72,False,False,3,Resolved
TCK-103962,2025-05-22 00:00:00,Billing/Invoicing,Portal,Basic,Agent_03,Medium,132.4,2.27,72,False,False,4,Resolved
TCK-103908,2025-05-22 00:00:00,Billing/Invoicing,Chat,Basic,Agent_05,Low,26.1,8.17,120,False,False,4,Resolved
TCK-103855,2025-05-22 00:00:00,Bug/Error,Email,Pro,Agent_05,Critical,19.0,0.58,4,False,False,4,Resolved
TCK-103872,2025-05-22 00:00:00,Login/Authentication,Portal,Pro,Agent_07,Medium,112.4,2.05,72,False,False,4,Resolved
TCK-103797,2025-05-22 00:00:00,Performance/Slowness,Chat,Basic,Agent_12,High,2.7,3.08,24,False,False,5,Resolved
TCK-100675,2025-05-22 00:01:00,Billing/Invoicing,Phone,Pro,Agent_01,Critical,1.0,0.65,4,False,False,5,Resolved
TCK-101295,2025-05-22 01:14:00,Performance/Slowness,Email,Free,Agent_05,Medium,161.8,2.37,72,False,False,3,Resolved
TCK-102934,2025-05-22 03:40:00,Performance/Slowness,Email,Enterprise,Agent_11,Medium,32.5,1.34,72,False,False,3,Resolved
TCK-101423,2025-05-22 05:03:00,Login/Authentication,Phone,Basic,Agent_02,High,5.3,0.88,24,False,False,5,Resolved
TCK-102308,2025-05-22 05:56:00,Bug/Error,Chat,Free,Agent_08,High,1.4,1.02,24,False,True,3,Resolved - Escalated
TCK-101119,2025-05-22 07:23:00,Login/Authentication,Email,Enterprise,Agent_03,High,33.0,1.44,24,False,False,4,Resolved
TCK-101433,2025-05-22 08:39:00,Account Setup,Portal,Pro,Agent_04,Medium,121.8,0.22,72,False,False,4,Resolved
TCK-101991,2025-05-22 11:46:00,Account Setup,Portal,Basic,Agent_02,High,5.2,1.42,24,False,False,4,Resolved
TCK-102174,2025-05-22 12:24:00,Feature Request,Chat,Free,Agent_04,Low,1.0,242.75,120,True,False,4,Resolved
TCK-100328,2025-05-22 14:22:00,Data Export/Import,Email,Basic,Agent_05,Low,126.6,4.86,120,False,False,4,Resolved - Workaround
TCK-102295,2025-05-22 16:25:00,Bug/Error,Chat,Basic,Agent_09,Medium,3.5,2.4,72,False,False,4,Resolved
TCK-102379,2025-05-22 16:45:00,Account Setup,Email,Basic,Agent_06,Low,133.8,2.88,120,False,False,3,Resolved
TCK-101719,2025-05-22 16:58:00,Bug/Error,Chat,Pro,Agent_03,Medium,7.0,0.93,72,False,False,4,Resolved
TCK-100869,2025-05-22 18:28:00,Billing/Invoicing,Phone,Basic,Agent_11,Low,7.2,0.1,120,False,False,4,Resolved
TCK-102594,2025-05-22 19:53:00,Performance/Slowness,Chat,Basic,Agent_02,High,8.9,0.79,24,False,True,3,Resolved - Escalated
TCK-100015,2025-05-22 22:44:00,Bug/Error,Email,Free,Agent_12,Medium,19.4,0.34,72,False,False,4,Resolved
TCK-101660,2025-05-22 22:56:00,Login/Authentication,Email,Free,Agent_02,High,1.0,0.79,24,False,False,4,Resolved
TCK-102528,2025-05-22 23:28:00,Billing/Invoicing,Chat,Free,Agent_10,Low,27.8,3.62,120,False,False,4,Resolved
TCK-103425,2025-05-23 00:00:00,Login/Authentication,Email,Basic,Agent_12,Medium,67.0,3.83,72,False,False,2,Resolved
TCK-102315,2025-05-23 02:06:00,Billing/Invoicing,Chat,Free,Agent_03,Medium,1.0,1.3,72,False,False,3,Resolved
TCK-102522,2025-05-23 03:42:00,Account Setup,Phone,Basic,Agent_12,High,1.4,0.32,24,False,False,4,Resolved
TCK-101076,2025-05-23 04:21:00,Account Setup,Email,Basic,Agent_04,Low,64.9,4.59,120,False,False,5,Resolved
TCK-101528,2025-05-23 11:50:00,Account Setup,Portal,Free,Agent_03,Medium,7.6,12.27,72,False,False,5,Resolved
TCK-102931,2025-05-23 13:59:00,Integration/API,Chat,Free,Agent_08,Medium,1.7,11.14,72,False,False,3,Resolved
TCK-101424,2025-05-23 17:21:00,Login/Authentication,Chat,Basic,Agent_06,Critical,3.1,0.4,4,False,False,5,Resolved
TCK-101251,2025-05-23 18:56:00,Account Setup,Phone,Pro,Agent_05,Medium,3.2,0.88,72,False,False,3,Resolved
TCK-101312,2025-05-23 20:27:00,Billing/Invoicing,Chat,Enterprise,Agent_06,High,1.0,1.78,24,False,False,4,Resolved
TCK-100691,2025-05-23 21:54:00,Login/Authentication,Phone,Basic,Agent_08,Medium,1.7,4.14,72,False,False,4,Resolved - Workaround
TCK-102343,2025-05-24 00:31:00,Data Export/Import,Chat,Free,Agent_03,High,1.0,5.66,24,False,True,2,Resolved - Escalated
TCK-102986,2025-05-24 02:10:00,Billing/Invoicing,Chat,Basic,Agent_04,Low,1.0,23.77,120,False,False,5,Resolved - Workaround
TCK-100202,2025-05-24 02:32:00,Integration/API,Phone,Free,Agent_08,Critical,2.2,3.74,4,False,False,5,Resolved
TCK-100280,2025-05-24 04:08:00,Performance/Slowness,Portal,Pro,Agent_03,Medium,128.0,1.51,72,False,False,4,Resolved
TCK-103040,2025-05-24 13:12:00,Login/Authentication,Email,Free,Agent_09,Medium,3.2,2.21,72,False,False,4,Resolved
TCK-101704,2025-05-25 01:27:00,Login/Authentication,Email,Free,Agent_06,Low,67.0,2.29,120,False,False,3,Resolved
TCK-102813,2025-05-25 03:51:00,Billing/Invoicing,Email,Basic,Agent_01,Low,40.4,1.87,120,False,False,5,Resolved
TCK-102639,2025-05-25 09:00:00,Bug/Error,Portal,Free,Agent_01,Low,72.0,17.43,120,False,False,4,Resolved
TCK-100759,2025-05-25 18:37:00,Data Export/Import,Chat,Basic,Agent_04,Low,12.7,3.0,120,False,False,5,Resolved
TCK-100754,2025-05-25 22:40:00,Bug/Error,Email,Pro,Agent_10,Medium,49.3,1.41,72,False,False,5,Resolved - Workaround
TCK-103724,2025-05-26 00:00:00,Bug/Error,Email,Free,Agent_09,High,10.9,8.36,24,False,False,5,Resolved
TCK-103875,2025-05-26 00:00:00,Bug/Error,Portal,Basic,Agent_09,Medium,255.4,11.74,72,False,True,4,Resolved - Escalated
TCK-103984,2025-05-26 00:00:00,Feature Request,Phone,Basic,Agent_11,Medium,1.0,2.54,72,False,False,5,Resolved - Workaround
TCK-100788,2025-05-26 01:16:00,Login/Authentication,Phone,Basic,Agent_04,Medium,3.1,1.44,72,False,False,3,Resolved - Workaround
TCK-100647,2025-05-26 04:31:00,Data Export/Import,Portal,Free,Agent_10,High,53.0,1.08,24,False,False,5,Resolved - Workaround
TCK-100284,2025-05-26 06:55:00,Performance/Slowness,Email,Free,Agent_02,Low,33.7,3.1,120,False,True,4,Unresolved - Pending Engineering
TCK-100170,2025-05-26 07:31:00,Billing/Invoicing,Phone,Basic,Agent_06,High,1.1,0.62,24,False,False,5,Resolved
TCK-102858,2025-05-26 09:27:00,Data Export/Import,Email,Pro,Agent_04,Medium,70.5,2.63,72,False,False,4,Resolved
TCK-102801,2025-05-26 10:00:00,Account Setup,Email,Free,Agent_12,Medium,66.5,4.59,72,False,False,4,Resolved
TCK-102449,2025-05-26 10:47:00,Login/Authentication,Chat,Free,Agent_05,High,3.1,1.69,24,False,False,5,Resolved
TCK-103347,2025-05-26 10:54:00,Bug/Error,Chat,Enterprise,Agent_06,Medium,7.2,1.8,72,False,False,4,Resolved
TCK-103326,2025-05-26 13:40:00,Billing/Invoicing,Portal,Free,Agent_04,High,24.7,0.19,24,False,True,2,Resolved - Escalated
TCK-102092,2025-05-26 13:51:00,Feature Request,Portal,Basic,Agent_04,High,31.7,51.47,24,True,True,2,Resolved - Escalated
TCK-102923,2025-05-26 15:13:00,Bug/Error,Chat,Free,Agent_05,Critical,3.9,2.84,4,False,False,4,Resolved
TCK-101320,2025-05-26 17:40:00,Billing/Invoicing,Email,Basic,Agent_07,Low,51.9,29.02,120,False,False,4,Resolved
TCK-100631,2025-05-26 20:49:00,Bug/Error,Chat,Basic,Agent_03,High,2.6,6.35,24,False,False,5,Resolved
TCK-103377,2025-05-27 00:00:00,Login/Authentication,Email,Basic,Agent_10,High,6.6,6.6,24,False,False,4,Resolved
TCK-103832,2025-05-27 00:00:00,Bug/Error,Email,Pro,Agent_08,Low,121.8,5.07,120,False,True,3,Resolved - Escalated
TCK-102194,2025-05-27 04:13:00,Login/Authentication,Phone,Basic,Agent_08,Medium,2.8,2.58,72,False,False,4,Resolved
TCK-101039,2025-05-27 05:39:00,Integration/API,Email,Basic,Agent_12,Critical,1.0,4.5,4,True,False,4,Resolved
TCK-101239,2025-05-27 11:29:00,Billing/Invoicing,Portal,Free,Agent_04,Low,165.3,2.85,120,False,False,5,Resolved
TCK-100467,2025-05-27 13:13:00,Bug/Error,Email,Basic,Agent_05,Medium,20.8,1.62,72,False,False,5,Resolved
TCK-100436,2025-05-27 14:06:00,Login/Authentication,Email,Pro,Agent_01,High,34.2,4.4,24,False,False,4,Resolved
TCK-101716,2025-05-27 17:33:00,Bug/Error,Portal,Pro,Agent_11,Medium,13.3,4.58,72,False,False,4,Resolved
TCK-101414,2025-05-27 22:19:00,Integration/API,Email,Basic,Agent_08,Medium,38.7,10.1,72,False,False,5,Resolved - Workaround
TCK-103586,2025-05-28 00:00:00,Performance/Slowness,Email,Pro,Agent_05,Low,2.2,9.09,120,False,False,4,Resolved
TCK-103466,2025-05-28 00:00:00,Login/Authentication,Phone,Pro,Agent_07,High,2.2,2.77,24,False,False,5,Resolved
TCK-103778,2025-05-28 00:00:00,Login/Authentication,Chat,Basic,Agent_02,High,10.9,13.15,24,False,True,2,Resolved - Escalated
TCK-102864,2025-05-28 01:55:00,Integration/API,Email,Basic,Agent_11,Low,45.7,36.3,120,False,False,5,Resolved
TCK-101881,2025-05-28 02:27:00,Account Setup,Chat,Pro,Agent_12,High,2.8,1.05,24,False,False,5,Resolved
TCK-100059,2025-05-28 04:19:00,Billing/Invoicing,Email,Basic,Agent_07,Medium,61.7,10.65,72,False,False,5,Resolved
TCK-103130,2025-05-28 04:36:00,Data Export/Import,Chat,Free,Agent_02,Low,12.9,14.56,120,False,False,5,Resolved
TCK-101678,2025-05-28 10:32:00,Bug/Error,Chat,Free,Agent_06,Medium,7.9,108.54,72,True,False,4,Resolved
TCK-100861,2025-05-28 11:33:00,Billing/Invoicing,Chat,Basic,Agent_03,High,1.0,15.37,24,False,False,4,Resolved - Workaround
TCK-100777,2025-05-28 13:51:00,Bug/Error,Portal,Free,Agent_11,Medium,21.6,2.85,72,False,True,2,Unresolved - Pending Engineering
TCK-100258,2025-05-28 20:45:00,Bug/Error,Email,Free,Agent_10,Medium,4.2,3.22,72,False,False,4,Resolved
TCK-100868,2025-05-28 22:47:00,Data Export/Import,Phone,Free,Agent_05,Low,6.2,0.7,120,False,True,4,Resolved - Escalated
TCK-103885,2025-05-29 00:00:00,Billing/Invoicing,Email,Basic,Agent_07,Low,44.4,9.99,120,False,False,4,Resolved
TCK-103603,2025-05-29 00:00:00,Bug/Error,Email,Basic,Agent_07,High,16.1,6.22,24,False,False,5,Resolved
TCK-103510,2025-05-29 00:00:00,Account Setup,Portal,Basic,Agent_03,Medium,66.2,3.11,72,False,False,5,Resolved - Workaround
TCK-101095,2025-05-29 01:46:00,Bug/Error,Portal,Enterprise,Agent_03,Critical,11.5,1.27,4,False,True,2,Unresolved - Pending Engineering
TCK-103031,2025-05-29 04:28:00,Bug/Error,Chat,Free,Agent_08,Critical,1.0,2.73,4,False,False,4,Resolved
TCK-100927,2025-05-29 08:10:00,Bug/Error,Chat,Free,Agent_04,High,17.4,20.98,24,False,True,4,Unresolved - Pending Engineering
TCK-102094,2025-05-29 09:45:00,Account Setup,Chat,Basic,Agent_03,Low,11.1,1.77,120,False,False,5,Resolved
TCK-100460,2025-05-29 12:29:00,Bug/Error,Email,Free,Agent_11,Low,76.9,0.88,120,False,False,5,Resolved
TCK-100249,2025-05-29 18:25:00,Account Setup,Chat,Basic,Agent_10,Low,1.3,6.81,120,False,False,3,Resolved
TCK-101883,2025-05-29 19:21:00,Login/Authentication,Email,Free,Agent_01,Critical,5.6,0.99,4,False,False,4,Resolved
TCK-100097,2025-05-29 20:55:00,Bug/Error,Email,Basic,Agent_06,High,18.4,1.38,24,False,False,3,Resolved
TCK-100024,2025-05-29 21:06:00,Billing/Invoicing,Chat,Basic,Agent_04,Medium,4.0,9.46,72,False,False,3,Resolved
TCK-103916,2025-05-30 00:00:00,Login/Authentication,Phone,Enterprise,Agent_08,Medium,3.5,0.47,72,False,False,4,Resolved
TCK-103999,2025-05-30 00:00:00,Billing/Invoicing,Phone,Pro,Agent_08,Medium,2.0,8.33,72,False,False,5,Resolved
TCK-103381,2025-05-30 00:00:00,Login/Authentication,Phone,Free,Agent_04,High,1.0,0.27,24,False,False,4,Resolved - Workaround
TCK-101229,2025-05-30 01:55:00,Bug/Error,Chat,Pro,Agent_08,Medium,3.2,5.55,72,False,False,5,Resolved
TCK-100259,2025-05-30 03:31:00,Bug/Error,Chat,Pro,Agent_06,Low,18.9,6.84,120,False,False,4,Resolved - Workaround
TCK-100343,2025-05-30 03:33:00,Login/Authentication,Email,Pro,Agent_10,Critical,23.7,1.69,4,False,False,4,Resolved
TCK-101190,2025-05-30 05:29:00,Login/Authentication,Phone,Basic,Agent_04,High,8.1,5.65,24,False,True,3,Resolved - Escalated
TCK-101790,2025-05-30 06:22:00,Login/Authentication,Portal,Basic,Agent_01,Critical,1.0,1.83,4,False,False,4,Resolved
TCK-101607,2025-05-30 07:00:00,Integration/API,Portal,Free,Agent_06,Low,47.3,5.77,120,False,False,3,Resolved
TCK-103151,2025-05-30 07:16:00,Bug/Error,Chat,Pro,Agent_11,High,2.8,3.67,24,False,False,5,Resolved
TCK-100320,2025-05-30 08:03:00,Bug/Error,Portal,Basic,Agent_04,Low,10.3,9.47,120,False,False,4,Resolved
TCK-100044,2025-05-30 14:25:00,Performance/Slowness,Portal,Enterprise,Agent_03,Medium,37.8,1.97,72,False,False,5,Resolved
TCK-100587,2025-05-30 16:09:00,Billing/Invoicing,Chat,Basic,Agent_07,High,16.2,3.79,24,False,False,5,Resolved
TCK-101024,2025-05-30 17:58:00,Data Export/Import,Chat,Basic,Agent_05,Low,16.3,11.23,120,False,False,4,Resolved
TCK-101758,2025-05-30 21:13:00,Billing/Invoicing,Email,Pro,Agent_08,Low,145.1,6.51,120,False,False,4,Resolved
TCK-103143,2025-05-30 23:01:00,Performance/Slowness,Chat,Pro,Agent_03,High,1.5,2.05,24,False,False,3,Resolved
TCK-100941,2025-05-31 07:53:00,Data Export/Import,Portal,Free,Agent_01,Medium,16.3,3.15,72,False,False,5,Resolved
TCK-102618,2025-05-31 12:28:00,Login/Authentication,Chat,Free,Agent_02,High,19.6,2.73,24,False,False,4,Resolved
TCK-100627,2025-05-31 14:56:00,Performance/Slowness,Phone,Free,Agent_03,Critical,1.0,8.4,4,True,True,2,Resolved - Escalated
TCK-100532,2025-06-01 05:06:00,Bug/Error,Email,Basic,Agent_07,Medium,21.2,2.41,72,False,False,4,Resolved
TCK-102310,2025-06-01 06:05:00,Login/Authentication,Chat,Enterprise,Agent_01,High,2.7,2.42,24,False,False,5,Resolved
TCK-100392,2025-06-01 11:53:00,Login/Authentication,Chat,Pro,Agent_07,Medium,1.0,2.66,72,False,False,4,Resolved
TCK-100810,2025-06-01 12:13:00,Login/Authentication,Chat,Free,Agent_07,Medium,2.2,0.91,72,False,False,4,Resolved - Workaround
TCK-102722,2025-06-01 13:44:00,Performance/Slowness,Email,Pro,Agent_12,Medium,56.9,29.33,72,False,False,4,Resolved
TCK-102757,2025-06-01 15:04:00,Feature Request,Portal,Free,Agent_03,Low,103.0,38.4,120,False,False,5,Resolved
TCK-100453,2025-06-01 19:34:00,Performance/Slowness,Phone,Basic,Agent_11,Medium,4.0,4.81,72,False,False,5,Resolved
TCK-103702,2025-06-02 00:00:00,Data Export/Import,Portal,Free,Agent_05,Medium,99.6,8.83,72,False,False,4,Resolved
TCK-103845,2025-06-02 00:00:00,Integration/API,Email,Pro,Agent_01,Low,75.3,10.67,120,False,True,2,Resolved - Escalated
TCK-102250,2025-06-02 00:11:00,Account Setup,Email,Free,Agent_08,Medium,6.9,2.4,72,False,False,5,Resolved
TCK-100576,2025-06-02 01:53:00,Login/Authentication,Email,Pro,Agent_02,Medium,34.3,0.28,72,False,False,4,Resolved
TCK-100164,2025-06-02 03:15:00,Account Setup,Portal,Free,Agent_11,Medium,61.0,1.95,72,False,False,4,Resolved
TCK-101501,2025-06-02 03:15:00,Integration/API,Phone,Free,Agent_10,Low,12.4,50.74,120,False,False,4,Resolved
TCK-103102,2025-06-02 11:09:00,Performance/Slowness,Portal,Basic,Agent_11,High,45.1,5.42,24,False,False,4,Resolved
TCK-102450,2025-06-02 12:03:00,Login/Authentication,Chat,Free,Agent_03,High,5.4,0.71,24,False,True,3,Resolved - Escalated
TCK-100881,2025-06-02 12:21:00,Bug/Error,Chat,Pro,Agent_09,Medium,4.8,9.82,72,False,False,3,Resolved
TCK-102907,2025-06-02 12:55:00,Account Setup,Portal,Free,Agent_01,High,11.4,11.03,24,False,False,4,Resolved
TCK-101890,2025-06-02 13:41:00,Account Setup,Email,Free,Agent_12,Low,27.3,2.62,120,False,False,4,Resolved
TCK-102455,2025-06-02 14:53:00,Billing/Invoicing,Email,Pro,Agent_11,Low,24.3,9.28,120,False,False,3,Resolved
TCK-100364,2025-06-02 19:19:00,Billing/Invoicing,Email,Pro,Agent_12,Medium,121.1,1.86,72,False,False,4,Resolved
TCK-100636,2025-06-02 22:34:00,Bug/Error,Email,Basic,Agent_02,Medium,183.0,18.66,72,False,False,4,Resolved
TCK-101037,2025-06-03 01:53:00,Feature Request,Email,Free,Agent_04,High,16.2,14.55,24,False,False,4,Resolved
TCK-100865,2025-06-03 01:57:00,Login/Authentication,Email,Free,Agent_01,High,55.2,1.55,24,False,False,4,Resolved
TCK-101691,2025-06-03 04:38:00,Billing/Invoicing,Chat,Free,Agent_05,Low,17.7,16.41,120,False,False,5,Resolved - Workaround
TCK-102242,2025-06-03 08:10:00,Performance/Slowness,Email,Pro,Agent_01,Medium,9.7,74.34,72,True,False,3,Resolved
TCK-101044,2025-06-03 09:04:00,Bug/Error,Portal,Basic,Agent_02,High,25.7,1.27,24,False,False,5,Resolved
TCK-101018,2025-06-03 09:18:00,Login/Authentication,Chat,Free,Agent_08,Medium,10.3,0.31,72,False,False,5,Resolved
TCK-102548,2025-06-03 10:38:00,Performance/Slowness,Phone,Free,Agent_02,Medium,1.3,5.0,72,False,False,5,Resolved
TCK-101812,2025-06-03 13:47:00,Billing/Invoicing,Chat,Basic,Agent_09,Medium,15.6,6.2,72,False,False,4,Resolved
TCK-102365,2025-06-03 13:55:00,Login/Authentication,Email,Pro,Agent_11,Medium,2.8,1.52,72,False,False,5,Resolved
TCK-102005,2025-06-03 15:59:00,Billing/Invoicing,Chat,Pro,Agent_09,Medium,5.4,3.65,72,False,True,3,Resolved - Escalated
TCK-101302,2025-06-03 17:05:00,Integration/API,Chat,Free,Agent_12,Medium,13.3,1.91,72,False,False,4,Resolved
TCK-101390,2025-06-03 17:11:00,Bug/Error,Email,Pro,Agent_09,Medium,2.9,8.88,72,False,False,4,Resolved
TCK-100756,2025-06-03 22:18:00,Feature Request,Chat,Free,Agent_11,High,4.8,5.96,24,False,False,4,Resolved
TCK-102017,2025-06-03 22:55:00,Login/Authentication,Email,Basic,Agent_09,High,44.7,1.76,24,False,False,3,Resolved
TCK-103632,2025-06-04 00:00:00,Login/Authentication,Phone,Basic,Agent_10,Critical,1.0,1.02,4,False,True,2,Resolved - Escalated
TCK-103388,2025-06-04 00:00:00,Login/Authentication,Email,Pro,Agent_09,Critical,11.3,0.22,4,False,False,5,Resolved
TCK-103842,2025-06-04 00:00:00,Bug/Error,Email,Free,Agent_07,Medium,26.3,14.85,72,False,True,2,Resolved - Escalated
TCK-101952,2025-06-04 02:36:00,Bug/Error,Phone,Basic,Agent_03,Critical,1.7,2.02,4,False,True,4,Unresolved - Pending Engineering
TCK-101306,2025-06-04 02:36:00,Account Setup,Email,Free,Agent_11,Low,4.3,3.34,120,False,False,4,Resolved
TCK-100695,2025-06-04 04:21:00,Data Export/Import,Chat,Pro,Agent_12,Critical,4.2,0.64,4,False,False,5,Resolved
TCK-100515,2025-06-04 04:51:00,Bug/Error,Portal,Free,Agent_09,Medium,186.1,9.02,72,False,False,5,Resolved - Workaround
TCK-102429,2025-06-04 05:07:00,Login/Authentication,Chat,Free,Agent_05,Critical,1.0,0.93,4,False,False,5,Resolved
TCK-100100,2025-06-04 11:01:00,Login/Authentication,Portal,Pro,Agent_01,High,11.6,0.88,24,False,False,4,Resolved
TCK-100971,2025-06-04 15:59:00,Login/Authentication,Chat,Free,Agent_05,High,7.6,2.6,24,False,False,4,Resolved
TCK-100926,2025-06-04 16:00:00,Login/Authentication,Email,Pro,Agent_09,High,8.0,2.21,24,False,False,3,Resolved
TCK-103111,2025-06-04 20:26:00,Bug/Error,Chat,Pro,Agent_09,High,4.9,10.36,24,False,False,4,Resolved
TCK-101667,2025-06-04 23:45:00,Login/Authentication,Email,Free,Agent_09,Medium,32.4,4.2,72,False,False,3,Resolved
TCK-103543,2025-06-05 00:00:00,Billing/Invoicing,Phone,Free,Agent_10,High,4.0,0.67,24,False,True,3,Resolved - Escalated
TCK-101455,2025-06-05 01:21:00,Login/Authentication,Email,Basic,Agent_07,High,8.6,1.0,24,False,False,4,Resolved
TCK-103365,2025-06-05 04:32:00,Data Export/Import,Chat,Enterprise,Agent_09,High,7.0,3.43,24,False,False,3,Resolved
TCK-100545,2025-06-05 05:29:00,Login/Authentication,Chat,Free,Agent_05,Medium,7.3,4.37,72,False,False,4,Resolved
TCK-103179,2025-06-05 06:37:00,Integration/API,Portal,Basic,Agent_12,High,11.6,1.6,24,False,False,5,Resolved
TCK-100629,2025-06-05 07:57:00,Billing/Invoicing,Email,Free,Agent_07,Low,243.1,3.3,120,False,False,4,Resolved
TCK-100152,2025-06-05 08:08:00,Performance/Slowness,Portal,Enterprise,Agent_04,High,13.3,6.31,24,False,False,4,Resolved
TCK-101875,2025-06-05 10:22:00,Data Export/Import,Email,Free,Agent_08,High,25.4,5.08,24,False,False,4,Resolved - Workaround
TCK-100603,2025-06-05 13:32:00,Bug/Error,Email,Basic,Agent_03,High,3.8,6.47,24,False,True,3,Resolved - Escalated
TCK-100616,2025-06-05 18:23:00,Login/Authentication,Email,Pro,Agent_04,Critical,18.7,0.1,4,False,True,2,Resolved - Escalated
TCK-100798,2025-06-05 18:53:00,Billing/Invoicing,Phone,Basic,Agent_08,Low,2.4,3.29,120,False,False,3,Resolved - Workaround
TCK-101327,2025-06-05 19:18:00,Bug/Error,Chat,Basic,Agent_02,Medium,2.9,16.41,72,False,False,4,Resolved
TCK-102604,2025-06-05 22:22:00,Billing/Invoicing,Portal,Pro,Agent_11,Critical,19.8,0.22,4,False,False,5,Resolved
TCK-103440,2025-06-06 00:00:00,Performance/Slowness,Portal,Basic,Agent_06,High,15.6,31.15,24,True,False,3,Resolved
TCK-103886,2025-06-06 00:00:00,Login/Authentication,Chat,Enterprise,Agent_05,Critical,1.0,0.56,4,False,False,4,Resolved
TCK-101178,2025-06-06 02:02:00,Bug/Error,Portal,Free,Agent_01,High,14.5,5.65,24,False,True,2,Resolved - Escalated
TCK-102708,2025-06-06 02:58:00,Integration/API,Phone,Free,Agent_08,High,1.0,20.18,24,False,False,4,Resolved
TCK-101152,2025-06-06 04:55:00,Login/Authentication,Phone,Basic,Agent_03,High,1.6,1.81,24,False,False,4,Resolved
TCK-102787,2025-06-06 05:37:00,Feature Request,Email,Free,Agent_10,Low,22.5,10.14,120,False,False,2,Resolved
TCK-100337,2025-06-06 07:34:00,Billing/Invoicing,Phone,Pro,Agent_07,Low,1.9,6.59,120,False,False,5,Resolved
TCK-101492,2025-06-06 13:53:00,Data Export/Import,Portal,Basic,Agent_02,High,22.4,0.37,24,False,False,4,Resolved
TCK-101562,2025-06-06 14:41:00,Bug/Error,Phone,Pro,Agent_03,High,3.6,5.14,24,False,False,4,Resolved
TCK-100807,2025-06-06 15:05:00,Login/Authentication,Email,Enterprise,Agent_03,Medium,11.8,1.57,72,False,False,4,Resolved
TCK-103088,2025-06-06 15:18:00,Bug/Error,Chat,Pro,Agent_06,Medium,10.6,11.14,72,False,False,4,Resolved
TCK-102865,2025-06-06 19:32:00,Account Setup,Chat,Free,Agent_04,Low,16.8,1.38,120,False,False,4,Resolved
TCK-102185,2025-06-06 19:40:00,Integration/API,Chat,Basic,Agent_11,Low,4.3,17.47,120,False,True,4,Resolved - Escalated
TCK-101726,2025-06-06 22:05:00,Billing/Invoicing,Chat,Free,Agent_02,Medium,8.6,1.01,72,False,False,4,Resolved
TCK-100261,2025-06-06 22:57:00,Billing/Invoicing,Portal,Basic,Agent_08,Medium,76.3,0.91,72,False,True,2,Resolved - Escalated
TCK-103351,2025-06-07 03:42:00,Login/Authentication,Portal,Free,Agent_10,High,31.9,0.74,24,False,False,5,Resolved
TCK-103369,2025-06-07 13:51:00,Billing/Invoicing,Email,Free,Agent_10,High,15.2,5.05,24,False,False,4,Resolved
TCK-101286,2025-06-07 16:44:00,Bug/Error,Phone,Enterprise,Agent_11,High,1.0,12.26,24,False,False,5,Resolved
TCK-103019,2025-06-08 08:35:00,Integration/API,Chat,Enterprise,Agent_04,Low,10.1,3.85,120,False,False,4,Resolved
TCK-100416,2025-06-08 08:37:00,Bug/Error,Phone,Enterprise,Agent_11,Medium,4.6,10.86,72,False,False,5,Resolved
TCK-100728,2025-06-08 09:06:00,Performance/Slowness,Phone,Basic,Agent_01,Medium,1.8,6.39,72,False,False,4,Resolved
TCK-100709,2025-06-08 13:42:00,Feature Request,Email,Pro,Agent_12,Medium,7.7,31.06,72,False,False,5,Resolved
TCK-100209,2025-06-08 18:42:00,Account Setup,Email,Free,Agent_10,Low,49.5,2.74,120,False,False,4,Resolved
TCK-102502,2025-06-08 20:40:00,Bug/Error,Phone,Enterprise,Agent_05,High,1.0,1.99,24,False,False,5,Resolved - Workaround
TCK-103801,2025-06-09 00:00:00,Data Export/Import,Phone,Pro,Agent_02,Medium,1.5,1.66,72,False,False,3,Resolved
TCK-103399,2025-06-09 00:00:00,Account Setup,Email,Free,Agent_04,High,1.1,3.38,24,False,False,3,Resolved
TCK-101992,2025-06-09 04:34:00,Billing/Invoicing,Phone,Basic,Agent_01,Medium,9.7,6.68,72,False,False,5,Resolved
TCK-101403,2025-06-09 04:39:00,Bug/Error,Phone,Free,Agent_11,Low,6.9,45.04,120,False,False,5,Resolved - Workaround
TCK-100404,2025-06-09 04:56:00,Login/Authentication,Email,Free,Agent_09,Medium,21.7,4.07,72,False,False,3,Resolved
TCK-102426,2025-06-09 05:55:00,Billing/Invoicing,Email,Free,Agent_10,Low,252.2,2.21,120,False,False,5,Resolved
TCK-102188,2025-06-09 07:38:00,Performance/Slowness,Chat,Pro,Agent_12,High,5.4,3.75,24,False,True,2,Unresolved - Pending Engineering
TCK-102712,2025-06-09 09:55:00,Bug/Error,Phone,Pro,Agent_12,Medium,4.6,3.18,72,False,True,3,Resolved - Escalated
TCK-101099,2025-06-09 11:26:00,Bug/Error,Portal,Enterprise,Agent_09,Medium,12.5,3.96,72,False,False,5,Resolved
TCK-103221,2025-06-09 12:10:00,Performance/Slowness,Chat,Free,Agent_09,Medium,3.7,6.27,72,False,False,3,Resolved - Workaround
TCK-101932,2025-06-09 12:22:00,Performance/Slowness,Email,Enterprise,Agent_01,Medium,65.4,11.43,72,False,False,4,Resolved
TCK-103120,2025-06-09 14:37:00,Bug/Error,Chat,Pro,Agent_03,Critical,1.0,4.2,4,True,False,3,Resolved
TCK-103123,2025-06-09 15:38:00,Feature Request,Chat,Free,Agent_07,Low,12.3,104.34,120,False,False,4,Resolved
TCK-100238,2025-06-09 17:43:00,Feature Request,Portal,Free,Agent_12,Low,19.4,2.34,120,False,False,5,Resolved
TCK-100989,2025-06-09 19:41:00,Bug/Error,Email,Free,Agent_12,Low,20.0,28.4,120,False,False,4,Resolved - Workaround
TCK-100461,2025-06-09 20:20:00,Integration/API,Portal,Free,Agent_06,Low,78.3,9.74,120,False,True,3,Resolved - Escalated
TCK-102591,2025-06-09 21:59:00,Account Setup,Email,Free,Agent_01,High,23.1,3.63,24,False,False,4,Resolved
TCK-103164,2025-06-09 22:24:00,Bug/Error,Chat,Pro,Agent_12,High,4.9,7.48,24,False,True,2,Resolved - Escalated
TCK-102897,2025-06-09 23:15:00,Performance/Slowness,Chat,Pro,Agent_08,Medium,35.0,10.07,72,False,True,3,Resolved - Escalated
TCK-103964,2025-06-10 00:00:00,Login/Authentication,Email,Free,Agent_02,Critical,1.0,0.61,4,False,False,5,Resolved
TCK-103615,2025-06-10 00:00:00,Billing/Invoicing,Email,Basic,Agent_03,Medium,19.1,7.91,72,False,False,4,Resolved
TCK-103630,2025-06-10 00:00:00,Login/Authentication,Email,Free,Agent_06,Low,310.7,0.78,120,False,False,3,Resolved - Workaround
TCK-101946,2025-06-10 02:11:00,Performance/Slowness,Portal,Enterprise,Agent_03,Critical,2.7,6.64,4,True,True,3,Resolved - Escalated
TCK-100271,2025-06-10 02:20:00,Data Export/Import,Chat,Basic,Agent_12,Medium,17.6,9.16,72,False,False,4,Resolved
TCK-100914,2025-06-10 03:17:00,Login/Authentication,Email,Pro,Agent_09,Critical,2.8,0.7,4,False,False,3,Resolved
TCK-102900,2025-06-10 03:59:00,Integration/API,Chat,Basic,Agent_11,Medium,6.0,32.57,72,False,True,4,Resolved - Escalated
TCK-102843,2025-06-10 04:40:00,Login/Authentication,Portal,Enterprise,Agent_07,Medium,29.9,1.1,72,False,False,4,Resolved
TCK-100522,2025-06-10 07:37:00,Login/Authentication,Chat,Free,Agent_08,High,2.0,3.9,24,False,False,5,Resolved
TCK-102387,2025-06-10 08:37:00,Performance/Slowness,Portal,Free,Agent_10,Medium,10.3,0.3,72,False,False,5,Resolved
TCK-101627,2025-06-10 09:45:00,Integration/API,Email,Free,Agent_03,Low,2.7,2.2,120,False,False,5,Resolved
TCK-101522,2025-06-10 12:12:00,Login/Authentication,Portal,Free,Agent_10,High,20.8,1.74,24,False,False,4,Resolved
TCK-101150,2025-06-10 13:01:00,Data Export/Import,Chat,Pro,Agent_08,Medium,3.0,3.15,72,False,False,4,Resolved
TCK-102178,2025-06-10 19:36:00,Bug/Error,Phone,Basic,Agent_12,High,1.7,11.07,24,False,True,4,Resolved - Escalated
TCK-102593,2025-06-10 20:45:00,Login/Authentication,Portal,Basic,Agent_11,High,42.0,1.56,24,False,False,4,Resolved
TCK-102545,2025-06-10 21:05:00,Billing/Invoicing,Email,Basic,Agent_03,Low,81.7,4.25,120,False,False,3,Resolved
TCK-103871,2025-06-11 00:00:00,Feature Request,Email,Pro,Agent_05,High,33.7,11.41,24,False,True,4,Resolved - Escalated
TCK-103976,2025-06-11 00:00:00,Login/Authentication,Phone,Free,Agent_06,High,3.4,0.13,24,False,False,5,Resolved
TCK-103534,2025-06-11 00:00:00,Login/Authentication,Portal,Pro,Agent_12,Low,4.3,12.5,120,False,False,3,Resolved
TCK-103100,2025-06-11 10:35:00,Feature Request,Portal,Enterprise,Agent_07,Critical,5.8,3.71,4,False,False,5,Resolved
TCK-101256,2025-06-11 12:34:00,Bug/Error,Chat,Free,Agent_06,High,21.4,4.17,24,False,True,3,Unresolved - Pending Engineering
TCK-103209,2025-06-11 13:40:00,Performance/Slowness,Email,Basic,Agent_07,Medium,10.7,8.48,72,False,False,5,Resolved
TCK-101729,2025-06-11 13:53:00,Data Export/Import,Chat,Free,Agent_10,Medium,6.6,3.73,72,False,False,4,Resolved - Workaround
TCK-100438,2025-06-11 14:09:00,Account Setup,Chat,Basic,Agent_11,Medium,1.0,2.25,72,False,False,4,Resolved
TCK-100650,2025-06-11 17:53:00,Performance/Slowness,Chat,Basic,Agent_01,High,1.0,0.1,24,False,False,5,Resolved - Workaround
TCK-102463,2025-06-11 18:20:00,Login/Authentication,Chat,Basic,Agent_07,Low,32.6,1.95,120,False,False,3,Resolved
TCK-102532,2025-06-11 20:32:00,Integration/API,Email,Basic,Agent_08,Low,1.5,6.22,120,False,True,3,Resolved - Escalated
TCK-103355,2025-06-11 23:10:00,Login/Authentication,Chat,Basic,Agent_02,High,5.5,2.69,24,False,False,5,Resolved
TCK-103874,2025-06-12 00:00:00,Feature Request,Portal,Free,Agent_11,Medium,65.1,37.14,72,False,True,3,Resolved - Escalated
TCK-103598,2025-06-12 00:00:00,Integration/API,Email,Free,Agent_06,High,10.9,15.03,24,False,False,4,Resolved - Workaround
TCK-102654,2025-06-12 01:47:00,Login/Authentication,Email,Free,Agent_01,High,1.0,0.8,24,False,False,5,Resolved
TCK-101941,2025-06-12 02:20:00,Billing/Invoicing,Portal,Free,Agent_12,Medium,15.2,2.28,72,False,False,4,Resolved
TCK-100476,2025-06-12 04:45:00,Login/Authentication,Portal,Free,Agent_10,High,43.5,5.19,24,False,False,5,Resolved
TCK-102666,2025-06-12 07:31:00,Data Export/Import,Chat,Free,Agent_03,Medium,10.7,7.33,72,False,False,4,Resolved
TCK-100086,2025-06-12 08:15:00,Performance/Slowness,Email,Free,Agent_02,High,11.1,3.43,24,False,False,4,Resolved
TCK-103155,2025-06-12 17:12:00,Bug/Error,Portal,Free,Agent_06,Medium,107.2,25.38,72,False,False,5,Resolved
TCK-103227,2025-06-12 17:52:00,Performance/Slowness,Email,Free,Agent_12,Medium,99.9,40.26,72,False,False,3,Resolved
TCK-101263,2025-06-12 19:37:00,Performance/Slowness,Email,Enterprise,Agent_05,Medium,36.4,6.47,72,False,False,4,Resolved
TCK-101163,2025-06-12 20:00:00,Login/Authentication,Email,Free,Agent_04,High,54.7,4.9,24,False,False,3,Resolved
TCK-102268,2025-06-12 21:56:00,Feature Request,Chat,Free,Agent_06,High,1.0,7.05,24,False,False,4,Resolved
TCK-100934,2025-06-12 22:47:00,Bug/Error,Email,Pro,Agent_11,Medium,21.0,5.5,72,False,False,4,Resolved
TCK-103758,2025-06-13 00:00:00,Billing/Invoicing,Email,Enterprise,Agent_03,Low,93.0,0.51,120,False,False,4,Resolved
TCK-103950,2025-06-13 00:00:00,Billing/Invoicing,Chat,Free,Agent_01,Low,7.8,95.28,120,False,False,5,Resolved
TCK-103708,2025-06-13 00:00:00,Integration/API,Chat,Pro,Agent_01,Low,3.5,8.06,120,False,False,4,Resolved
TCK-103653,2025-06-13 00:00:00,Bug/Error,Portal,Basic,Agent_05,Low,26.7,10.17,120,False,True,2,Resolved - Escalated
TCK-103830,2025-06-13 00:00:00,Bug/Error,Chat,Enterprise,Agent_01,Medium,3.2,26.06,72,False,False,4,Resolved
TCK-103525,2025-06-13 00:00:00,Login/Authentication,Email,Free,Agent_01,Medium,120.6,2.08,72,False,False,4,Resolved
TCK-102441,2025-06-13 00:29:00,Bug/Error,Phone,Free,Agent_09,High,1.7,10.48,24,False,False,5,Resolved
TCK-100409,2025-06-13 00:44:00,Performance/Slowness,Portal,Free,Agent_02,High,78.6,1.07,24,False,False,5,Resolved
TCK-102589,2025-06-13 00:48:00,Bug/Error,Email,Basic,Agent_10,High,15.0,53.26,24,True,True,3,Resolved - Escalated
TCK-100381,2025-06-13 01:06:00,Feature Request,Chat,Pro,Agent_09,Medium,5.4,8.85,72,False,False,5,Resolved
TCK-102333,2025-06-13 02:01:00,Login/Authentication,Portal,Free,Agent_03,High,123.6,0.49,24,False,False,4,Resolved
TCK-101774,2025-06-13 03:46:00,Login/Authentication,Chat,Free,Agent_05,Medium,6.0,1.2,72,False,False,4,Resolved
TCK-102440,2025-06-13 05:04:00,Bug/Error,Email,Basic,Agent_04,Low,57.7,10.3,120,False,True,2,Resolved - Escalated
TCK-100740,2025-06-13 05:48:00,Integration/API,Chat,Free,Agent_01,Medium,7.5,8.26,72,False,True,2,Resolved - Escalated
TCK-100020,2025-06-13 05:59:00,Login/Authentication,Phone,Pro,Agent_01,Critical,1.0,0.28,4,False,True,3,Resolved - Escalated
TCK-103166,2025-06-13 06:07:00,Billing/Invoicing,Email,Enterprise,Agent_02,High,2.8,0.31,24,False,False,5,Resolved
TCK-100533,2025-06-13 07:01:00,Integration/API,Email,Pro,Agent_09,Low,171.7,22.93,120,False,True,3,Unresolved - Pending Engineering
TCK-103259,2025-06-13 07:12:00,Billing/Invoicing,Email,Pro,Agent_06,High,3.9,0.54,24,False,False,3,Resolved
TCK-103183,2025-06-13 10:17:00,Login/Authentication,Portal,Free,Agent_09,Critical,12.5,0.63,4,False,False,4,Resolved
TCK-102023,2025-06-13 14:57:00,Data Export/Import,Email,Basic,Agent_01,High,84.3,16.43,24,False,False,5,Resolved
TCK-100356,2025-06-13 16:26:00,Login/Authentication,Email,Free,Agent_05,High,58.7,4.73,24,False,False,5,Resolved
TCK-102013,2025-06-13 19:01:00,Bug/Error,Email,Pro,Agent_10,High,20.2,18.72,24,False,False,4,Resolved
TCK-101707,2025-06-13 21:35:00,Bug/Error,Email,Free,Agent_06,Medium,1.0,26.61,72,False,False,4,Resolved
TCK-102083,2025-06-13 23:44:00,Feature Request,Chat,Basic,Agent_01,High,1.0,13.67,24,False,False,4,Resolved
TCK-100218,2025-06-14 02:02:00,Login/Authentication,Portal,Enterprise,Agent_03,High,1.0,1.23,24,False,False,4,Resolved - Workaround
TCK-103368,2025-06-14 02:12:00,Billing/Invoicing,Portal,Basic,Agent_04,High,96.3,2.12,24,False,False,5,Resolved
TCK-103077,2025-06-14 03:30:00,Billing/Invoicing,Email,Free,Agent_08,Low,8.3,4.5,120,False,False,3,Resolved
TCK-100883,2025-06-14 17:02:00,Integration/API,Portal,Enterprise,Agent_01,Medium,39.2,10.65,72,False,False,4,Resolved - Workaround
TCK-100507,2025-06-14 17:14:00,Integration/API,Portal,Free,Agent_02,Medium,75.8,3.71,72,False,False,5,Resolved
TCK-101648,2025-06-15 14:46:00,Login/Authentication,Portal,Pro,Agent_05,Medium,46.2,2.4,72,False,False,5,Resolved
TCK-102108,2025-06-15 15:13:00,Integration/API,Phone,Free,Agent_02,High,1.1,0.38,24,False,True,4,Resolved - Escalated
TCK-102283,2025-06-15 15:19:00,Bug/Error,Email,Basic,Agent_11,High,32.3,0.47,24,False,False,4,Resolved
TCK-101718,2025-06-15 17:16:00,Login/Authentication,Chat,Basic,Agent_10,High,5.0,1.71,24,False,False,4,Resolved - Workaround
TCK-102368,2025-06-15 19:21:00,Bug/Error,Email,Free,Agent_08,Low,19.5,3.12,120,False,False,4,Resolved
TCK-103505,2025-06-16 00:00:00,Bug/Error,Phone,Basic,Agent_10,Critical,1.0,5.67,4,True,True,1,Unresolved - Pending Engineering
TCK-102918,2025-06-16 03:40:00,Billing/Invoicing,Phone,Pro,Agent_05,Low,2.0,52.04,120,False,False,4,Resolved
TCK-102192,2025-06-16 05:13:00,Login/Authentication,Portal,Pro,Agent_07,High,24.8,2.43,24,False,False,4,Resolved
TCK-102924,2025-06-16 07:51:00,Bug/Error,Chat,Free,Agent_05,Critical,1.7,5.45,4,True,False,3,Resolved
TCK-100609,2025-06-16 12:09:00,Login/Authentication,Email,Free,Agent_03,Medium,46.2,2.98,72,False,False,4,Resolved - Workaround
TCK-102112,2025-06-16 12:53:00,Bug/Error,Phone,Basic,Agent_12,Medium,4.3,13.12,72,False,False,5,Resolved
TCK-100002,2025-06-16 18:13:00,Account Setup,Portal,Free,Agent_08,Low,106.8,3.72,120,False,True,3,Resolved - Escalated
TCK-102636,2025-06-16 22:17:00,Billing/Invoicing,Phone,Pro,Agent_09,High,2.9,8.68,24,False,False,4,Resolved
TCK-100628,2025-06-16 22:42:00,Billing/Invoicing,Phone,Basic,Agent_03,High,1.7,1.29,24,False,False,4,Resolved
TCK-103470,2025-06-17 00:00:00,Billing/Invoicing,Chat,Free,Agent_05,Low,26.8,3.65,120,False,False,4,Resolved
TCK-103542,2025-06-17 00:00:00,Integration/API,Chat,Basic,Agent_09,Low,3.7,12.27,120,False,False,5,Resolved
TCK-103781,2025-06-17 00:00:00,Integration/API,Portal,Free,Agent_11,Low,29.4,14.68,120,False,False,4,Resolved
TCK-103998,2025-06-17 00:00:00,Login/Authentication,Email,Free,Agent_07,Critical,42.2,0.89,4,False,False,4,Resolved
TCK-103750,2025-06-17 00:00:00,Data Export/Import,Email,Free,Agent_12,Medium,49.5,8.36,72,False,False,4,Resolved
TCK-102037,2025-06-17 01:06:00,Integration/API,Email,Basic,Agent_02,Medium,4.8,74.92,72,True,True,1,Resolved - Escalated
TCK-101045,2025-06-17 07:52:00,Billing/Invoicing,Email,Free,Agent_01,Low,87.6,0.55,120,False,False,4,Resolved
TCK-100556,2025-06-17 12:12:00,Billing/Invoicing,Email,Basic,Agent_03,Medium,48.0,16.71,72,False,True,3,Resolved - Escalated
TCK-102883,2025-06-17 14:22:00,Data Export/Import,Chat,Free,Agent_03,Low,26.2,5.52,120,False,False,4,Resolved
TCK-101807,2025-06-17 15:28:00,Integration/API,Email,Basic,Agent_03,Medium,36.7,54.79,72,False,True,3,Resolved - Escalated
TCK-100353,2025-06-17 15:39:00,Billing/Invoicing,Phone,Pro,Agent_04,Medium,1.0,11.38,72,False,False,5,Resolved - Workaround
TCK-100005,2025-06-17 19:47:00,Integration/API,Chat,Basic,Agent_04,High,2.1,0.88,24,False,False,4,Resolved
TCK-100557,2025-06-17 21:37:00,Feature Request,Chat,Basic,Agent_09,Low,24.2,13.46,120,False,False,4,Resolved
TCK-103160,2025-06-17 21:45:00,Billing/Invoicing,Portal,Pro,Agent_07,Medium,216.4,2.26,72,False,False,5,Resolved
TCK-100910,2025-06-17 22:01:00,Billing/Invoicing,Portal,Basic,Agent_08,High,8.1,1.79,24,False,False,4,Resolved
TCK-103394,2025-06-18 00:00:00,Performance/Slowness,Email,Basic,Agent_06,Medium,59.5,22.66,72,False,True,2,Resolved - Escalated
TCK-103579,2025-06-18 00:00:00,Bug/Error,Chat,Pro,Agent_02,Medium,23.2,83.08,72,True,False,4,Resolved
TCK-102616,2025-06-18 02:10:00,Bug/Error,Phone,Free,Agent_12,Medium,1.0,2.14,72,False,False,4,Resolved
TCK-100344,2025-06-18 03:29:00,Data Export/Import,Chat,Enterprise,Agent_05,Medium,36.1,1.07,72,False,False,4,Resolved
TCK-102259,2025-06-18 04:21:00,Login/Authentication,Phone,Basic,Agent_10,Medium,10.5,0.75,72,False,False,5,Resolved
TCK-102445,2025-06-18 05:23:00,Bug/Error,Chat,Pro,Agent_03,Medium,19.9,6.85,72,False,False,4,Resolved
TCK-103270,2025-06-18 06:01:00,Performance/Slowness,Email,Basic,Agent_06,High,8.0,14.37,24,False,False,3,Resolved
TCK-100186,2025-06-18 07:31:00,Bug/Error,Email,Pro,Agent_06,High,4.8,7.97,24,False,False,5,Resolved
TCK-100678,2025-06-18 09:38:00,Billing/Invoicing,Chat,Pro,Agent_03,Low,2.0,0.29,120,False,False,4,Resolved
TCK-100885,2025-06-18 09:47:00,Bug/Error,Chat,Basic,Agent_03,Low,38.6,20.27,120,False,False,5,Resolved
TCK-100166,2025-06-18 11:14:00,Integration/API,Email,Free,Agent_09,Low,45.0,3.21,120,False,False,5,Resolved - Workaround
TCK-101871,2025-06-18 11:53:00,Data Export/Import,Email,Pro,Agent_06,Low,91.8,8.36,120,False,False,5,Resolved
TCK-103358,2025-06-18 12:31:00,Billing/Invoicing,Portal,Free,Agent_01,Low,151.9,1.86,120,False,False,5,Resolved
TCK-103128,2025-06-18 12:50:00,Performance/Slowness,Phone,Pro,Agent_03,High,3.5,17.71,24,False,True,3,Resolved - Escalated
TCK-100618,2025-06-18 13:25:00,Login/Authentication,Email,Enterprise,Agent_03,High,36.7,3.06,24,False,False,3,Resolved
TCK-100297,2025-06-18 14:59:00,Feature Request,Chat,Free,Agent_03,Low,13.7,9.88,120,False,False,3,Resolved
TCK-102798,2025-06-18 18:26:00,Bug/Error,Email,Free,Agent_08,Medium,60.2,3.34,72,False,True,3,Resolved - Escalated
TCK-102511,2025-06-18 22:45:00,Billing/Invoicing,Chat,Basic,Agent_12,Medium,8.6,4.69,72,False,False,4,Resolved - Workaround
TCK-101237,2025-06-18 23:16:00,Billing/Invoicing,Phone,Pro,Agent_11,Medium,1.0,2.05,72,False,False,4,Resolved
TCK-103389,2025-06-19 00:00:00,Bug/Error,Chat,Free,Agent_09,Medium,30.6,9.44,72,False,False,4,Resolved
TCK-103811,2025-06-19 00:00:00,Billing/Invoicing,Portal,Enterprise,Agent_12,Medium,105.4,2.28,72,False,False,4,Resolved
TCK-103385,2025-06-19 00:00:00,Integration/API,Phone,Pro,Agent_12,Medium,4.3,5.25,72,False,False,5,Resolved
TCK-103691,2025-06-19 00:00:00,Billing/Invoicing,Email,Basic,Agent_01,Low,189.8,23.32,120,False,True,2,Resolved - Escalated
TCK-103482,2025-06-19 00:00:00,Billing/Invoicing,Phone,Free,Agent_08,Low,11.1,2.25,120,False,False,4,Resolved
TCK-103142,2025-06-19 08:19:00,Billing/Invoicing,Email,Pro,Agent_06,Low,120.9,7.44,120,False,True,3,Resolved - Escalated
TCK-101207,2025-06-19 08:45:00,Login/Authentication,Email,Pro,Agent_07,High,64.6,0.84,24,False,False,4,Resolved
TCK-100484,2025-06-19 15:38:00,Billing/Invoicing,Email,Basic,Agent_02,Low,38.3,1.15,120,False,False,5,Resolved
TCK-100549,2025-06-19 19:50:00,Performance/Slowness,Email,Basic,Agent_11,Medium,41.1,1.41,72,False,False,5,Resolved - Workaround
TCK-100658,2025-06-19 22:25:00,Login/Authentication,Email,Basic,Agent_04,High,46.9,3.49,24,False,False,3,Resolved
TCK-103742,2025-06-20 00:00:00,Data Export/Import,Phone,Pro,Agent_09,High,2.7,11.03,24,False,False,4,Resolved
TCK-103867,2025-06-20 00:00:00,Data Export/Import,Chat,Pro,Agent_06,Medium,1.0,7.86,72,False,False,4,Resolved
TCK-103435,2025-06-20 00:00:00,Bug/Error,Email,Free,Agent_04,Medium,41.7,6.05,72,False,False,5,Resolved
TCK-103929,2025-06-20 00:00:00,Data Export/Import,Phone,Pro,Agent_05,Low,9.9,11.51,120,False,False,4,Resolved
TCK-103386,2025-06-20 00:00:00,Bug/Error,Email,Basic,Agent_05,Medium,22.2,14.92,72,False,False,4,Resolved
TCK-102848,2025-06-20 06:46:00,Data Export/Import,Chat,Free,Agent_04,Low,5.7,12.89,120,False,False,5,Resolved
TCK-102249,2025-06-20 08:08:00,Performance/Slowness,Portal,Free,Agent_03,Medium,64.0,32.48,72,False,False,3,Resolved
TCK-103189,2025-06-20 09:04:00,Bug/Error,Chat,Basic,Agent_06,High,1.8,8.49,24,False,True,3,Resolved - Escalated
TCK-100229,2025-06-20 09:07:00,Bug/Error,Email,Basic,Agent_10,Low,1.0,35.5,120,False,False,4,Resolved
TCK-102974,2025-06-20 10:15:00,Login/Authentication,Email,Basic,Agent_05,High,56.1,4.69,24,False,False,5,Resolved
TCK-103309,2025-06-20 10:33:00,Integration/API,Chat,Pro,Agent_06,Medium,6.0,4.46,72,False,False,4,Resolved
TCK-100385,2025-06-20 11:43:00,Account Setup,Portal,Free,Agent_03,High,23.4,0.23,24,False,False,5,Resolved
TCK-101495,2025-06-20 12:55:00,Integration/API,Email,Pro,Agent_12,Medium,102.0,40.78,72,False,False,4,Resolved
TCK-100446,2025-06-20 13:51:00,Account Setup,Email,Basic,Agent_09,Medium,19.9,2.99,72,False,False,5,Resolved
TCK-103056,2025-06-20 14:56:00,Performance/Slowness,Portal,Enterprise,Agent_09,Critical,26.8,43.42,4,True,True,2,Unresolved - Pending Engineering
TCK-101643,2025-06-21 02:04:00,Integration/API,Email,Basic,Agent_11,Low,134.8,52.82,120,False,False,5,Resolved
TCK-100666,2025-06-21 05:40:00,Feature Request,Chat,Basic,Agent_09,Low,4.2,17.95,120,False,False,4,Resolved
TCK-102173,2025-06-21 06:45:00,Login/Authentication,Email,Pro,Agent_07,Critical,14.4,0.24,4,False,False,5,Resolved - Workaround
TCK-102008,2025-06-21 09:20:00,Bug/Error,Phone,Enterprise,Agent_08,High,1.0,3.37,24,False,False,5,Resolved
TCK-100940,2025-06-21 15:56:00,Account Setup,Email,Free,Agent_07,Medium,21.6,2.15,72,False,False,4,Resolved - Workaround
TCK-102294,2025-06-22 11:06:00,Performance/Slowness,Chat,Free,Agent_09,Medium,4.0,22.13,72,False,True,4,Unresolved - Pending Engineering
TCK-102207,2025-06-22 14:21:00,Data Export/Import,Chat,Pro,Agent_08,Low,15.1,8.45,120,False,False,4,Resolved
TCK-102162,2025-06-22 15:19:00,Billing/Invoicing,Phone,Basic,Agent_03,Medium,1.0,0.64,72,False,False,5,Resolved
TCK-102870,2025-06-22 15:48:00,Performance/Slowness,Phone,Free,Agent_01,High,1.3,3.76,24,False,True,3,Resolved - Escalated
TCK-103171,2025-06-22 20:34:00,Login/Authentication,Email,Free,Agent_11,Critical,1.0,0.83,4,False,False,3,Resolved
TCK-100987,2025-06-22 22:02:00,Integration/API,Chat,Enterprise,Agent_09,Medium,12.2,14.6,72,False,True,3,Resolved - Escalated
TCK-103448,2025-06-23 00:00:00,Performance/Slowness,Chat,Basic,Agent_08,High,1.0,2.77,24,False,False,4,Resolved
TCK-103564,2025-06-23 00:00:00,Billing/Invoicing,Portal,Pro,Agent_03,Low,405.5,3.58,120,False,True,2,Unresolved - Pending Engineering
TCK-100071,2025-06-23 03:38:00,Login/Authentication,Email,Basic,Agent_08,High,8.4,0.84,24,False,False,4,Resolved - Workaround
TCK-102553,2025-06-23 05:51:00,Bug/Error,Portal,Basic,Agent_06,Critical,5.2,5.5,4,True,True,2,Resolved - Escalated
TCK-101540,2025-06-23 14:25:00,Login/Authentication,Phone,Pro,Agent_01,High,1.7,3.06,24,False,False,4,Resolved
TCK-101949,2025-06-23 15:30:00,Bug/Error,Email,Basic,Agent_10,Medium,38.1,2.61,72,False,False,4,Resolved - Workaround
TCK-101074,2025-06-23 18:19:00,Billing/Invoicing,Phone,Basic,Agent_10,High,1.0,1.85,24,False,False,4,Resolved
TCK-101020,2025-06-23 20:04:00,Login/Authentication,Phone,Enterprise,Agent_11,Medium,2.1,1.05,72,False,False,5,Resolved
TCK-101170,2025-06-23 21:35:00,Bug/Error,Chat,Enterprise,Agent_10,Medium,5.0,10.48,72,False,True,3,Resolved - Escalated
TCK-103621,2025-06-24 00:00:00,Login/Authentication,Chat,Free,Agent_10,Low,17.1,24.92,120,False,False,4,Resolved
TCK-101077,2025-06-24 01:48:00,Data Export/Import,Portal,Pro,Agent_12,High,12.6,3.25,24,False,False,4,Resolved
TCK-102428,2025-06-24 06:46:00,Bug/Error,Chat,Basic,Agent_11,Medium,1.0,2.75,72,False,False,5,Resolved
TCK-102305,2025-06-24 11:30:00,Bug/Error,Phone,Basic,Agent_06,Critical,1.0,7.87,4,True,True,3,Resolved - Escalated
TCK-100433,2025-06-24 12:26:00,Bug/Error,Email,Pro,Agent_11,Medium,14.2,4.17,72,False,False,4,Resolved
TCK-100932,2025-06-24 16:32:00,Billing/Invoicing,Email,Free,Agent_07,Medium,18.1,0.67,72,False,False,4,Resolved - Workaround
TCK-100843,2025-06-24 20:49:00,Data Export/Import,Portal,Basic,Agent_06,Low,19.4,17.26,120,False,False,4,Resolved
TCK-100985,2025-06-24 23:10:00,Performance/Slowness,Portal,Free,Agent_06,Low,236.1,10.03,120,False,True,3,Resolved - Escalated
TCK-103917,2025-06-25 00:00:00,Login/Authentication,Portal,Free,Agent_03,High,1.0,1.85,24,False,False,4,Resolved
TCK-103562,2025-06-25 00:00:00,Billing/Invoicing,Portal,Basic,Agent_01,High,33.2,6.23,24,False,False,5,Resolved
TCK-103759,2025-06-25 00:00:00,Performance/Slowness,Email,Basic,Agent_09,Medium,50.7,19.13,72,False,False,5,Resolved
TCK-103433,2025-06-25 00:00:00,Data Export/Import,Email,Free,Agent_01,Medium,3.9,11.21,72,False,False,5,Resolved - Workaround
TCK-102405,2025-06-25 00:41:00,Integration/API,Phone,Pro,Agent_08,Low,4.7,5.71,120,False,False,4,Resolved
TCK-101120,2025-06-25 06:16:00,Performance/Slowness,Email,Pro,Agent_12,Low,121.2,2.67,120,False,False,4,Resolved
TCK-100040,2025-06-25 06:43:00,Login/Authentication,Portal,Basic,Agent_07,Medium,98.5,0.99,72,False,False,4,Resolved
TCK-100520,2025-06-25 06:49:00,Performance/Slowness,Email,Basic,Agent_11,High,29.0,59.9,24,True,True,1,Resolved - Escalated
TCK-103136,2025-06-25 07:18:00,Bug/Error,Chat,Enterprise,Agent_11,High,1.5,11.24,24,False,False,4,Resolved
TCK-102332,2025-06-25 08:55:00,Integration/API,Phone,Pro,Agent_10,High,1.0,52.8,24,True,False,4,Resolved - Workaround
TCK-102627,2025-06-25 10:50:00,Login/Authentication,Email,Basic,Agent_11,Medium,59.1,1.83,72,False,False,4,Resolved
TCK-103039,2025-06-25 11:55:00,Billing/Invoicing,Email,Basic,Agent_07,Medium,16.3,2.64,72,False,False,3,Resolved - Workaround
TCK-100362,2025-06-25 19:42:00,Feature Request,Chat,Free,Agent_01,Medium,3.3,2.83,72,False,False,5,Resolved
TCK-102280,2025-06-25 23:30:00,Billing/Invoicing,Chat,Basic,Agent_10,Critical,1.0,0.6,4,False,False,4,Resolved
TCK-103392,2025-06-26 00:00:00,Login/Authentication,Portal,Basic,Agent_01,High,29.9,0.18,24,False,False,4,Resolved
TCK-103806,2025-06-26 00:00:00,Login/Authentication,Portal,Free,Agent_12,Medium,200.5,13.15,72,False,True,2,Resolved - Escalated
TCK-103337,2025-06-26 00:58:00,Performance/Slowness,Phone,Pro,Agent_02,Critical,1.0,5.84,4,True,False,4,Resolved - Workaround
TCK-101371,2025-06-26 02:08:00,Integration/API,Chat,Pro,Agent_04,Medium,20.6,4.37,72,False,False,5,Resolved
TCK-101224,2025-06-26 03:33:00,Performance/Slowness,Chat,Free,Agent_03,Low,70.3,16.12,120,False,False,4,Resolved - Workaround
TCK-100890,2025-06-26 03:34:00,Performance/Slowness,Chat,Free,Agent_06,High,15.8,3.12,24,False,False,4,Resolved
TCK-100711,2025-06-26 03:45:00,Account Setup,Phone,Free,Agent_01,High,1.0,0.29,24,False,False,5,Resolved
TCK-103165,2025-06-26 04:38:00,Bug/Error,Portal,Pro,Agent_04,High,114.5,2.04,24,False,False,5,Resolved
TCK-101882,2025-06-26 04:47:00,Billing/Invoicing,Email,Pro,Agent_01,Medium,18.0,7.03,72,False,False,4,Resolved - Workaround
TCK-102369,2025-06-26 05:56:00,Performance/Slowness,Chat,Enterprise,Agent_11,Medium,8.7,16.99,72,False,True,2,Resolved - Escalated
TCK-100172,2025-06-26 09:19:00,Performance/Slowness,Email,Free,Agent_08,Critical,19.2,3.31,4,False,False,3,Resolved
TCK-102993,2025-06-26 10:13:00,Integration/API,Portal,Basic,Agent_11,Low,81.5,68.42,120,False,False,4,Resolved - Workaround
TCK-100999,2025-06-26 10:58:00,Bug/Error,Chat,Free,Agent_01,Medium,2.8,6.42,72,False,True,3,Resolved - Escalated
TCK-100748,2025-06-26 16:56:00,Integration/API,Chat,Basic,Agent_01,Medium,5.2,13.29,72,False,False,5,Resolved
TCK-102661,2025-06-26 17:38:00,Login/Authentication,Chat,Pro,Agent_05,Medium,1.0,0.69,72,False,False,4,Resolved - Workaround
TCK-100729,2025-06-26 18:09:00,Login/Authentication,Email,Pro,Agent_12,Medium,19.7,2.18,72,False,False,3,Resolved
TCK-101690,2025-06-26 21:08:00,Bug/Error,Chat,Basic,Agent_03,High,1.0,4.26,24,False,False,5,Resolved
TCK-100092,2025-06-26 22:47:00,Billing/Invoicing,Phone,Enterprise,Agent_03,Low,1.0,6.15,120,False,False,4,Resolved
TCK-102909,2025-06-27 01:18:00,Integration/API,Phone,Free,Agent_11,Low,9.5,6.79,120,False,True,3,Unresolved - Pending Engineering
TCK-100539,2025-06-27 03:58:00,Performance/Slowness,Email,Free,Agent_01,High,1.0,4.59,24,False,False,5,Resolved - Workaround
TCK-102967,2025-06-27 10:29:00,Bug/Error,Email,Free,Agent_07,Medium,50.4,2.76,72,False,False,5,Resolved
TCK-103089,2025-06-27 11:56:00,Billing/Invoicing,Phone,Pro,Agent_10,Low,1.2,2.06,120,False,False,4,Resolved
TCK-100153,2025-06-27 12:35:00,Bug/Error,Email,Basic,Agent_04,High,32.3,0.66,24,False,False,3,Resolved
TCK-100794,2025-06-27 12:43:00,Login/Authentication,Chat,Basic,Agent_11,Critical,3.4,0.22,4,False,False,5,Resolved
TCK-101788,2025-06-27 13:16:00,Billing/Invoicing,Chat,Enterprise,Agent_11,Medium,5.1,9.23,72,False,False,4,Resolved
TCK-101453,2025-06-27 18:29:00,Performance/Slowness,Phone,Basic,Agent_06,Critical,1.0,7.04,4,True,True,1,Resolved - Escalated
TCK-103118,2025-06-27 20:00:00,Login/Authentication,Portal,Basic,Agent_11,High,34.1,0.64,24,False,False,5,Resolved
TCK-100076,2025-06-27 21:01:00,Bug/Error,Email,Enterprise,Agent_08,High,1.0,15.87,24,False,False,4,Resolved
TCK-101131,2025-06-27 21:54:00,Login/Authentication,Chat,Basic,Agent_03,High,3.6,2.03,24,False,False,4,Resolved
TCK-100127,2025-06-27 23:22:00,Login/Authentication,Chat,Basic,Agent_08,Medium,13.4,0.43,72,False,False,4,Resolved
TCK-100574,2025-06-28 02:48:00,Account Setup,Email,Pro,Agent_09,Medium,39.0,5.3,72,False,False,4,Resolved
TCK-100945,2025-06-28 04:05:00,Billing/Invoicing,Chat,Pro,Agent_05,Medium,1.0,2.95,72,False,False,5,Resolved
TCK-102253,2025-06-28 07:49:00,Integration/API,Phone,Pro,Agent_02,Medium,4.6,0.51,72,False,False,5,Resolved - Workaround
TCK-101438,2025-06-28 11:50:00,Performance/Slowness,Email,Basic,Agent_09,Medium,13.6,18.82,72,False,False,4,Resolved
TCK-101132,2025-06-29 00:30:00,Login/Authentication,Email,Free,Agent_02,High,25.3,2.12,24,False,False,4,Resolved
TCK-100856,2025-06-29 00:41:00,Billing/Invoicing,Chat,Basic,Agent_06,Medium,11.1,2.06,72,False,False,4,Resolved
TCK-100973,2025-06-29 03:56:00,Bug/Error,Email,Enterprise,Agent_09,Medium,19.1,1.22,72,False,False,3,Resolved
TCK-102151,2025-06-29 04:18:00,Integration/API,Email,Pro,Agent_02,Medium,26.2,18.91,72,False,False,5,Resolved
TCK-101748,2025-06-29 06:10:00,Bug/Error,Chat,Basic,Agent_12,High,1.1,5.59,24,False,True,3,Resolved - Escalated
TCK-103010,2025-06-29 06:35:00,Bug/Error,Chat,Enterprise,Agent_07,High,6.9,3.7,24,False,True,2,Resolved - Escalated
TCK-101480,2025-06-29 07:12:00,Bug/Error,Phone,Free,Agent_03,Medium,4.1,14.83,72,False,False,4,Resolved
TCK-103185,2025-06-29 09:50:00,Login/Authentication,Phone,Free,Agent_07,High,2.0,1.28,24,False,False,4,Resolved
TCK-100482,2025-06-29 20:54:00,Bug/Error,Chat,Pro,Agent_08,High,1.8,3.81,24,False,True,3,Resolved - Escalated
